연번,구분,시설유형,시설명,정원,소 재 지,전화번호
1,생활시설,지체,성촌의집,35,부평구 경인로 701번길 26 (십정동),032-422-0573
2,생활시설,지체,은광원,42,부평구 마분로 8(부개동),032-501-0105
3,생활시설,시각,인천광명원,50,부평구 경인로 769번길 27(십정동),032-514-1956
4,생활시설,청각,성동원,30,부평구 경인로 880(부평동),032-522-2984
5,생활시설,지적,예림원,57,부평구 동수로 87(부평동),032-525-6043
6,생활시설,지적,장봉혜림원,37,옹진군 북도면 장봉로 26번길 218,032-751-8051
7,생활시설,지적,우리들의집(실비),32,부평구 경인로 701번길 26 (십정동),032-433-7907
8,생활시설,중증,샬롬원,30,강화군 교동면 교동서로 412번길 184-94,032-933-2640
9,생활시설,중증,예닮,60,강화군 강화읍 갑룡길 206번길 66,032-934-0630
10,생활시설,중증,색동원,60,강화군 길상면 장촌길 31,032-362-9300
11,생활시설,중증,브솔시내,40,미추홀구 동산로 4(도화동),032-515-0066
12,생활시설,중증,미추홀 푸르내,15,미추홀구 석바위로107,032-427-8880
13,생활시설,중증,밝은마음,50,연수구 봉재산로 68(동춘동),032-817-2070
14,생활시설,중증,하늘채,30,남동구 장아산로 200번길 8(서창동),032-465-6640
15,생활시설,중증,예원,45,계양구 둑실안길 54(둑실동),032-544-5680
16,생활시설,지적,요한의집(실비),30,강화군 길상면 해란길 63-1,032-937-0860
17,생활시설,중증,장봉혜림요양원,51,옹진군 북도면 장봉로 26번길 218,032-751-8051
18,생활시설,중증,해피타운,40,옹진군 영흥면 영흥서로 277-36,032-465-1540
19,생활시설,영유아,동심원,50,연수구 봉재산로 68(동춘동),032-818-4737
20,개인운영,중증,희락원,29,중구 송학로 48(내동),032-777-4117
21,개인운영,지적,평화의집,12,연수구 경원대로 588번길 5(선학동),032-427-4145
22,개인운영,지적,쉴만한물가의집,10,부평구 원적로 421번길 9-12(산곡동),032-521-9595
23,단기시설,,이든단기보호센터,10,"중구 우현로67번길 27-13, 2F(내동)",032-762-3302
24,단기시설,,미추홀구단기보호센터,10,미추홀구 석정로 240번길(도화동),032-886-9031
25,단기시설,,연수허브단기보호센터,14,"연수구 선학로 14(선학동, 선학시영상가)",032-817-2092
26,단기시설,,해늘단기보호센터,11,"부평구 화랑북로 35-4(산곡동, 1층) ",032-506-6595
27,공동생활가정,,우리마을공동생활가정1,4,강화군 길상면해란길 63(온수리),032-937-9054
28,공동생활가정,,우리마을공동생활가정4,4,강화군 길상면 해란길 63(온수리),032-937-9036
29,공동생활가정,,릴리공동생활가정1,4,강화군 길상면 길상로 242-28(온수리),070-4915-9565
30,공동생활가정,,릴리공동생활가정2,4,강화군 길상면 길상로 242-28(온수리),032-937-8675
31,공동생활가정,,릴리공동생활가정3,4,강화군 길상면 길상로 242-28(온수리),032-937-8698
32,공동생활가정,,릴리공동생활가정4,4,강화군 길상면 길상로 242-28(온수리),032-937-9035
33,공동생활가정,,송림장애인공동생활가정,4,"동구 송림로 50, 2-406(송림동, 삼익A)",032-764-8051
34,공동생활가정,,기분좋은그룹홈1,4,"미추홀구 한나루로490번길 59, 201호(주안동)",070-8866-0419
35,공동생활가정,,기분좋은그룹홈3,4,"미추홀구 인하로 394번길18,201호(관교동)",032-818-2151
36,공동생활가정,,길벗그룹홈,4,미추홀구 남주길 125번길 64-14(주안동),032-864-0522
37,공동생활가정,,길벗숭의그룹홈,4,"미추홀구 장천로 88-1,612동 301호(숭의동)",070-8995-0813
38,공동생활가정,,예그리나공동생활가정1,4,"미추홀구 경인로 395, 4-403 (주안동, 현대A)",032-427-5245
39,공동생활가정,,인천밀알장애인공동생활가정1,4,"미추홀구 주안서로 41, 303호(주안동,태극아파트)",032-863-5854
40,공동생활가정,,인천밀알장애인공동생활가정2,4,"미추홀구 경원대로640번길 12-22, 201호(관교동)",032-421-4396
41,공동생활가정,,선학1공동생활가정,4,"연수구 청능말로14번길 10, 101호(청학동)",032-818-5810
42,공동생활가정,,선학2공동생활가정,4,"연수구 청능말로22번길 6, 101호(청학동)",032-818-5414
43,공동생활가정,,그룹홈안젤로2호,4,"연수구 청학로28번길 14,301호(청학동)",032-832-8325
44,공동생활가정,,연수장애인공동생활가정,4,"연수구 청능말로 8번길9,301호(청학동)",032-472-8148
45,공동생활가정,,청학장애인공동생활가정,4,"연수구 청능말로8번길 9, 101호(청학동)",032-575-5675
46,공동생활가정,,그룹홈안젤로1호,4,"남동구 남촌동로16번길 15-12, 2층(남촌동)",032-256-0122
47,공동생활가정,,기분좋은그룹홈2,4,"남동구 독곡로16번길 12-20, B-401(서창동, 필레오빌)",032-468-3447
48,공동생활가정,,예림공동생활가정1,4,"부평구 체육관로 111, 411-1505(삼산동, 삼산타운)",032-513-8518
49,공동생활가정,,예림공동생활가정2,4,"부평구 체육관로 111, 415-1406(삼산동, 삼산타운)",032-513-8518
50,공동생활가정,,예림공동생활가정3,4,"부평구 체육관로 111, 412-906(삼산동, 삼산타운)",032-513-8518
51,공동생활가정,,예림공동생활가정4,4,"부평구 체육관로 111, 406-201(삼산동, 삼산타운)",032-513-8518
52,공동생활가정,,예림공동생활가정5,4,"부평구 체육관로 111, 415-1109(삼산동, 삼산타운)",032-513-8518
53,공동생활가정,,섬나공동생활가정1,4,"계양구 황어로115번길 12, 11동 105호 (오류동, 신동아아파트)",032-555-0019
54,공동생활가정,,섬나공동생활가정2,4,"계양구 계양대로120번길 10, 1동 207호(작전동, 계산한양아파트)",032-555-4136
55,공동생활가정,,섬나공동생활가정3,4,"계양구 장기서로16번길 13 101-101(장기동, 신동아타운) ",032-555-4134
56,공동생활가정,,예그리나공동생활가정2호,4,서구 연희로28번길 17-1 301호(연희동),032-566-5988
57,공동생활가정,,마전장애인공동생활가정,4,"서구 경명대로 698-4, B/201(공촌동, 대국빌라)",032-568-8051
58,공동생활가정,,인정장애인공동생활가정1호,4,"서구 승학로506번안길 57 103/203(검암동,해피하임빌)",032-563-8004
59,공동생활가정,,인정장애인공동생활가정2호,4,"서구 승학로506번안길 57 103/303(검암동,해피하임빌)",032-563-8005
60,공동생활가정,,인정장애인공동생활가정3호,4,"서구 승학로506번안길 57 103/202(검암동,해피하임빌)",032-567-7319
61,공동생활가정,,인정장애인공동생활가정5호,4,"서구 승학로506번안길 57 103/302(검암동,해피하임빌)",032-563-7447
62,공동생활가정,,한원장애인공동생활가정,4,"서구 경명대로 698-4,A동 102호(공촌동,대국빌라)",070-7517-1347
63,공동생활가정,,참빛장애인공동생활가정1호,4,"서구 여우재로 86번길4(가좌동,1층)",032-575-7156
64,공동생활가정,,참빛장애인공동생활가정2호,4,"서구 여우재로 86번길 4(가좌동,2층)",032-575-7156
65,공동생활가정,,다사랑공동생활가정,4,중구 도원로 14번길 15-1(선화동) ,휴지 중
66,공동생활가정,,어울림의집,4,미추홀구 독배로 434번길 18,032-883-7029
67,공동생활가정,,큰나무하우스1호,4,"강화군 양도면 강화남로 428번길 70-11, 2동",032-937-3177
68,공동생활가정,,큰나무하우스2호,4,"강화군 양도면 강화남로 428번길 70-11, 3동",032-937-3177
