연번,관련 근거법,시설종류,시설형태,시설명,군구명,주소,연락처
1,국민기초생활보장법,지역자활센터,이용,강화지역자활센터,강화군,강화군 강화읍 충렬사로 155 ,032-934-1189
2,국민기초생활보장법,지역자활센터,이용,중구지역자활센터,중구,중구 제물량로 132-2 ,032-763-1988
3,국민기초생활보장법,지역자활센터,이용,동구지역자활센터,동구,"동구 송림로 78,5층(송림동)",032-761-0766
4,국민기초생활보장법,지역자활센터,이용,희망지역자활센터,미추홀구,"미추홀구 송림로 249, 4층",032-867-8414
5,국민기초생활보장법,지역자활센터,이용,미추홀지역자활센터,미추홀구,"미추홀구 인주대로 493, 3층 ",032-888-0231
6,국민기초생활보장법,지역자활센터,이용,연수지역자활센터,연수구,연수구 청명로3번길 8-5 ,032-816-1995
7,국민기초생활보장법,지역자활센터,이용,남동지역자활센터,남동구,남동구 만수로 12-6 ,032-422-4318
8,국민기초생활보장법,지역자활센터,이용,부평지역자활센터,부평구,"부평구 후정동로 6, 3층",032-291-7400
9,국민기초생활보장법,지역자활센터,이용,부평남부지역자활센터,부평구,"부평구 후정동로 6, 2층",032-291-3500
10,국민기초생활보장법,지역자활센터,이용,계양지역자활센터,계양구,계양구 계양산로102번길 5,032-543-3370
11,국민기초생활보장법,지역자활센터,이용,서구지역자활센터,서구,서구 원창로 76 ,032-569-1491
12,사회복지사업법,종합사회복지관,이용,백령사회복지관,옹진군,백령로 271번길20,032-836-6001
13,사회복지사업법,종합사회복지관,이용,성미가엘사회복지관,중구,송학로 40번길 (내동),032-766-0981
14,사회복지사업법,종합사회복지관,이용,송림사회복지관,동구,송림로 43번길(송림1동),032-764-1185
15,사회복지사업법,종합사회복지관,이용,창영사회복지관,동구,우각로 57번지(창영동),032-773-1733
16,사회복지사업법,종합사회복지관,이용,인천사회복지관,미추홀구,매소홀로 418번길14-57(학익1동),032-873-0541
17,사회복지사업법,종합사회복지관,이용,미추홀사회복지관,미추홀구,염창로 97(주안5동),032-876-8181
18,사회복지사업법,종합사회복지관,이용,숭의사회복지관,미추홀구,독배로 485(숭의2동),032-888-6222
19,사회복지사업법,종합사회복지관,이용,선학사회복지관,연수구,선학로 14(선학동),032-813-6453
20,사회복지사업법,종합사회복지관,이용,세화사회복지관,연수구,원인재로 315(연수3동),032-813-2790
21,사회복지사업법,종합사회복지관,이용,연수사회복지관,연수구,원인재로 212(연수2동),032-811-8012
22,사회복지사업법,종합사회복지관,이용,함박사회복지관,연수구,함박안로 217(연수1동),032-724-9965
23,사회복지사업법,종합사회복지관,이용,만수사회복지관,남동구,담방로 105(만수1동),032-463-8161
24,사회복지사업법,종합사회복지관,이용,만월사회복지관,남동구,서판로 54번길12(만수3동),032-471-9070
25,사회복지사업법,종합사회복지관,이용,성산사회복지관,남동구,석정로552(간석동),032-437-2500
26,사회복지사업법,종합사회복지관,이용,논현사회복지관,남동구,호구포로 292(논현동),032-446-9339
27,사회복지사업법,종합사회복지관,이용,구월사회복지관,남동구,선수촌로7(구월동),032-463-9900
28,사회복지사업법,종합사회복지관,이용,갈산사회복지관,부평구,주부토로 206(갈산동),032-515-8187
29,사회복지사업법,종합사회복지관,이용,부평중부사회복지관,부평구,경원대로 1418번길 13(부평동),032-528-4020
30,사회복지사업법,종합사회복지관,이용,삼산사회복지관,부평구,평천로 447(삼산동),032-529-8607
31,사회복지사업법,종합사회복지관,이용,계양사회복지관,계양구,아니지로 517(서운동),032-552-9090
32,사회복지사업법,종합사회복지관,이용,인천기독교사회복지관,서구,심곡로 124번길10(심곡동),032-568-3270
33,노숙인 등 복지 및 자립지원에 관한 법률,노숙인재활시설,생활,은혜의집,서구,심곡로132번길22(심곡동),032-590-8532
34,노숙인 등 복지 및 자립지원에 관한 법률,노숙인요양시설,생활,광명의집,서구,새오개로16번길 7-4,032-576-3347
35,노숙인 등 복지 및 자립지원에 관한 법률,노숙인요양시설,생활,다사랑의집,미추홀구,인주대로11번길 34-10(숭의동) ,032-886-8780
36,노숙인 등 복지 및 자립지원에 관한 법률,노숙인요양시설,생활,한무리Holylife,미추홀구,장천로19번길 15(숭의동),032-881-5777
37,노숙인 등 복지 및 자립지원에 관한 법률,노숙인자활시설,생활,내일을여는자활쉼터,계양구,경명대로1029-35(계산동),032-544-6330
38,노숙인 등 복지 및 자립지원에 관한 법률,쪽방상담소,이용,쪽방상담소,계양구,계양산로91(계산동),032-543-6330
39,장애인복지법,장애인거주시설(법인),생활,샬롬원,강화군,교동면 교동서로 412번길 184-94,032-933-2640
40,장애인복지법,장애인거주시설(법인),생활,중증장애인요양시설 예닮,강화군,강화읍 갑룡길 206번길 66,032-934-0630
41,장애인복지법,장애인거주시설(법인),생활,색동원,강화군,길상면 장촌길 31,032-362-9300
42,장애인복지법,장애인거주시설(법인),생활,요한의집(실비),강화군,길상면 해란길 63-1,032-937-0860
43,장애인복지법,장애인거주시설(법인),생활,장봉혜림원,옹진군,북도면 장봉로 26번길 218,032-751-8051
44,장애인복지법,장애인거주시설(법인),생활,장봉혜림요양원,옹진군,북도면 장봉로 26번길 218,032-751-8051
45,장애인복지법,장애인거주시설(법인),생활,해피타운,옹진군,영흥면 영흥서로 277-36,032-465-1540
46,장애인복지법,장애인거주시설(법인),생활,브솔시내,미추홀구,동산로 4(도화동),032-515-0066
47,장애인복지법,장애인거주시설(법인),생활,미추홀푸르내,미추홀구,석바위로 107(주안동),032-427-8880
48,장애인복지법,장애인거주시설(법인),생활,밝은마음,연수구,봉재산로 68(동춘동),032-817-2070
49,장애인복지법,장애인거주시설(법인),생활,동심원,연수구,봉재산로 68(동춘동),032-818-4737
50,장애인복지법,장애인거주시설(법인),생활,하늘채,남동구,"장아산로 200번길 8(서창동, 하늘채)",032-465-6640
51,장애인복지법,장애인거주시설(법인),생활,성촌의집,부평구,경인로 701번길 26(십정동),032-422-0573
52,장애인복지법,장애인거주시설(법인),생활,은광원,부평구,마분로 8(부개동),032-501-0105
53,장애인복지법,장애인거주시설(법인),생활,인천광명원,부평구,경인로 769번길 27(십정동),032-514-1956
54,장애인복지법,장애인거주시설(법인),생활,성동원,부평구,경인로 880(부평동),032-522-2984
55,장애인복지법,장애인거주시설(법인),생활,예림원,부평구,동수로 87(부평동),032-525-6043
56,장애인복지법,장애인거주시설(법인),생활,우리들의집,부평구,경인로 701번길 26(십정동),032-433-7907
57,장애인복지법,장애인거주시설(법인),생활,예원,계양구,둑실안길 54,032-544-5680
58,장애인복지법,장애인거주시설(개인),생활,평화의집,연수구,경원대로 588번길 5(선학동),032-427-4145
59,장애인복지법,장애인거주시설(개인),생활,쉴만한물가의집,부평구,원적로 421번길 9-12(산곡동),032-277-9595
60,장애인복지법,장애인거주시설(개인),생활,희락원,중구,송학로 48(내동),032-777-4117
61,장애인복지법,장애인공동생활가정,생활,우리마을공동생활가정1,강화군,길상면 해란길 63,032-937-9054
62,장애인복지법,장애인공동생활가정,생활,릴리공동생활가정4,강화군,길상면 길상로 242-28,032-937-9035
63,장애인복지법,장애인공동생활가정,생활,우리마을공동생활가정4,강화군,길상면 해란길 63,032-937-9036
64,장애인복지법,장애인공동생활가정,생활,릴리공동생활가정1,강화군,길상면 길상로 242-28,070-4915-9565
65,장애인복지법,장애인공동생활가정,생활,릴리공동생활가정2,강화군,길상면 길상로 242-28,032-937-8675
66,장애인복지법,장애인공동생활가정,생활,릴리공동생활가정3,강화군,길상면 길상로 242-28,032-937-8698
67,장애인복지법,장애인공동생활가정,생활,큰나무하우스1,강화군,강화군 양도면 강화남로 428번길 70-11,032-937-3175
68,장애인복지법,장애인공동생활가정,생활,큰나무하우스2,강화군,강화군 양도면 강화남로 428번길 70-11,032-937-3177
69,장애인복지법,장애인공동생활가정,생활,다사랑공동생활가정,중구,도원로 14번길 15-1,032-885-9049
70,장애인복지법,장애인공동생활가정,생활,송림공동생활가정,동구,"송림로 50, 2-406(송림동, 삼익A)",032-764-8051
71,장애인복지법,장애인공동생활가정,생활,기분좋은그룹홈1,미추홀구," 한나루로 490번길 59,201호(주안동)",070-8866-0419
72,장애인복지법,장애인공동생활가정,생활,기분좋은그룹홈3,미추홀구,"인하로 294번길 8,201호(관교동)",032-818-2151
73,장애인복지법,장애인공동생활가정,생활,길벗그룹홈,미추홀구,남구 남주길 125번길64-14(주안동),032-864-0522
74,장애인복지법,장애인공동생활가정,생활,길벗숭의그룹홈,미추홀구,"장천로 88-1, 612동 301호(숭의동)",070-8995-0813
75,장애인복지법,장애인공동생활가정,생활,예그리나공동생활가정1,미추홀구,"경인로 395, 4-403(주안동, 현대A)",032-427-5245
76,장애인복지법,장애인공동생활가정,생활,밀알공동생활가정1,미추홀구,"주안서로41,303호(주안동,태극아파트)",032-863-5854
77,장애인복지법,장애인공동생활가정,생활,밀알공동생활가정2,미추홀구,"경원대로640번길 12-22, 201호(관교동)",032-421-4396
78,장애인복지법,장애인공동생활가정,생활,어울림의집,미추홀구,독배로 434번길 18,032-883-7029
79,장애인복지법,장애인공동생활가정,생활,선학1공동생활가정,연수구,"청능말로14번길 10, 101호(청학동)",032-818-5810
80,장애인복지법,장애인공동생활가정,생활,선학2공동생활가정,연수구,"청능말로 22번길 6, 101호(청학동)",032-818-5414
81,장애인복지법,장애인공동생활가정,생활,그룹홈안젤로2호,연수구," 청학로 28번길 14,301호(청학동)",032-832-8325
82,장애인복지법,장애인공동생활가정,생활,연수공동생활가정,연수구,"청능말로 8번길 9, 301호(청학동)",032-472-8148
83,장애인복지법,장애인공동생활가정,생활,청학공동생활가정,연수구,"청능말로 8번길 9, 101호(청학동)",032-575-5675
84,장애인복지법,장애인공동생활가정,생활,기분좋은그룹홈2,남동구,"독곡로 16번길 12-20, B-401",032-468-3447
85,장애인복지법,장애인공동생활가정,생활,그룹홈안젤로,남동구, 남촌동로 16번길15-12(남촌동),032-256-0122
86,장애인복지법,장애인공동생활가정,생활,예림공동생활가정1,부평구,"체육관로 111,415-1505",032-525-6043
87,장애인복지법,장애인공동생활가정,생활,예림공동생활가정2,부평구,"체육관로 111,415-1406",032-525-6043
88,장애인복지법,장애인공동생활가정,생활,예림공동생활가정3,부평구,"체육관로 111,412-906",032-525-6043
89,장애인복지법,장애인공동생활가정,생활,예림공동생활가정4,부평구," 체육관로 111,406-201",032-525-6043
90,장애인복지법,장애인공동생활가정,생활,예림공동생활가정5,부평구,"체육관로 111,415-1109",032-525-6043
91,장애인복지법,장애인공동생활가정,생활,만인의집,부평구,"마장로 269번길 91-63, 402호",032-528-7650
92,장애인복지법,장애인공동생활가정,생활,섬나공동생활가정1,계양구,"황어로 115번길 12, 11동 105호(오류동, 신동아아파트)",032-555-0019
93,장애인복지법,장애인공동생활가정,생활,섬나공동생활가정2,계양구,"계양대로120번길10, 1동207호(작전동, 계산한양아파트)",032-555-4136
94,장애인복지법,장애인공동생활가정,생활,섬나공동생활가정3,계양구,"장기서로 16번길 13,101-101",032-555-4134
95,장애인복지법,장애인공동생활가정,생활,마전공동생활가정,서구,"경명대로 698-4, B/201(공촌동, 대국빌라)",032-565-8051
96,장애인복지법,장애인공동생활가정,생활,예그리나공동생활가정2,서구,"연희로 28번길 17-1,301호(연희동)",032-566-5988
97,장애인복지법,장애인공동생활가정,생활,인정공동생활가정1,서구,"승학로 506번안길 57,103동 203호",032-563-8004
98,장애인복지법,장애인공동생활가정,생활,인정공동생활가정2,서구,"승학로 506번안길 57, 103동 303호",032-563-8005
99,장애인복지법,장애인공동생활가정,생활,인정공동생활가정3,서구,"승학로 506번안길 57,103동 202호",032-567-7319
100,장애인복지법,장애인공동생활가정,생활,인정공동생활가정5,서구,"승학로 506번안길 57,103동 302호",032-567-7447
101,장애인복지법,장애인공동생활가정,생활,한원공동생활가정,서구,경명대로698-4 대국빌라 A동102호,070-7517-1347
102,장애인복지법,장애인공동생활가정,생활,참빛공동생활가정1,서구,여우재로 86번길 4,032-575-7156
103,장애인복지법,장애인공동생활가정,생활,참빛공동생활가정2,서구,여우재로 86번길 4,032-575-7156
104,장애인복지법,장애인단기거주시설,생활,이든단기보호센터,중구,"우현로67번길 27-13, 2F(내동)",032-762-3302
105,장애인복지법,장애인단기거주시설,생활,미추홀단기보호센터,미추홀구,석정로 240번길 5(도화동),032-886-9031
106,장애인복지법,장애인단기거주시설,생활,기쁨의집단기보호센터,미추홀구,독정안길 42번길 13-12(숭의동),032-881-3961
107,장애인복지법,장애인단기거주시설,생활,연수허브단기보호센터,연수구,"선학로 14(선학동, 선학시영상가)",032-817-2092
108,장애인복지법,장애인단기거주시설,생활,해늘단기보호센터,부평구,"화랑북로 35-4(산곡동, 1층)",032-506-6596
109,장애인복지법,피해장애인쉼터,생활,인천광역시 피해장애인쉼터,서구,비공개,
110,장애인복지법,피해장애아동쉼터,생활,인천광역시 피해장애아동쉼터(남아),서구,비공개,
111,장애인복지법,피해장애아동쉼터,생활,인천광역시 피해장애아동쉼터(여아),서구,비공개,
112,장애인복지법,장애인직업재활시설,이용,우리마을,강화군,길상면 길상로242-28,032-937-8691
113,장애인복지법,장애인직업재활시설,이용,모아직업재활시설,강화군,길상면 장촌길31,032-362-9334
114,장애인복지법,장애인직업재활시설,이용,예닮 직업재활시설,강화군,갑룡길206번길 66,032-932-8243
115,장애인복지법,장애인직업재활시설,이용,공감,옹진군,영흥면 영흥로525번길 63-67(영흥면 외리 894-1),032-880-0480
116,장애인복지법,장애인직업재활시설,이용,인천중구장애인보호작업장,중구,매소홀로10,032-881-8410
117,장애인복지법,장애인직업재활시설,이용,일도재활관,중구,참외전로 149-78,032-772-0250
118,장애인복지법,장애인직업재활시설,이용,채움,동구,보세로 26번길 24-16,070-4012-1889
119,장애인복지법,장애인직업재활시설,이용,핸인핸,동구,방축로157번길 48,032-521-7471
120,장애인복지법,장애인직업재활시설,이용,미추마루보호작업장,미추홀구,석정로212번길7(도화동),032-886-6679
121,장애인복지법,장애인직업재활시설,이용,모퉁이보호작업장,미추홀구,경인로7번길 41(숭의동),032-861-0105
122,장애인복지법,장애인직업재활시설,이용,미추클린센터,미추홀구,인하로 137,032-862-2115
123,장애인복지법,장애인직업재활시설,이용,vision N,미추홀구,경원대로 714,032-426-1382
124,장애인복지법,장애인직업재활시설,이용,애호일터,미추홀구,"경인로 345, 2층",032-863-9255
125,장애인복지법,장애인직업재활시설,이용,어울림카페,미추홀구,경인로 345,032-866-3270
126,장애인복지법,장애인직업재활시설,이용,예림일터,미추홀구,염전로 262-2 (도화동),032-529-2677
127,장애인복지법,장애인직업재활시설,이용,행복한 일터,미추홀구,"석정로202번길 11-20, 2층",032-884-3927
128,장애인복지법,장애인직업재활시설,이용,해내기보호작업장,연수구,앵고개로 130,032-833-7074
129,장애인복지법,장애인직업재활시설,이용,열린일터,남동구,담방서로 23번길 17,032-468-7788
130,장애인복지법,장애인직업재활시설,이용,인천안마수련원,남동구,구월로 235 2층,032-866-6300
131,장애인복지법,장애인직업재활시설,이용,해봄비,남동구,소래로 500,032-461-0905
132,장애인복지법,장애인직업재활시설,이용,나린,남동구,독점로30번길 15,032-464-3355
133,장애인복지법,장애인직업재활시설,이용,굿프랜드,부평구,경인로 701-26,032-428-1741
134,장애인복지법,장애인직업재활시설,이용,성동N,부평구,경인로 880,032-506-7746
135,장애인복지법,장애인직업재활시설,이용,송암보호작업장,부평구,일신로 25,032-528-8863
136,장애인복지법,장애인직업재활시설,이용,아이드림,부평구,경인로769-27,032-508-3772
137,장애인복지법,장애인직업재활시설,이용,핸인핸부평,부평구,동수로 87,032-527-0337
138,장애인복지법,장애인직업재활시설,이용,스마트재활일터,부평구,화랑로 70(산곡동),032-715-4775
139,장애인복지법,장애인직업재활시설,이용,굿윌스토어 부평점,부평구,경인로 1128번길 12,032-511-9293
140,장애인복지법,장애인직업재활시설,이용,노틀담베이커리,계양구,계양산로 35번길 12-37,032-540-8949
141,장애인복지법,장애인직업재활시설,이용,해피로드,계양구,장제로731 B01호,032-549-4322
142,장애인복지법,장애인직업재활시설,이용,비젼꿈터,계양구,"장기로 33, 2층",032-542-2121
143,장애인복지법,장애인직업재활시설,이용,계양디딤보호작업장,계양구,"계양천서로 15, 101/103호, 2층호",032-777-5234
144,장애인복지법,장애인직업재활시설,이용,그린페이퍼,서구,"보듬로 158, 검단지식산업센터블루텍 103~ 106호/ 319호~321호",032-566-8980
145,장애인복지법,장애인직업재활시설,이용,두드림보호작업장,서구,드림로 284-8,032-569-1267
146,장애인복지법,장애인직업재활시설,이용,서구구립장애인직업재활시설,서구,마중1로 12,032-569-7452
147,장애인복지법,장애인직업재활시설,이용,에진원,서구,심곡로 124번길 10,032-568-3276
148,장애인복지법,장애인직업재활시설,이용,인정재활관,서구,서달로 123번안길 24,032-574-0457
149,장애인복지법,장애인직업재활시설,이용,창익,서구,북항로 120번길 13-6,032-568-1254
150,장애인복지법,장애인직업재활시설,이용,인천시립장애인예술단,서구,북항로 32번길 37,032-583-8980
151,장애인복지법,장애인직업재활시설,이용,호인세상,서구,서달로 123번안길 24(석남동),032-574-0250
152,장애인복지법,장애인직업재활시설,이용,꿈돌이보호작업장,서구,청라에메랄드로 102번길 26,032-563-8432
153,장애인복지법,장애인직업재활시설,이용,다가치보호작업장,연수구,"연수구 새말로 146, 2층(연수동)",032-815-0208
154,장애인복지법,장애인직업재활시설,이용,루앤원 보호작업장,계양구,"계양구 아나지로97번길 14,1층(효성동)",032-555-9059
155,장애인복지법,장애인직업재활시설,이용,늘푸른일터,남동구,"남동구 인주대로 719,5층(구월동)",032-465-3927
156,장애인복지법,중증장애인생산품판매시설,이용,인천광역시립장애인생산품판매시설,서구,북항로32번길 37(원창동),032-527-0709
157,장애인복지법,중증장애인생산품판매시설,이용,인천광역시장애인생산품판매시설,서구,"청라에메랄드로76번길 7, 2층 201호",032-464-0183
158,장애인복지법,장애인복지관,이용,강화군장애인복지관,강화군,충렬사로 63,032-934-8464
159,장애인복지법,장애인복지관,이용,중구장애인종합복지관,중구,매소홀로 10,032-880-2400
160,장애인복지법,장애인복지관,이용,동구한마음종합복지관,동구,만석로 53,032-724-9501
161,장애인복지법,장애인복지관,이용,미추홀장애인종합복지관,미추홀구,경원대로 714,032-426-1382
162,장애인복지법,장애인복지관,이용,인천광역시시각장애인복지관,미추홀구,한나루로 357번길 105-19(학익동),032-876-3500
163,장애인복지법,장애인복지관,이용,인천장애인종합복지관,연수구,앵고개로 130,032-833-3051
164,장애인복지법,장애인복지관,이용,남동장애인종합복지관,남동구,인주대로 898,032-472-4004
165,장애인복지법,장애인복지관,이용,부평장애인종합복지관,부평구,일신로 25,032-512-9200
166,장애인복지법,장애인복지관,이용,노틀담복지관,계양구,계양산로 35번길 12-37,032-542-3711
167,장애인복지법,장애인복지관,이용,서구장애인종합복지관,서구,드림로 284-8,032-569-1240
168,장애인복지법,주간이용시설,이용,마리아장애인주간보호센터,강화군,길상면 해란길 63,032-937-9075
169,장애인복지법,주간이용시설,이용,강화장애인복지관주간보호센터,강화군,충렬사로 63,070-7789-9601
170,장애인복지법,주간이용시설,이용,중구장애인주간보호센터,중구,매소홀로10 1층,032-880-2470
171,장애인복지법,주간이용시설,이용,무지개주간보호센터,중구,우현로 62번길 38-3,032-762-3340
172,장애인복지법,주간이용시설,이용,영종장애인주간보호센터,중구,영종해안북로1000-26 (2층),032-747-0421
173,장애인복지법,주간이용시설,이용,동구장애인주간보호센터,동구,"만석로 53,2층",032-880-9538
174,장애인복지법,주간이용시설,이용,미추홀장애인복지관주간보호센터,미추홀구,경원대로714(관교동),032-426-1382~5
175,장애인복지법,주간이용시설,이용,시각장애인복지관주간보호센터,미추홀구,한나루로 357번길 105-19(학익동),032-876-3500
176,장애인복지법,주간이용시설,이용,미추나래주간보호센터,미추홀구,석정로102번길 11(숭의동),032-886-6674
177,장애인복지법,주간이용시설,이용,인천신장장애인주간보호센터,미추홀구,"미추홀대로 716(주안동,메인프라자)207호",032-868-8806
178,장애인복지법,주간이용시설,이용,늘푸른샘주간보호센터,미추홀구,인하로 405번길 7,032-427-6929
179,장애인복지법,주간이용시설,이용,미추홀장애주간보호센터,미추홀구,염창로 97,032-876-8183
180,장애인복지법,주간이용시설,이용,미추홀동그라미주간보호센터,미추홀구,석정로 375번길 23,0507-1308-7179
181,장애인복지법,주간이용시설,이용,해내기주간보호센터,연수구,앵고개로 130,070-7124-0299
182,장애인복지법,주간이용시설,이용,연수허브주간보호센터,연수구,선학로14,032-817-2091
183,장애인복지법,주간이용시설,이용,사랑나눔주간보호센터,연수구,선학로14,032-818-2075
184,장애인복지법,주간이용시설,이용,연수구장애인주간보호센터,연수구,"청량로 185번길 31, 에스엠프라자 2층",032-749-6892
185,장애인복지법,주간이용시설,이용,늘푸른동산주간보호센터,남동구,"담방서로23번길 17, 3층 ",032-472-4031
186,장애인복지법,주간이용시설,이용,하늘고운주간보호센터,남동구,"석정로 501, 3층(간석동, 경신빌딩)",032-508-2097
187,장애인복지법,주간이용시설,이용,바다의별주간보호센터,남동구,남촌동로16번길 15-12,032-468-4647
188,장애인복지법,주간이용시설,이용,샛별주간보호센터,남동구,남촌동로3번길 14,032-435-1147
189,장애인복지법,주간이용시설,이용,동그라미발달장애인주간보호센터,남동구,"인주대로 819,(문화빌딩 201호)",032-464-7179
190,장애인복지법,주간이용시설,이용,민달팽이주간보호센터,남동구,"만수서로37번길55, 하영빌딩 2층",032-472-0123
191,장애인복지법,주간이용시설,이용,국손장애인주간보호센터,남동구,남동구 용천로97번길 3,032-212-1020
192,장애인복지법,주간이용시설,이용,해늘주간보호센터,부평구,화랑북로 35-4,032-506-6596
193,장애인복지법,주간이용시설,이용,성동주간보호센터,부평구,경인로 880,032-514-5600
194,장애인복지법,주간이용시설,이용,부평장애인종합복지관주간보호센터,부평구,일신로 25,032-512-9863
195,장애인복지법,주간이용시설,이용,아카펠라주간보호센터,부평구,평천로 319-5 대진빌딩2층,032-517-0630
196,장애인복지법,주간이용시설,이용,혜인주간보호센터,부평구,"마장로 24, 3층",032-330-1307
197,장애인복지법,주간이용시설,이용,부흥장애인주간보호센터,부평구,부흥로 334번길 37 3층,070-7562-9125
198,장애인복지법,주간이용시설,이용,나래장애인주간보호센터,부평구,"부영로 161, 주안빌딩 402호",032-513-9300
199,장애인복지법,주간이용시설,이용,꿈이룸장애인주간보호센터,부평구,안남로 62,032-508-6974
200,장애인복지법,주간이용시설,이용,노틀담주간이용센터,계양구,계양산로35번길,032-540-8904
201,장애인복지법,주간이용시설,이용,사랑터주간보호센터,계양구,장제로 708번길 5층 509호,032-546-4800
202,장애인복지법,주간이용시설,이용,해도두리주간보호센터,계양구,장제로 708번길 4층 401호,032-542-1287
203,장애인복지법,주간이용시설,이용,예원주간보호센터,계양구 ,"효서로92, 1층",032-553-1220
204,장애인복지법,주간이용시설,이용,더행복한장애인주간보호센터,계양구,"아나지로 198번길 10, 302호",070-4111-7393
205,장애인복지법,주간이용시설,이용,태화인천장애인주간보호센터,서구,심곡로 124번길 10,032-568-3247
206,장애인복지법,주간이용시설,이용,서구장애인복지관주간보호센터,서구,드림로 284-8,032-569-1244
207,장애인복지법,주간이용시설,이용,느티나무주간보호센터,서구,심곡로 100번길 8-11,070-8699-8246
208,장애인복지법,주간이용시설,이용,해피로드장애인주간보호센터,서구,"가정로125번길 12, 2층",032-574-7041
209,장애인복지법,주간이용시설,이용,구립 서로이음장애인주간보호센터,서구,"완정로 153, 4층",032-567-2365
210,장애인복지법,지역사회재활시설,이용,송암점자도서관,미추홀구,한나루로357번길 105-19,032-876-3504
211,장애인복지법,지역사회재활시설,이용,장애인생활이동지원센터,남동구,석산로 78(간석동),032-427-0822
212,장애인복지법,지역사회재활시설,이용,인천수어통역센터,남동구,"용천로 208, 610호",032-212-2776
213,장애인복지법,의료재활시설,이용,인천재활의원,미추홀구,인주대로 290 (주안동),032-861-0101
214,장애인복지법,의료재활시설,이용,경인권역재활병원,연수구,원인재로 263(연수동),032-899-4000
215,장애인복지법,지역보조기기센터,이용,인천광역시보조기기센터,계양구,계양산로 35번길,032-540-8946
216,노인복지법,노인복지관,이용,강화군노인복지관,강화군,강화읍 중앙로 17-16,032-933-1988
217,노인복지법,노인복지관,이용,강화군노인문화센터,강화군,길상면 마니산로 36,032-930-7100
218,노인복지법,노인복지관,이용,백령노인문화센터,옹진군,백령면 백령로278번길 133-20,032-836-3223
219,노인복지법,노인복지관,이용,중구노인복지관,중구,인천 중구 제물량로80번길 3-24,032-761-3579
220,노인복지법,노인복지관,이용,동구노인복지관,동구,샛골로 177(송림동),032-761-3677
221,노인복지법,노인복지관,이용,송현노인복지관,동구,솔빛로13(송현동),032-765-3677
222,노인복지법,노인복지관,이용,미추홀노인복지관,미추홀구,학익소로37번길 17(주안동),032-861-3001
223,노인복지법,노인복지관,이용,용현노인문화센터,미추홀구,인하로77번길 38(용현동),032-862-3910
224,노인복지법,노인복지관,이용,주안노인문화센터,미추홀구,석정로 464(주안동),032-867-3312
225,노인복지법,노인복지관,이용,관교노인복지관,미추홀구,경원대로628번길 30(관교동),032-421-3600
226,노인복지법,노인복지관,이용,연수구노인복지관,연수구,함박뫼로 194,032-811-2660
227,노인복지법,노인복지관,이용,청학노인복지관,연수구,청학로12번길 53,032-831-7131
228,노인복지법,노인복지관,이용,송도노인복지관,연수구,송도교육로 61,032-716-9919
229,노인복지법,노인복지관,이용,남동구노인복지관,남동구,소래로 610,032-435-1950
230,노인복지법,노인복지관,이용,만수노인문화센터,남동구,만경로12번길 45,032-464-1245
231,노인복지법,노인복지관,이용,부평구노인복지관,부평구,굴포로 114(삼산동),032-526-4447
232,노인복지법,노인복지관,이용,산곡노인문화센터,부평구,안남로253번길 34(산곡동),032-362-7252
233,노인복지법,노인복지관,이용,부평남부노인문화센터,부평구,동수로68(부평동),032-525-5560
234,노인복지법,노인복지관,이용,계양구노인복지관,계양구,효서로341번길 11,032-552-4494
235,노인복지법,노인복지관,이용,효성노인문화센터,계양구,봉오대로516,032-541-1882
236,노인복지법,노인복지관,이용,계산노인문화센터,계양구,경명대로980,032-556-5611
237,노인복지법,노인복지관,이용,동양노인문화센터,계양구,동양로74-29,032-555-7766
238,노인복지법,노인복지관,이용,서구노인복지관 ,서구 ,서구 신석로 121번길 10,032-582-4071
239,노인복지법,노인복지관,이용,가좌노인문화센터,서구 ,서구 장고개로 387,032-581-7074
240,노인복지법,노인복지관,이용,연희노인문화센터,서구 ,서구 승학로 263,032-569-7351
241,노인복지법,노인복지관,이용,검단노인복지관,서구 ,검단로 502번길 15-1,032-561-0129
242,노인복지법,노인대학(노인교실),이용,강화군노인대학,강화군,강화읍 중앙로 17-16,032-934-4086
243,노인복지법,노인대학(노인교실),이용,중구지회부설노인대학,중구,인천 중구 제물량로80번길 3-24,032-772-2579
244,노인복지법,노인대학(노인교실),이용,내리교회노인대학,중구,인천 중구 우현로67번길 3-1,032-760-4052
245,노인복지법,노인대학(노인교실),이용,송월교회노인대학,중구,인천 중구 동화마을길 65,032-765-7851
246,노인복지법,노인대학(노인교실),이용,동구지회부설 노인대학,동구,샛골로 177(송림동),032-773-6404
247,노인복지법,노인대학(노인교실),이용,미추홀구노인대학,미추홀구,학익소로37번길 17(주안동),032-862-0915
248,노인복지법,노인대학(노인교실),이용,대한노인회 연수구지회,연수구,함박뫼로 194,032-811-7586
249,노인복지법,노인대학(노인교실),이용 ,남동구 노인지회부설 노인대학 ,남동구 ,소래로 610,032-431-4085
250,노인복지법,노인대학(노인교실),이용 ,충효노인대학,남동구 ,만수로 90(만수동),032-467-7301
251,노인복지법,노인대학(노인교실),이용 ,큰사랑실버라이프,남동구 ,백범로124번길 162,032-464-9925
252,노인복지법,노인대학(노인교실),이용 ,벧엘실버대학,남동구 ,만수서로 37번길 29,032-464-2151
253,노인복지법,노인대학(노인교실),이용 ,아름다운노인대학,남동구 ,장승남로 16,032-471-8901
254,노인복지법,노인대학(노인교실),이용 ,논현노인대학,남동구 ,포구로 70,032-446-6264
255,노인복지법,노인대학(노인교실),이용,청춘대학,남동구,경신상로 76,032-422-0922
256,노인복지법,노인대학(노인교실),이용,대한노인회부평구지회부설 노인대학,부평구,굴포로 114,032-503-1035
257,노인복지법,노인대학(노인교실),이용,부광노인대학,부평구,부평대로 63번길 5,032-527-5704
258,노인복지법,노인대학(노인교실),이용,행복한 실버대학,부평구,송내대로373번길 28,032-654-3456
259,노인복지법,노인대학(노인교실),이용,제일노인대학,부평구,부평문화로197번길 40,032-508-1255
260,노인복지법,노인대학(노인교실),이용,대한노인회 계양구지회 부설노인대학,계양구,효서로341번길 11,032-546-2923
261,노인복지법,노인대학(노인교실),이용,효성영광노인대학,계양구,봉오대로543번길 4,032-547-0003
262,노인복지법,노인대학(노인교실),이용,샛별대학,계양구,안남로490번길 11,032-554-1741
263,노인복지법,노인대학(노인교실),이용,노인행복지원센터,계양구,황어로134번길 28,070-7834-1346
264,노인복지법,노인대학(노인교실),이용,서구노인대학,서구,신석로121번길 10(석남동),032-572-1460
265,노인복지법,노인대학(노인교실),이용,해바라기노인대학,서구,열우물로 247(가좌동),032-581-4043
266,노인복지법,노인보호전문기관,이용,인천광역시노인보호전문기관,남동구,용천로 208,032-426-8792
267,노인복지법,학대피해노인전용쉼터,생활,인천광역시학대피해노인전용쉼터,남동구,비공개, 
268,노인복지법,노인보호전문기관,이용,인천서부노인보호전문기관,서구,"완정로165번안길12, 2층",032-569-0533
269,노인복지법,재가노인복지시설,이용,중구재가노인지원서비스센터,중구,인천 중구 우현로 3(사동),032-764-5221
270,노인복지법,재가노인복지시설,이용,성언의집재가노인지원서비스센터,동구,화도진로 79번길 10,032-772-1664
271,노인복지법,재가노인복지시설,이용,대한어머니회재가노인지원서비스센터,미추홀구,"독배로 443, 2층 280호(숭의동, 삼화복합빌딩)",032-868-9207
272,노인복지법,재가노인복지시설,이용,인천재가노인지원서비스센터,미추홀구,매소홀로386번길 32(학익동),032-872-9088
273,노인복지법,재가노인복지시설,이용,미추홀재가노인지원서비스센터,미추홀구,염창로 97(주안동),032-876-8182
274,노인복지법,재가노인복지시설,이용,연수구재가노인복지센터,연수구,함박뫼로 194,032-811-1230
275,노인복지법,재가노인복지시설,이용,남동재가노인지원서비스센터,남동구,"구월말로 120번길22, 만수빌딩2층",032-465-3654
276,노인복지법,재가노인복지시설,이용,부평재가노인지원서비스센터,부평구,경인로749,032-433-6151
277,노인복지법,재가노인복지시설,이용,계양재가노인지원서비스센터,계양구,아나지로 517 (서운동),032-556-0005
278,노인복지법,재가노인복지시설,이용,구립계산노인복지센터,계양구,계양구 경명대로 980 (계산동),032-556-5627
279,노인복지법,재가노인복지시설,이용,계양푸른빛재가노인지원서비스센터,계양구,"계양구 경명대로 1138, 302호(계산동)",032-552-3080
280,노인복지법,재가노인복지시설,이용,다사랑재가노인지원서비스센터,계양구,"경명대로 1077, 5층(계산동)",032-554-8274
281,노인복지법,재가노인복지시설,이용,태화인천재가노인지원서비스센터,서구,"심곡로124번길 10, 3층 (심곡동)",032-568-3206
282,노인복지법,재가노인복지시설,이용,성광재가노인지원서비스센터,서구,가정로 126번길 23(가좌동),032-577-1590
283,노인복지법,재가노인복지시설,이용,성모재가노인지원서비스센터,서구,"탁옥로 105, 301호 (심곡동, 메인프라자3차)",032-569-6796
284,노인복지법,재가노인복지시설,이용,서구재가노인지원서비스센터,서구,신석로121번길 10 (석남동),032-582-4074
285,노인복지법,재가노인복지시설,이용,강화노인복지센터,강화군,선원면 시리미로225번길 3-27,032-933-5822
286,노인복지법,재가노인복지시설,이용,안젤로재가노인지원서비스센터,강화군,선원면 시리미로42번길 8,032-933-0880
287,노인복지법,재가노인복지시설,이용,옹진재가노인지원서비스센터,옹진군,영흥로 335,032-882-4395
288,노인복지법,노인주거복지시설,생활,평복영락양로원,연수구,청량로 51(동춘동),032-831-6075
289,노인복지법,노인주거복지시설,생활,소망의집,남동구,논현고잔로88번길 35 (고잔동),032-446-8965
290,노인복지법,노인주거복지시설,생활,협성양로원,부평구,화랑로 65(산곡동),032-518-9365
291,노인복지법,노인의료복지+주거복지,생활,사할린동포복지회관,연수구,원인재로 263(연수동),032-812-7111
292,노인복지법,노인주거복지시설,생활,요셉의집,부평구,장제로 372(삼산동),032-526-8615
293,노인복지법,노인주거복지시설,생활,평화의 집,강화군,불은면 강화동로 637,032-937-9257
294,노인복지법,노인주거복지시설,생활,형제나사로의 집,강화군,송해면 전망대로 255-12,032-932-1490
295,노인복지법,노인주거복지시설,생활,예향원,서구,세자봉로76번길 11 (금곡동),032-567-5615
296,노인복지법,노인주거복지시설,생활,나솔채양로원,계양구,솔고개길 19(박촌동),032-515-9120
297,노인복지법,노인주거복지시설,생활,노틀담사랑터,계양구,장제로920번길 27(병방동),032-541-6868
298,노인복지법,노인주거복지시설,생활,마리스텔라,서구,심곡로100번길 31(심곡동),032-280-1500
299,노인복지법,노인주거복지시설,생활,청라백세마을,서구,로봇랜드로249번길 14 (경서동),070-4470-3999
300,노인복지법,노인주거복지시설,생활,백향그린실버타운,강화군,길상면 길상로304번길 49-20,032-937-9954
301,노인복지법,노인주거복지시설,생활,이레홈타운,강화군,양도면 강화남로 1077-39,032-937-9387
302,노인복지법,노인주거복지시설,생활,푸른마을실비양로원,강화군,강화읍 용정리 865번지 2호,032-932-3155
303,노인복지법,노인주거복지시설,생활,영화복지타운,강화군,불은면 강화동로 262,032-933-2253
304,노인복지법,노인주거복지시설,생활,우주실버타운,옹진군,영흥면 영흥남로 15-20,032-880-1734
305,노인복지법,노인주거복지시설,생활,더시그넘하우스청라,서구,담지로 60(청라동),032-561-0120
306,노인 일자리 및 사회활동 지원에 관한 법률,노인일자리지원기관,이용,인천광역시노인인력개발센터,시,석정로 229,032-886-1855
307,노인 일자리 및 사회활동 지원에 관한 법률,노인일자리지원기관,이용,중구노인인력개발센터,중구,우현로20번길 43(답동),032-762-2288
308,노인 일자리 및 사회활동 지원에 관한 법률,노인일자리지원기관,이용,동구노인인력개발센터,동구,샛골로 120,032-214-5700
309,노인 일자리 및 사회활동 지원에 관한 법률,노인일자리지원기관,이용,미추홀노인인력개발센터,미추홀구,독정이로87,032-888-8260
310,노인 일자리 및 사회활동 지원에 관한 법률,노인일자리지원기관,이용,미추홀시니어클럽,미추홀구,숙골로43번길14-21,032-435-1982
311,노인 일자리 및 사회활동 지원에 관한 법률,노인일자리지원기관,이용,연수구노인인력개발센터,연수구,"청능대로 109, 탑피온 4층",032-818-2111
312,노인 일자리 및 사회활동 지원에 관한 법률,노인일자리지원기관,이용,남동구노인인력개발센터,남동구,소래로 645 ,032-466-8836
313,노인 일자리 및 사회활동 지원에 관한 법률,노인일자리지원기관,이용,남동구시니어클럽,남동구,문화서로62번길13,032-267-6080
314,노인 일자리 및 사회활동 지원에 관한 법률,노인일자리지원기관,이용,부평구노인인력개발센터,부평구,장제로235,032-528-6080
315,노인 일자리 및 사회활동 지원에 관한 법률,노인일자리지원기관,이용,계양구노인인력개발센터,계양구,장제로 799,032-546-9663
316,노인 일자리 및 사회활동 지원에 관한 법률,노인일자리지원기관,이용,계양시니어클럽,계양구,계양산로102번길 5,032-555-6330
317,노인 일자리 및 사회활동 지원에 관한 법률,노인일자리지원기관,이용,서구노인인력개발센터,서구,승학로263,032-569-1362
318,성매매방지및피해자보호등에관한법률,성매매피해지원기관,이용,희희낙낙상담소,미추홀구,"경인로336-1,3층(주안동, 청운빌딩)",032-507-0182
319,성매매방지및피해자보호등에관한법률,성매매피해지원기관,이용,성착취 피해아동청소년 지원센터 '잇다',미추홀구,"경인로336-1,3층(주안동, 청운빌딩)",032-874-8297
320,성매매방지및피해자보호등에관한법률,성매매피해지원기관,생활,나무그늘,미추홀구,비공개, 
321,성매매방지및피해자보호등에관한법률,성매매피해지원기관,이용,달빛공방,미추홀구,"경인로336-1,3층(주안동, 청운빌딩)",032-519-8297
322,성폭력방지및피해자보호등에관한 법률,성폭력피해자보호시설,생활,푸른희망담쟁이,중구,비공개, 
323,성폭력방지및피해자보호등에관한 법률,성폭력피해상담소,이용,인구보건복지협회인천지회부설성폭력상담소,남동구,남동구 용천로 142,032-451-4093~4
324,성폭력방지및피해자보호등에관한 법률,성폭력피해상담소,이용,인천지적발달장애인복지협회장애인성폭력상담소,남동구,"남동구 용천로 208, 사회복지회관 707호",032-424-1366
325,성폭력방지및피해자보호등에관한 법률,성폭력피해상담소,이용,오내친구장애인성폭력상담소,부평구,"부평대로 137-10, 107/101",032-506-5479
326,성폭력방지및피해자보호등에관한 법률,성폭력피해자보호시설,생활,소소,남동구,비공개, 
327,가정폭력방지및피해자보호등에관한 법률,폭력피해이주여성상담소,이용,살러온,남동구,남동구 예술로 352번길8,032-446-0091
328,가정폭력방지및피해자보호등에관한 법률,폭력피해이주여성보호시설,생활,울랄라,남동구,비공개,
329,가정·성폭력방지및피해자보호등에관한 법률,폭력피해여성 공동생활시설,생활,초록담쟁이,중구,비공개,
330,가정·성폭력방지및피해자보호등에관한 법률,폭력피해여성 공동생활시설,생활,하늘담쟁이,중구,비공개,
331,가정폭력방지및피해자보호등에관한 법률,폭력피해이주여성그룹홈,생활,언니네,남동구,비공개,
332,가정폭력방지및피해자보호등에관한 법률,가정폭력피해자보호시설,생활,내일을여는집 내일여성쉼터,계양구,비공개,
333,가정폭력방지및피해자보호등에관한 법률,가정폭력상담소,이용,인천행복한가정폭력·성폭력 통합상담소,중구,우현로39번길2,032-761-7070
334,가정폭력방지및피해자보호등에관한 법률,가정폭력상담소,이용,내일을여는집 가족상담소,계양구,계양산로102번길5,032-543-7179
335,가정폭력방지및피해자보호등에관한 법률,가정폭력상담소,이용,(사)인천시여성단체협의회부설 가정.성폭력통합상담소,미추홀구,경인로 345(주안동),032-865-1365
336,가정폭력방지및피해자보호등에관한 법률,가정폭력상담소,이용,인천가정상담센터부설가정폭력상담소,미추홀구,"학익소로 29, 508호(학익동, 석목법조타운)",032-865-1120
337,가정폭력방지및피해자보호등에관한 법률,가정폭력상담소,이용,미추홀구가족상담소,미추홀구,인하로 195,032-437-1141
338,가정폭력방지및피해자보호등에관한 법률,가정폭력상담소,이용,가족사랑상담소,미추홀구,매소홀로 586(문학동),032-874-6661
339,가정폭력방지및피해자보호등에관한 법률,가정폭력상담소,이용,서인천가정폭력·성폭력 통합상담소,서구,경명대로676,032-564-1366
340,가정폭력방지및피해자보호등에관한 법률,가정폭력상담소,이용,인천우리가정폭력·성폭력 통합상담소,연수구,"샘말로 15-2, 2층(연수동)",032-834-1369
341,가정폭력방지및피해자보호등에관한 법률,여성긴급전화1366센터,이용,여성긴급전화1366인천센터,부평구,"부평구 백범로577번길 20, 503호",032-862-7368
342,가정폭력방지및피해자보호등에관한 법률,가정폭력상담소,이용,인천동구가정폭력상담소,동구,동구 화평로 2,032-773-3288
343,가정폭력방지및피해자보호등에관한 법률,가정폭력상담소,이용,부평구가족심리상담센터,부평구,부평구 부평대로167번길 54,032-505-1366
344,아동복지법 제4조 및 제59조,아동양육시설,생활,계명원,강화군,강화남로 518번길 6-41,032-937-1755
345,아동복지법 제4조 및 제59조,아동양육시설,생활,디차힐,중구,마장포로 29번길4,032-746-0648
346,아동복지법 제4조 및 제59조,아동양육시설,생활,보라매보육원,동구,화도진로 126,032-772-4450
347,아동복지법 제4조 및 제59조,아동양육시설,생활,인천보육원,미추홀구,매소홀로 446번길 50,032-875-2443
348,아동복지법 제4조 및 제59조,아동양육시설,생활,향진원,미추홀구,석정로 329번길 32,032-875-5607
349,아동복지법 제4조 및 제59조,아동양육시설,생활,해성보육원,미추홀구,인하로 91번길 15,032-875-3240
350,아동복지법 제4조 및 제59조,아동양육시설,생활,신명보육원,부평구,경인로 749,032-522-3944
351,아동복지법 제4조 및 제59조,아동양육시설,생활,파인트리홈,부평구,일신로 29,032-515-8808
352,아동복지법 제4조 및 제59조,아동양육시설,생활,해피홈보육원,부평구,경인로 898,032-518-2080
353,아동복지법 제4조 및 제59조,아동일시보호시설,생활,인천보라매아동센터,중구,백운로 528번길 57,032-747-1102
354,아동복지법 제4조 및 제59조,공동생활가정,생활,너랑나랑의집,중구,참외전로 84(전동),032-777-3860
355,아동복지법 제4조 및 제59조,공동생활가정,생활,세리아,중구,영종순환로169번길 64-1(중산동),032-752-5516
356,아동복지법 제4조 및 제59조,공동생활가정,생활,미추홀구신나는,미추홀구,학익소로61번길132 (학익동),032-875-4242
357,아동복지법 제4조 및 제59조,공동생활가정,생활,스위트홈,미추홀구,인주대로 326-1(주안동),032-872-7914
358,아동복지법 제4조 및 제59조,공동생활가정,생활,다올의집,미추홀구,인주대로35번길 12-16(숭의동),070-8238-5579
359,아동복지법 제4조 및 제59조,공동생활가정,생활,남동아동,남동구,독곡로16번길 22-7(서창동),032-461-1584
360,아동복지법 제4조 및 제59조,공동생활가정,생활,희망아동,남동구,석산로240번길 12,032-421-3649
361,아동복지법 제4조 및 제59조,공동생활가정,생활,시정의집,부평구,마장로269번길 91-61(산곡동),032-513-8395
362,아동복지법 제4조 및 제59조,공동생활가정,생활,엘피스,부평구,부흥로386번길 35(부개동),032-504-9546
363,아동복지법 제4조 및 제59조,공동생활가정,생활,행복한집,서구,완정로 208(금곡동),032-565-7291
364,아동복지법 제4조 및 제59조,공동생활가정,생활,꿈이있는집,서구,가현로 168(마전동),032-561-8294
365,아동복지법 제4조 및 제59조,공동생활가정,생활,SY엔터테인먼트,서구,완정로34번길 47(마전동),070-8259-4375
366,아동복지법 제4조 및 제59조,공동생활가정,생활,예람공동생활가정,서구,"고산후로161번길 28, 2층(원당동)",070-4681-0534
367,아동복지법 제4조 및 제59조,공동생활가정,생활,아너클래스,서구,완정로64번길 7(마전동),032-564-5687
368,아동복지법 제4조 및 제59조,공동생활가정,생활,프렌즈,서구,서곶로 818(당하동),070-8845-7179
369,아동복지법 제4조 및 제59조,공동생활가정,생활,해피드림,연수구,청룡로42번길 24(옥련동),032-212-5455
370,아동복지법 제4조 및 제59조,공동생활가정,생활,계양아동청소년그룹홈,계양구,아나지로 199번길(효성동),032-575-1625
371,아동복지법 제4조 및 제59조,공동생활가정,생활,온유,서구,서구 서달로 163번길 6(가정동),032-710-7154
372,아동복지법 제48조 및 제59조,가정위탁지원센터,이용,인천가정위탁지원센터,부평구,"부흥로294번길 4, 8층(부평동)",032-866-1226
373,"아동복지법 제38조, 제39조의2 및 제40조",자립지원전담기관,이용,인천광역시자립지원전담기관,남동구,"용천로 208, 601호",032-204-4279
374,아동복지법,아동상담소,이용,솔샘나우리아동복지종합센터,미추홀구,인하로 91번길 15,032-872-2731
375,아동복지법,아동상담소,이용,푸른마을아동복지종합센터,미추홀구,매소홀로 446번길 50,032-876-2430
376,아동복지법,아동상담소,이용,누리마루아동복지종합센터,미추홀구,석정로 329번길 32,032-876-5607
377,아동복지법,아동상담소,이용,남동구아동복지종합센터,남동구,"용천로 208,2층",032-421-6100
378,아동복지법,지역아동센터,이용,구립 연안,중구,"축항대로86번길 38, 3층(항동7가)",032-881-9790
379,아동복지법,지역아동센터,이용,구립 월디,중구,"참외전로72번길 25, 3층(전동)",032-773-0984
380,아동복지법,지역아동센터,이용,그루터기,중구,"참외전로 13번길 2, 송월아파트상가 제121-1호",032-761-0964
381,아동복지법,지역아동센터,이용,금창,동구,금곡로 44(금창동),032-777-8991
382,아동복지법,지역아동센터,이용,모리아,동구,"화수로3-7, 2층(송현동)",032-772-7142
383,아동복지법,지역아동센터,이용,민들레공부방,동구,"화수로38, 7-105(송현동, 동부아파트)",032-762-8664
384,아동복지법,지역아동센터,이용,솔숲,동구,"샛골로194번길 4-8, 2층(송림동)",032-763-0186
385,아동복지법,지역아동센터,이용,송현샘,동구,"송림로 112-1, 3층(송림동)",032-772-9037
386,아동복지법,지역아동센터,이용,푸른나무교실,동구,"솔빛로 91번길 7, 2층(송림동)",032-773-9708
387,아동복지법,지역아동센터,이용,해와달,동구,"화수로 67-1, 2층(화수동)",032-765-0186
388,아동복지법,지역아동센터,이용,꿈과씨앗,미추홀구,인하로 298번길 9(주안동),032-428-1848
389,아동복지법,지역아동센터,이용,꿈나무,미추홀구,경인로 252번길 12(도화동),032-875-0261
390,아동복지법,지역아동센터,이용,함께걷기꿈동산,미추홀구,독배로 382번길 10(용현동),032-882-3835
391,아동복지법,지역아동센터,이용,꿈이있는,미추홀구,용오로 84(용현동),032-886-5052
392,아동복지법,지역아동센터,이용,남구,미추홀구,주안중로38번길 13(주안동),032-441-9708
393,아동복지법,지역아동센터,이용,다솜,미추홀구,인하로 430번길 30(관교동),032-421-0257
394,아동복지법,지역아동센터,이용,드림,미추홀구,미추홀대로 633(주안동),032-873-2888
395,아동복지법,지역아동센터,이용,또래모아,미추홀구,연송로 50(도화동),032-710-3992
396,아동복지법,지역아동센터,이용,반디,미추홀구,"인하로 370, 3층(주안동)",032-438-0557
397,아동복지법,지역아동센터,이용,예향꿈터,미추홀구,소성로 99(학익동),032-866-9148
398,아동복지법,지역아동센터,이용,옹기종기,미추홀구,동주길135번길 8(주안동),032-423-2260
399,아동복지법,지역아동센터,이용,행복한꿈나무,미추홀구,"한나루로516번길 52, 3층(주안동)",032-874-4762
400,아동복지법,지역아동센터,이용,희망남구,미추홀구,숙골로38번길 1(도화동),032-867-7779
401,아동복지법,지역아동센터,이용,지킴이문학,미추홀구,"소성로318번길 18-12, 3층",032-433-0557
402,아동복지법,지역아동센터,이용,가온누리,연수구,새말로 146(연수동 578-3),032-822-3004
403,아동복지법,지역아동센터,이용,꿈쟁이,연수구,"함박로 4번길 4, 3층 302호(연수동 491)",032-822-5557
404,아동복지법,지역아동센터,이용,돌봄과 배움의 공동체늘푸른교실,연수구,"계림로 112번길 25, 2층(청학동 552-4)",032-834-1172
405,아동복지법,지역아동센터,이용,렘넌트,연수구,샘말로 95-6(연수동 614-7),032-817-8512
406,아동복지법,지역아동센터,이용,새생명,연수구,"먼우금로 282, 302호(연수동 576)",032-821-0092
407,아동복지법,지역아동센터,이용,선학동,연수구,"선학로 37, 202호, 205호(선학동 340)",032-822-0931
408,아동복지법,지역아동센터,이용,솔로몬,연수구,넘말로55번길 19(선학동 391-3),032-812-6445
409,아동복지법,지역아동센터,이용,쉐마,연수구,경원대로 467번길 26-5 선학동 403-17),032-822-2005
410,아동복지법,지역아동센터,이용,위즈키즈,연수구,"먼우금로 302, 101-102(연수동 534)",032-822-5077
411,아동복지법,지역아동센터,이용,참조은아이,연수구,"새말로 47, 2층(연수동 551-8) ",032-815-6622
412,아동복지법,지역아동센터,이용,청담,연수구,"용담로 54, 2층(청학동 469-1)",070-8805-8005
413,아동복지법,지역아동센터,이용,청어람,연수구,독배로 82번길 47(옥련동 159-1),032-833-4852
414,아동복지법,지역아동센터,이용,청학동,연수구,솔샘로 73(청학동 566-18),032-833-4504
415,아동복지법,지역아동센터,이용,연수,연수구,"한나루로158번길 5, 403호",032-831-3565
416,아동복지법,지역아동센터,이용,MS,남동구,"석산로 35, 2층 210호 (간석동, 간석마을풍림아이원아파트 상가)",032-422-0685
417,아동복지법,지역아동센터,이용,가온,남동구,구월남로 68 (구월동),032-428-4348
418,아동복지법,지역아동센터,이용,간석,남동구,용천로168번길 5 (간석동),032-434-3004
419,아동복지법,지역아동센터,이용,고려대,남동구,"구월로 343, 2층 (만수동)",032-466-6686
420,아동복지법,지역아동센터,이용,광성,남동구,구월말로27번길 1 (구월동),032-465-9712
421,아동복지법,지역아동센터,이용,구월3,남동구,"문화서로23번길 13, 4층 (구월동)",032-201-5779
422,아동복지법,지역아동센터,이용,구월,남동구,"용천로 20, 3층 (구월동)",032-472-8300
423,아동복지법,지역아동센터,이용,꿈나무,남동구,"남촌로 120, 2층 (남촌동)",032-462-3522
424,아동복지법,지역아동센터,이용,나래,남동구,"백범로247번길 54, 2층 (구월동)",032-205-4240
425,아동복지법,지역아동센터,이용,남동,남동구,"석산로 194, 2층 (간석동)",032-424-8991
426,아동복지법,지역아동센터,이용,남촌,남동구,"남촌로93번길 34, 3층(남촌동)",032-471-0700
427,아동복지법,지역아동센터,이용,논현,남동구,"장도로 10-3, 10동 1층 101호 (논현동, 성화빌라)",032-422-9882
428,아동복지법,지역아동센터,이용,드림애,남동구,"만경로 31-1, 3층 (만수동)",032-464-0302
429,아동복지법,지역아동센터,이용,등대마을,남동구,"청능대로715번길 22, 2층 (논현동, 논현주공14단지 관리동)",032-429-2655 
430,아동복지법,지역아동센터,이용,만수사랑,남동구,"만수서로 97-17, 2층 (만수동)",032-467-7301
431,아동복지법,지역아동센터,이용,만수행복,남동구,"인수북로4번길 20, 1층 (만수동)",032-471-7959
432,아동복지법,지역아동센터,이용,베스트,남동구,"구월말로27번길 90, 2층 (구월동)",032-469-8607
433,아동복지법,지역아동센터,이용,아이사랑,남동구,"용천로 91, 2층 (구월동)",032-467-5685
434,아동복지법,지역아동센터,이용,산돌,남동구,"백범로 67, 4층 (만수동)",032-467-3057
435,아동복지법,지역아동센터,이용,서창,남동구,"매소홀로1108, 202호 (서창동)",032-465-4610 
436,아동복지법,지역아동센터,이용,선향,남동구,"복개동로38번길 21, 2층 (만수동)",032-464-0972
437,아동복지법,지역아동센터,이용,아이원,남동구,"주안로259번길 23, 1층(간석동)",032-432-4344
438,아동복지법,지역아동센터,이용,엘림,남동구,"인주대로850번길 31-3, 3층",032-468-5791
439,아동복지법,지역아동센터,이용,영문,남동구,"구월로336번길 53, 2층(만수동)",032-466-9789
440,아동복지법,지역아동센터,이용,예꿈마을,남동구,"담방서로17번길 21, 201호 (만수동, 이삭아파트 상가)",032-469-0644
441,아동복지법,지역아동센터,이용,예사랑,남동구,"앵고개로815번길22, 1층(논현동,소래휴먼시아3단지아파트 관리사무소동)",032-431-1532
442,아동복지법,지역아동센터,이용,우리동네,남동구,"석정로461번길 10, 103호 (간석동,상가)",032-203-2911
443,아동복지법,지역아동센터,이용,웃음꽃,남동구,"남동대로726번길 15-20, 3층 (구월동)",032-464-7975
444,아동복지법,지역아동센터,이용,으라차차,남동구,"문화로169번길 92, 2층(간석동)",032-201-9477
445,아동복지법,지역아동센터,이용,남동구 구립,남동구,모래내로 14-5 (구월동),032-466-6601
446,아동복지법,지역아동센터,이용,장미원,남동구,인수로32번길 22-2 (만수동),070-4239-4954
447,아동복지법,지역아동센터,이용,충헌,남동구,"서창남로2, 2층(서창12단지LH아파트내 주민복지동)",032-463-8674
448,아동복지법,지역아동센터,이용,큰사랑행복한홈스쿨,남동구,"백범로124번길 162, 3층 (만수동)",032-464-9925
449,아동복지법,지역아동센터,이용,하늘둥지,남동구,"청능대로715번길 59 (논현동, 주공아파트 주민복지관)",032-423-8977
450,아동복지법,지역아동센터,이용,하늘마을,남동구,"논현로 45, 2층 (논현동, 논현휴먼시아 하늘마을)",032-432-6382
451,아동복지법,지역아동센터,이용,한빛,남동구,"구월로137번길 40, 3층 (간석동)",032-439-3220
452,아동복지법,지역아동센터,이용,해피아이,남동구,만수서로37번길 32 (만수동),032-428-5370
453,아동복지법,지역아동센터,이용,행복한,남동구,남동대로898번길 25 (간석동),032-422-8291
454,아동복지법,지역아동센터,이용,희망온새미로,남동구,"석산로208번길27-9, 2층(구월동)",032-423-1306
455,아동복지법,지역아동센터,이용,희망,남동구,"소래로 669번길 30, 302호(만수동)",032-462-4203
456,아동복지법,지역아동센터,이용,온새미로,남동구,"백범로226번길 35, 2층(만수동)",032-422-9634
457,아동복지법,지역아동센터,이용,올리브나무,남동구,"만수로 11, 2층 (만수동)",032-213-2201
458,아동복지법,지역아동센터,이용,갈산동도토리학교,부평구,평천로 355(갈산동),032-527-0933
459,아동복지법,지역아동센터,이용,경인비젼스쿨,부평구,마장로 14(십정동),070-8288-4347
460,아동복지법,지역아동센터,이용,고토,부평구,"부흥로 380, 2층 (부개동)",032-330-1135
461,아동복지법,지역아동센터,이용,나라찬예꿈,부평구,"경인로 918, 3층(부평동)",032-426-6016
462,아동복지법,지역아동센터,이용,나라찬한사랑,부평구,"길주남로 78, 2층 (부평동)",032-511-9065
463,아동복지법,지역아동센터,이용,나라찬한우리,부평구,"영성로 38, 2층 (삼산동)",032-528-6500
464,아동복지법,지역아동센터,이용,너른들부평,부평구,"장제로159번길34, 2층(부평동)",032-521-4458
465,아동복지법,지역아동센터,이용,누리,부평구,"마장로450번길 18, 4층(청천동)",032-514-1388
466,아동복지법,지역아동센터,이용,다드림,부평구,항동로45번길 8(일신동),032-511-8291
467,아동복지법,지역아동센터,이용,무지개,부평구,"부평문화로127, 4층 (부평동)",032-330-1641
468,아동복지법,지역아동센터,이용,사랑의,부평구,"원길로 11번길 45, 2층(산곡동)",032-512-9090
469,아동복지법,지역아동센터,이용,산곡,부평구,"원적로298, 4층(산곡동)",032-523-3790
470,아동복지법,지역아동센터,이용,삼산해오름 공부방,부평구,"부평북로 448, 3층(삼산동)",032-523-7035
471,아동복지법,지역아동센터,이용,새빛행복한홈스쿨,부평구,"주부토로 146, 3층 (갈산동)",032-525-2710
472,아동복지법,지역아동센터,이용,생명,부평구,"부흥북로58번길 16, 2층 (부평동)",032-512-9063
473,아동복지법,지역아동센터,이용,생명샘,부평구,"수변로10번길 5, 3층",032-517-2077
474,아동복지법,지역아동센터,이용,서로사랑,부평구,"주부토로219번길 36, 2층 (갈산동, 정광상가)",032-522-3312
475,아동복지법,지역아동센터,이용,십정동,부평구,"배곶로 71, 2층 (십정동)",070-7681-5843
476,아동복지법,지역아동센터,이용,에덴마을,부평구,일신로40번길 21-2(일신동),032-502-3258
477,아동복지법,지역아동센터,이용,엘림,부평구,"경원대로1130번길 29, 3층 (십정동)",032-528-1270
478,아동복지법,지역아동센터,이용,오순도순공부방,부평구,"마장로364번길 7-1, 3층(청천동)",032-507-2340
479,아동복지법,지역아동센터,이용,인천부평사랑회 ,부평구,"항동로 27, 3층 (부개동)",032-518-3360
480,아동복지법,지역아동센터,이용,인천행복한돌봄 동암,부평구,백범로406번길 64(십정동),032-429-8485
481,아동복지법,지역아동센터,이용,인천행복한돌봄 믿음,부평구,남부역로5번길 38(부평동),032-526-4425
482,아동복지법,지역아동센터,이용,제일,부평구,부평문화로197번길 40 (부개동),032-508-1255
483,아동복지법,지역아동센터,이용,카리타스(구 갈산복지관),부평구,"주부토로 206, 2층(갈산동, 갈산종합사회복지관)",032-527-7581
484,아동복지법,지역아동센터,이용,함께걷기다정,부평구,"화랑남로5번길 20, 2층 (산곡동)",032-504-5477
485,아동복지법,지역아동센터,이용,함께걷기보아스,부평구,"마장로72번길 8, 2층 (십정동)",032-503-7598
486,아동복지법,지역아동센터,이용,함께걷기소망,부평구,"마장로 412, 2층(청천동)",032-519-2525
487,아동복지법,지역아동센터,이용,함께걷기참사랑,부평구,부흥로 315번길 18-5,032-522-7523
488,아동복지법,지역아동센터,이용,함께걷기큰사랑,부평구,"평천로 145, 2층(청천동)",032-512-3770
489,아동복지법,지역아동센터,이용,해님공부방,부평구,"배곶북로 14, 2층(십정동)",032-437-6049
490,아동복지법,지역아동센터,이용,햇살 공부방,부평구,"세월천로 11-8, 3층(청천동)",032-504-6308
491,아동복지법,지역아동센터,이용,인천행복한돌봄계양,계양구,"봉오대로 698번길 11, 2~3층 (작전1동 870-62)",032-541-1090
492,아동복지법,지역아동센터,이용,함께걷기키파,계양구,"계산로 3, 2층(계산동)",032-554-9111
493,아동복지법,지역아동센터,이용,계양 푸른솔,계양구,"아나지로 517, 2층 (작전서운동 130-6)",032-552-9012
494,아동복지법,지역아동센터,이용,함께걷기 로뎀나무,계양구,"경명대로 1029번길 22-18, 2층 (계산2동 931-3)",032-205-7212
495,아동복지법,지역아동센터,이용,새벽,계양구,"주부토로 501번길 31, 3층 (계산1동 959-17)",032-549-7375
496,아동복지법,지역아동센터,이용,새봄 ,계양구,"계수로 6-1, 2층 (계산2동 925-20, 복된교회)",032-548-0679
497,아동복지법,지역아동센터,이용,선민아이들세상 ,계양구,"아나지로 144, 2층 (효성동 404-17)",032-549-1474
498,아동복지법,지역아동센터,이용,신나는 교실    ,계양구,"효서로 135번길 11, 2층 (효성2동 232-39)",032-543-0346
499,아동복지법,지역아동센터,이용,씨앗,계양구,"새벌로 120, 208호 (효성2동 196-6)",032-553-0455
500,아동복지법,지역아동센터,이용,행복한돌봄예원,계양구,계양대로 120번길 25-17 (작전2동 856-54),032-204-0424
501,아동복지법,지역아동센터,이용,우리두리,계양구,"효서로 93, 2층 (효성1동 189-2)",032-545-7911
502,아동복지법,지역아동센터,이용,함께걷기이지,계양구,"효서로 39, 5층(효성동)",032-541-7908
503,아동복지법,지역아동센터,이용,인천행복한돌봄임학,계양구,"병방시장로32-1, 2층/301,302호 (임학동246)",032-542-7740
504,아동복지법,지역아동센터,이용,작전행복한홈스쿨,계양구,"주부토로 368, 1층 (작전동 177번지)",070-8255-8174
505,아동복지법,지역아동센터,이용,청운,계양구,"안남로 573번길 26, 401~404호 (효성1동 33-2)",070-4102-1674
506,아동복지법,지역아동센터,이용,하늘씨앗,계양구,"까치말로 15번길 11-2, 3층(작전동)",070-7581-3927
507,아동복지법,지역아동센터,이용,해인,계양구,"경명대로 1045번길 21-5, 3층 (계산2동 931-20)",032-543-8004
508,아동복지법,지역아동센터,이용,행복나눔,계양구,동양로 74-33 (동양동 387-7),032-551-0330
509,아동복지법,지역아동센터,이용,효성,계양구,"효서로 208, 2층 (효성2동 195-8)",032-554-9191
510,아동복지법,지역아동센터,이용,효성사랑,계양구,"안남로 573번길 16, 2층 (효성1동 99-11 뉴서울1차A상가)",032-551-3367
511,아동복지법,지역아동센터,이용,효성중앙,계양구,"새풀로 7번길 37, 2층 (효성2동 602-1)",070-8774-8292
512,아동복지법,지역아동센터,이용,샛별,계양구,"장제로 946번길 16-2, 2층 (병방동92-27)",032-552-2959
513,아동복지법,지역아동센터,이용,해솔,계양구,봉오대로531번길6-9,032-542-1254
514,아동복지법,지역아동센터,이용,소양,계양구,"장제로997번길 2, 2~3층(박촌동)",032-544-6999
515,아동복지법,지역아동센터,이용,BTC,서구,"심곡로 193-14, 3층 (연희동)",032-568-6691
516,아동복지법,지역아동센터,이용,가좌,서구,"여우재로 99, 2층 (가좌동)",032-581-9669
517,아동복지법,지역아동센터,이용,검단,서구,검단로 501번길69,070-8257-7582
518,아동복지법,지역아동센터,이용,그레이스힐,서구,"검단로 623번길 17, 2층(마전동)",032-566-8920
519,아동복지법,지역아동센터,이용,꿈나무,서구,"가석로156번길 14, 3층 (가좌동)",032-577-4025
520,아동복지법,지역아동센터,이용,꿈이자라는,서구,"건지로318번안길 17, 2층 및 3층 일부 302호(가좌동)",032-577-6239
521,아동복지법,지역아동센터,이용,내일을여는 교실,서구,"율도로 109, 202호 (가정동,진흥아파트) ",032-577-5218
522,아동복지법,지역아동센터,이용,늘푸른,서구,"가정로126번길 29, 3층(가좌동)",032-575-7500
523,아동복지법,지역아동센터,이용,백합,서구,"장고개로287번길 6-2, 2층 (가좌동)",032-577-4075
524,아동복지법,지역아동센터,이용,새벽공부방,서구,"장고개로 264, 3층 (가좌동)",032-582-2862
525,아동복지법,지역아동센터,이용,새일꾼,서구,"승학로382번길 6, 2층(검암동)",032-564-0675
526,아동복지법,지역아동센터,이용,샘물,서구,염곡로383번길 24(신현동) ,032-568-3391
527,아동복지법,지역아동센터,이용,서곶,서구,"승학로287번길 27, 2층 (연희동)",070-7783-6900
528,아동복지법,지역아동센터,이용,서로사랑하는,서구,"완정로10번길 8, 3층 (마전동)",032-565-5060
529,아동복지법,지역아동센터,이용,석남,서구,"서달로137번길 13, 2층 (석남동)",032-579-3654
530,아동복지법,지역아동센터,이용,성문,서구,서달로 126,032-573-5545
531,아동복지법,지역아동센터,이용,심곡,서구,"승학로 278, 3층 (심곡동)",032-562-0691
532,아동복지법,지역아동센터,이용,연희,서구,"심곡로 17, 2층 (심곡동)",032-562-9119
533,아동복지법,지역아동센터,이용,오트,서구,"서달로123번길 14, 3층(석남동)",032-573-5755
534,아동복지법,지역아동센터,이용,옹기종기,서구,간촌로31번길 16 (연희동) ,032-565-2554
535,아동복지법,지역아동센터,이용,위누리,서구,길주로142번길24-1,032-584-2047
536,아동복지법,지역아동센터,이용,은가비,서구,건지로284번길 3-4 (가좌동),032-576-1388
537,아동복지법,지역아동센터,이용,진주,서구,신진말로33번길 8-15 (가좌동) ,032-577-2728
538,아동복지법,지역아동센터,이용,푸른꿈,서구,검단로435번길 9-1(왕길동),032-562-5702
539,아동복지법,지역아동센터,이용,푸른솔생활학교,서구,"가정로138번길 14, 2층 (가좌동)",032-577-4009
540,아동복지법,지역아동센터,이용,해바라기,서구,"열우물로 247, 5층(가좌동)",032-581-4043
541,아동복지법,지역아동센터,이용,행복한 ,서구,"염곡로 307-1, 2층 (석남동)",032-581-7395
542,아동복지법,지역아동센터,이용,행복한동산,서구,"완정로178번길52, 1층",032-563-3393
543,아동복지법,지역아동센터,이용,호산나,서구,"원적로120, 403호(가좌동)",070-7527-5213
544,아동복지법,지역아동센터,이용,서구공립,서구,율도로16번길 18(상생마을 도시재생현장지원센터 내),032-582-1701
545,아동복지법,지역아동센터,이용,신나는,강화군,강화읍 신문길 44번길 8-4(신문리),032-934-1905
546,아동복지법,지역아동센터,이용,고인돌,강화군,하점면 강화대로 1089(부근리),032-933-6394
547,아동복지법,지역아동센터,이용,밝은햇살,강화군,강화읍 북문길 6(관청리),032-932-3688
548,아동복지법,지역아동센터,이용,비전,강화군,길상면 길상로 306(온수리),032-937-7173
549,아동복지법,지역아동센터,이용,열매,강화군,강화읍 갑룡길 76-17(갑곳리),032-934-9963
550,아동복지법,지역아동센터,이용,아름다운,강화군,강화읍 동문로 141번길 17-7(옥림리),032-933-6235
551,아동복지법,지역아동센터,이용,제자,강화군,강화읍 갑룡길 84(갑곳리),070-4642-2782
552,아동복지법,지역아동센터,이용,화도마리,강화군,화도면 가능포로 37-12(상방리),032-937-9062
553,아동복지법,지역아동센터,이용,희망터,강화군,길상면 온수길38번길 14(온수리),032-937-7811
554,아동복지법,지역아동센터,이용,강화,강화군,"강화읍 갑룡길117번길28-3, 나동 102호(용정리, 동경빌라)",032-934-5123
555,아동복지법,지역아동센터,이용,영흥,옹진군,영흥면 영흥서로 220,070-4159-2189
556,아동복지법,다함께돌봄센터,이용,강화군 다함께돌봄센터,강화군,"강화군 강화읍 갑룡길 59, 3층",032-933-1709
557,아동복지법,다함께돌봄센터,이용,옹진군 다함께돌봄센터 1호점,옹진군,영흥면 영흥북로 228 1층,070-4151-8598
558,아동복지법,다함께돌봄센터,이용,중구 다함께돌봄센터 1호점,중구,"중구 흰바위로 203, 220동 1층(운서 SK뷰 스카이시티 1차 아파트)",032-751-2050
559,아동복지법,다함께돌봄센터,이용,중구 다함께돌봄센터 2호점,중구,"중구 하늘달빛로 113, 주민공동시설 1층(우미린 2단지 아파트)",032-746-9608
560,아동복지법,다함께돌봄센터,이용,동구 다함께돌봄센터 1호점,동구,동구 새천년로38번길11 동산휴먼시아2단지 내 주민공동시설 2층,032-715-9488
561,아동복지법,다함께돌봄센터,이용,동구 다함께돌봄센터 2호점,동구,"동구 송미로 6, 105동 1층(송림풍림아이원아파트 주민공동시설) ",032-772-0296
562,아동복지법,다함께돌봄센터,이용,동구 다함께돌봄센터 3호점,동구,"동구 새천년로 93, 4층(송림골 꿈드림센터)",032-710-6311
563,아동복지법,다함께돌봄센터,이용,미추홀구 다함께돌봄센터 1호점,미추홀구,미추홀구 구월로 24풍성교회 1층,032-441-2004
564,아동복지법,다함께돌봄센터,이용,미추홀구 다함께돌봄센터 2호점,미추홀구,"미추홀구 매소홀로418번길 14-57(인천종합사회복지관), 2층",070-4575-4008
565,아동복지법,다함께돌봄센터,이용,미추홀구 다함께돌봄센터 3호점,미추홀구,미추홀구 경인로34번길 20(숭의2동 행정복지센터) 2층,032-881-4303
566,아동복지법,다함께돌봄센터,이용,미추홀구 다함께돌봄센터 4호점,미추홀구,"미추홀구 문학길 136(문학길),성해재단 D동 1층",070-7537-1059
567,아동복지법,다함께돌봄센터,이용,미추홀구 다함께돌봄센터 5호점,미추홀구,미추홀구 석정로461번길 21(주안5동 행정복지센터) 2층,032-873-1184
568,아동복지법,다함께돌봄센터,이용,미추홀구 다함께돌봄센터 6호점(사미골 돌봄놀이터),미추홀구,미추홀구 인하로209번길 27(사미골 주민공동이용시설) 2층,
569,아동복지법,다함께돌봄센터,이용,청학동 다함께돌봄센터,연수구,연수구 청학로 비류대로 287,032-831-2204
570,아동복지법,다함께돌봄센터,이용,럭키송도 다함께돌봄센터,연수구,연수구 능허대로79번길 30,032-858-8993
571,아동복지법,다함께돌봄센터,이용,연수2동 다함께돌봄센터,연수구,"연수구 원인재로 158, 3층",032-815-9750
572,아동복지법,다함께돌봄센터,이용,연수1동 다함께돌봄센터,연수구,"연수구 함박안로62번길 41, 2층",032-821-3024
573,아동복지법,다함께돌봄센터,이용,남동구 다함께돌봄센터 1호점(서창2 아이함께자람터),남동구,남동구 서창남로2 서창LH12단지(커뮤니티센터 1층),032-472-3904
574,아동복지법,다함께돌봄센터,이용,남동구 다함께돌봄센터 2호점(서창 더포레스트 아이함께자람터),남동구,"남동구 서창남순환로 140(서창 더포레스트 공공아파트, 주민복지관4)",032-469-3350
575,아동복지법,다함께돌봄센터,이용,남동구 다함께돌봄센터 3호점(서창 청광플러스원 아이함께자람터),남동구,"남동구 서창남순환로 82(서창 청광플러스원아파트, 주민공동시설 2층)",032-464-3350
576,아동복지법,다함께돌봄센터,이용,남동구 다함께돌봄센터 4호점(논현 에코메트로11단지 아이함께자람터),남동구,"남동구 논고개로 17(한화에코메트로 11단지아파트, (구)문화센터)",032-426-3350
577,아동복지법,다함께돌봄센터,이용,남동구 다함께돌봄센터 5호점(논현 논현주공13단지 아이함께자람터),남동구,남동구 포구로 98(휴먼시아 13단지 푸르내마을 아파트 관리사무소 옆),032-425-3350
578,아동복지법,다함께돌봄센터,이용,남동구 다함께돌봄센터 6호점(남촌어울림 아이함께자람터),남동구,남동구 남촌동로26번길 20(남촌동 남촌 커뮤니티센터 2층),032-468-3350
579,아동복지법,다함께돌봄센터,이용,남동구 다함께돌봄센터 7호점(구월힐캐슬 아이함께자람터),남동구,남동구 구월로 192(구월힐스테이트&롯데캐슬골드1단지),032-465-3357
580,아동복지법,다함께돌봄센터,이용,남동구 다함께돌봄센터 8호점(간석1동 아이함께자람터),남동구,남동구 구월로131번길 38(간석동),032-427-4227
581,아동복지법,다함께돌봄센터,이용,부평구다함께돌봄센터 부평꿈자람터,부평구,"부평구 부영로 161, 3층",032-508-0105
582,아동복지법,다함께돌봄센터,이용,부평구다함께돌봄센터 꿈이룸,부평구,"부평구 산청로 112-3, 2층",032-522-8290
583,아동복지법,다함께돌봄센터,이용,부평구다함께돌봄센터 꿈열음,부평구,"부평구 부흥북로 89, 2층",032-361-7379
584,아동복지법,다함께돌봄센터,이용,계양구 다함께돌봄센터,계양구,"계양구 양지로 138, 4층",032-541-4090
585,아동복지법,다함께돌봄센터,이용,계양구 다함께돌봄센터2호점,계양구,"계양구 장기서로 8, 계양1동 행정복지센터 2층",032-547-1213
586,아동복지법,다함께돌봄센터,이용,계양구 다함께돌봄센터3호점,계양구,"계양구 계양대로 201, 새마을금고 5층",032-548-5557
587,아동복지법,다함께돌봄센터,이용,서구 다함께돌봄센터 1호점,서구,서구 봉오재3로 14(LH3단지 주민공동시설 내 1층),032-567-2123
588,아동복지법,다함께돌봄센터,이용,서구 다함께돌봄센터 2호점,서구,서구 봉오재1로 49(루원시티 루에블리 주민공동시설 내 2층),032-710-6530
589,아동복지법,다함께돌봄센터,이용,서로이음 아이돌봄 다함께돌봄센터 3호점,서구,서구 청마로167번길 19(당하동행정복지센터 2층),032-715-7779
590,아동복지법,다함께돌봄센터,이용,서로이음 아이돌봄 다함께돌봄센터 4호점,서구,서구 비즈니스로 166(청라센텀대광로제비앙아파트 주민공동시설 B1층),032-566-0725
591,아동복지법,다함께돌봄센터,이용,서로이음 아이돌봄 다함께돌봄센터 5호점,서구,서구 가현로41 (대원레스피아1차아파트 204동 1층),032-563-2122
592,아동복지법,다함께돌봄센터,이용,서구 다함께돌봄센터 6호점,서구, 서구 청라라임로 85                                       (청라린스트라우스 아파트 102동 주민공동시설 2층),032-567-1929
593,아동복지법,다함께돌봄센터,이용,서구 다함께돌봄센터 7호점,서구,서구 이음3로 220                                         (검단LH20단지 주민공동시설 1층),032-567-7123
594,아동복지법,다함께돌봄센터,이용,서구 다함께돌봄센터 8호점,서구,서구 매밭로 130(한신더휴어반파크 주민공동시설 1층),032-563-8174
595,아동복지법,다함께돌봄센터,이용,서구 다함께돌봄센터 9호점,서구,이음3로 130(유승한내들에듀파트 주민공동시설 1층),032-561-1575
596,아동복지법,아동보호전문기관,이용,인천광역시아동보호전문기관,미추홀구,경원대로 899(주안동),032-434-1391
597,아동복지법,아동보호전문기관,이용,인천북부아동보호전문기관,계양구,"경명대로 1074, 504호(계산동, 삼환빌딩)",032-515-1391
598,아동복지법,아동보호전문기관,이용,인천남부아동보호전문기관,남동구,"남동대로 904, 4층",032-424-1391
599,아동복지법,아동보호전문기관,이용,인천서부아동보호전문기관,서구,"서구 완정로 153, 10층 1001호(왕길동, 이레메디칼센타)",032-563-1931
600,아동복지법,아동보호전문기관,이용,인천중부아동보호전문기관,동구,송화로52번길 14-3,032-765-1391
601,아동복지법,아동보호전문기관,이용,인천검암아동보호전문기관,서구,승학로 528(검암동),032-424-1391
602,아동복지법,학대피해아동쉼터,생활,늘해랑,미추홀구,비공개,
603,아동복지법,학대피해아동쉼터,생활,레인보우,남동구,비공개,
604,아동복지법,학대피해아동쉼터,생활,꿈나래,부평구,비공개,
605,아동복지법,학대피해아동쉼터,생활,홀트미추홀,계양구,비공개,
606,아동복지법,학대피해아동쉼터,생활,도토리,계양구,비공개,
607,아동복지법,학대피해아동쉼터,생활,서로이음,서구,비공개,
608,아동복지법,학대피해아동쉼터,생활,서동이,서구,비공개,
609,청소년복지지원법,청소년복지시설,이용,청소년일시이동형쉼터,남동구,경인로728번길 1 2층,032-522-0691
610,청소년복지지원법,청소년복지시설,생활,청소년일시쉼터 한울타리,부평구,경인로 1059번길 10,032-516-1318
611,청소년복지지원법,청소년복지시설,생활,청소년일시쉼터 꿈꾸는별,계양구,양지로 153,032-817-1318
612,청소년복지지원법,청소년복지시설,생활,청소년단기쉼터 하모니(여),남동구,인주대로 801,032-468-1318
613,청소년복지지원법,청소년복지시설,생활,청소년단기쉼터 하늘목장(여),부평구,수변로 45-2,032-528-2216
614,청소년복지지원법,청소년복지시설,생활,청소년단기쉼터 바다의별(남),미추홀구,남주길 125번길 5,032-438-1318
615,청소년복지지원법,청소년복지시설,생활,청소년단기쉼터 우리들(남),부평구,아트센터로60번길 4,032-442-1388
616,청소년복지지원법,청소년복지시설,생활,청소년중장기쉼터 예꿈(여),남동구,백범로 157번길 34-15 3층,032-465-1393
617,청소년복지지원법,청소년복지시설,생활,남자청소년 자립지원관 별바라기,부평구,마장로 367번길 40,032-875-1319
618,청소년복지지원법,청소년복지시설,생활,여자청소년 자립지원관 행복자리,남동구,문화로 167번길 40-17 301호,032-467-1398
619,다문화가족지원법,다문화가족지원센터,이용,부평구 다문화가족지원센터,부평구,열우물로 103(십정동),032-511-1800
620,건강가정기본법,가족센터,이용,강화군 가족센터,강화군,강화읍북문길11-1,032-932-1005
621,건강가정기본법,가족센터,이용,옹진군 가족센터,옹진군,옹진군 영흥면 영흥북로 228,032-880-1720
622,건강가정기본법,가족센터,이용,중구 가족센터,중구,답동로23(경동),032-763-9337
623,건강가정기본법,가족센터,이용,동구 가족센터,동구,"인천 동구 솔빛로 22번길 2, 4층",032-773-0297
624,건강가정기본법,가족센터,이용,미추홀구 가족센터,미추홀구,낙섬중로 129,032-875-2993
625,건강가정기본법,가족센터,이용,연수구 가족센터,연수구,청능대로 109,032-851-2740
626,건강가정기본법,가족센터,이용,남동구 가족센터,남동구,문화서로 62번길 13,032-467-3904
627,건강가정기본법,건강가정지원센터,이용,부평구 건강가정지원센터,부평구,부영로 161,032-508-0121
628,건강가정기본법,가족센터,이용,계양구 가족센터,계양구,계양산로 102번길 5,032-547-1017
629,건강가정기본법,가족센터,이용,서구 가족센터,서구,경명대로 693번길 6,032-569-1560
630,한부모가족지원법,한부모가족복지시설,생활,스텔라의 집,미추홀구,승학길26번길 40,032-864-0055
631,한부모가족지원법,한부모가족복지시설,생활,빈첸시아의 집,미추홀구,수봉로 33번길 64,032-872-3101
632,한부모가족지원법,한부모가족복지시설,생활,은혜주택,미추홀구,비공개, 
633,한부모가족지원법,한부모가족복지시설,생활,모니카의집,연수구,청량로 184번길 16,032-832-8075
634,한부모가족지원법,한부모가족복지시설,생활,푸르뫼Mom&Kids,연수구,청솔로 51,032-832-1468
635,한부모가족지원법,한부모가족복지시설,생활,세움누리의 집,부평구,백범로478번길 8-7,032-504-2227
636,한부모가족지원법,한부모가족복지시설,생활,인천자모원,중   구,우현로50번길 23-2,032-772-0071
637,한부모가족지원법,한부모가족복지시설,생활,아담채,남동구,경신로 47,032-461-2324
638,정신건강증진 및 정신질환자 복지서비스 지원에 관한 법률,정신요양시설,생활,강화정신요양원,강화군,선원면 고식이길 20번길 19-3,032-933-4578
639,정신건강증진 및 정신질환자 복지서비스 지원에 관한 법률,정신요양시설,생활,소망의집,서구,심곡로 132번길 22,032-563-2322
640,정신건강증진 및 정신질환자 복지서비스 지원에 관한 법률,정신재활시설(공동생활가정),생활,라온숨,중구,도원로 20번길 34 대건하이츠 202호,032-216-5678
641,정신건강증진 및 정신질환자 복지서비스 지원에 관한 법률,정신재활시설(공동생활가정),생활,라온제나,동구,"화도로 50번길 12, 푸른좋은집 B01호",070-4038-8384
642,정신건강증진 및 정신질환자 복지서비스 지원에 관한 법률,정신재활시설(공동생활가정),생활,꿈의둥지,미추홀구,"소성로 318번길 8-26, 302호",070-8616-4587
643,정신건강증진 및 정신질환자 복지서비스 지원에 관한 법률,정신재활시설(공동생활가정),생활,미추홀하우스,미추홀구,경인로 268번길 33-13,032-872-0320
644,정신건강증진 및 정신질환자 복지서비스 지원에 관한 법률,정신재활시설(공동생활가정),생활,리앤리,연수구,한나루로 186번길 54,032-207-9477
645,정신건강증진 및 정신질환자 복지서비스 지원에 관한 법률,정신재활시설(공동생활가정),생활,해피하우스,연수구,한나루로 186번길 54,070-4090-0811
646,정신건강증진 및 정신질환자 복지서비스 지원에 관한 법률,정신재활시설(공동생활가정),생활,마음자리,남동구,"경인로 599번길 26-6, 좋은하루 다동 201-202호",032-502-7081
647,정신건강증진 및 정신질환자 복지서비스 지원에 관한 법률,정신재활시설(공동생활가정),생활,희망샘,부평구,"대정로 30, 5층",032-361-7880
648,정신건강증진 및 정신질환자 복지서비스 지원에 관한 법률,정신재활시설(공동생활가정),생활,네모의 꿈,계양구 ,"아나지로307번길 8-1, 대경빌라트 601동302호",070-7604-0804
649,정신건강증진 및 정신질환자 복지서비스 지원에 관한 법률,정신재활시설(공동생활가정),생활,꿈을담다,서구,"서달로179번길 12-9, 2동 101호(가정동,인향아파트)",032-287-0776
650,정신건강증진 및 정신질환자 복지서비스 지원에 관한 법률,정신재활시설(주간재활),이용,월산사회복귀시설,부평구,평천로 319-5,032-507-4892
651,정신건강증진 및 정신질환자 복지서비스 지원에 관한 법률,정신재활시설(주간재활),이용,연수새누리 정신재활시설,연수구,연수구 앵고개로 183 남동부수도사업소 2층,032-813-4760
652,정신건강증진 및 정신질환자 복지서비스 지원에 관한 법률,정신재활시설(주간재활),이용,남동정신재활시설 그루터기,남동구,"담방서로 23번길 17, 남동구장애인복지관(별관3층)",032-472-6419
653,정신건강증진 및 정신질환자 복지서비스 지원에 관한 법률,정신재활시설(주간재활),이용,해피투게더,계양구 ,"길마로 60, 5층",032-545-7585
