admin_dong_code_20260701,sido_name_20260701,district_name_20260701,dong_name_20260701,created_date
2812551000,인천광역시,제물포구,신포동,20260701
2812552000,인천광역시,제물포구,연안동,20260701
2812553000,인천광역시,제물포구,신흥동,20260701
2812554000,인천광역시,제물포구,도원동,20260701
2812555000,인천광역시,제물포구,율목동,20260701
2812556000,인천광역시,제물포구,동인천동,20260701
2812557000,인천광역시,제물포구,개항동,20260701
2812558000,인천광역시,제물포구,만석동,20260701
2812559000,인천광역시,제물포구,화수1.화평동,20260701
2812560000,인천광역시,제물포구,화수2동,20260701
2812561000,인천광역시,제물포구,송현1.2동,20260701
2812562000,인천광역시,제물포구,송현3동,20260701
2812563000,인천광역시,제물포구,송림1동,20260701
2812564000,인천광역시,제물포구,송림2동,20260701
2812565000,인천광역시,제물포구,송림3·5동,20260701
2812566000,인천광역시,제물포구,송림4동,20260701
2812567000,인천광역시,제물포구,송림6동,20260701
2812568000,인천광역시,제물포구,금창동,20260701
2815551000,인천광역시,영종구,영종동,20260701
2815552000,인천광역시,영종구,영종1동,20260701
2815553000,인천광역시,영종구,영종2동,20260701
2815554000,인천광역시,영종구,운서1동,20260701
2815555000,인천광역시,영종구,운서2동,20260701
2815556000,인천광역시,영종구,용유동,20260701
2817751000,인천광역시,미추홀구,숭의2동,20180701
2817752000,인천광역시,미추홀구,숭의1.3동,20180701
2817753000,인천광역시,미추홀구,숭의4동,20180701
2817754000,인천광역시,미추홀구,용현1.4동,20180701
2817755000,인천광역시,미추홀구,용현2동,20180701
2817756000,인천광역시,미추홀구,용현3동,20180701
2817757000,인천광역시,미추홀구,용현5동,20180701
2817758000,인천광역시,미추홀구,학익1동,20180701
2817759000,인천광역시,미추홀구,학익2동,20180701
2817760000,인천광역시,미추홀구,도화1동,20180701
2817761000,인천광역시,미추홀구,도화2.3동,20180701
2817762000,인천광역시,미추홀구,주안1동,20180701
2817763000,인천광역시,미추홀구,주안2동,20180701
2817764000,인천광역시,미추홀구,주안3동,20180701
2817765000,인천광역시,미추홀구,주안4동,20180701
2817766000,인천광역시,미추홀구,주안5동,20180701
2817767000,인천광역시,미추홀구,주안6동,20180701
2817768000,인천광역시,미추홀구,주안7동,20180701
2817769000,인천광역시,미추홀구,주안8동,20180701
2817770000,인천광역시,미추홀구,관교동,20180701
2817771000,인천광역시,미추홀구,문학동,20180701
2818563000,인천광역시,연수구,옥련1동,20030301
2818564000,인천광역시,연수구,옥련2동,20030301
2818575000,인천광역시,연수구,선학동,19950301
2818576100,인천광역시,연수구,연수1동,19950301
2818576200,인천광역시,연수구,연수2동,19950301
2818576300,인천광역시,연수구,연수3동,19950301
2818576600,인천광역시,연수구,청학동,19950301
2818578000,인천광역시,연수구,동춘1동,19950301
2818579000,인천광역시,연수구,동춘2동,19950301
2818579500,인천광역시,연수구,동춘3동,20031218
2818582000,인천광역시,연수구,송도1동,20120101
2818583000,인천광역시,연수구,송도2동,20120101
2818584000,인천광역시,연수구,송도3동,20140924
2818585000,인천광역시,연수구,송도4동,20190101
2818586000,인천광역시,연수구,송도5동,20201026
2820051000,인천광역시,남동구,구월1동,19950101
2820052000,인천광역시,남동구,구월2동,19950101
2820052100,인천광역시,남동구,구월3동,19950101
2820052200,인천광역시,남동구,구월4동,19950101
2820053000,인천광역시,남동구,간석1동,19950101
2820054000,인천광역시,남동구,간석2동,19950101
2820055000,인천광역시,남동구,간석3동,19950101
2820055100,인천광역시,남동구,간석4동,19950101
2820056000,인천광역시,남동구,만수1동,19950101
2820057000,인천광역시,남동구,만수2동,19950101
2820058000,인천광역시,남동구,만수3동,19950101
2820058100,인천광역시,남동구,만수4동,19950101
2820058200,인천광역시,남동구,만수5동,19950101
2820058300,인천광역시,남동구,만수6동,19950101
2820065000,인천광역시,남동구,장수서창동,19981101
2820065500,인천광역시,남동구,서창2동,20181105
2820066000,인천광역시,남동구,남촌도림동,19981101
2820069000,인천광역시,남동구,논현1동,20110520
2820070000,인천광역시,남동구,논현2동,20110520
2820071000,인천광역시,남동구,논현고잔동,20110520
2823751000,인천광역시,부평구,부평1동,19950301
2823752000,인천광역시,부평구,부평2동,19950301
2823753000,인천광역시,부평구,부평3동,19950301
2823754000,인천광역시,부평구,부평4동,19950301
2823755000,인천광역시,부평구,부평5동,19950301
2823756000,인천광역시,부평구,부평6동,19950301
2823757000,인천광역시,부평구,산곡1동,19950301
2823758000,인천광역시,부평구,산곡2동,19950301
2823758100,인천광역시,부평구,산곡3동,19950301
2823758200,인천광역시,부평구,산곡4동,19950301
2823759100,인천광역시,부평구,청천1동,19950301
2823759200,인천광역시,부평구,청천2동,19950301
2823764100,인천광역시,부평구,갈산1동,19950301
2823764200,인천광역시,부평구,갈산2동,19950301
2823764600,인천광역시,부평구,삼산1동,20060410
2823764800,인천광역시,부평구,삼산2동,20060410
2823765000,인천광역시,부평구,부개1동,19950301
2823766000,인천광역시,부평구,부개2동,19950301
2823766100,인천광역시,부평구,부개3동,19950301
2823767000,인천광역시,부평구,일신동,19950301
2823768000,인천광역시,부평구,십정1동,19950301
2823769000,인천광역시,부평구,십정2동,19950301
2824560100,인천광역시,계양구,효성1동,19950301
2824560200,인천광역시,계양구,효성2동,19950301
2824561100,인천광역시,계양구,계산1동,19950301
2824561200,인천광역시,계양구,계산2동,19950301
2824561300,인천광역시,계양구,계산3동,19950301
2824561400,인천광역시,계양구,계산4동,20030301
2824562100,인천광역시,계양구,작전1동,19950301
2824562200,인천광역시,계양구,작전2동,19950301
2824564000,인천광역시,계양구,작전서운동,19981101
2824571000,인천광역시,계양구,계양1동,19950301
2824572000,인천광역시,계양구,계양2동,19950301
2824573000,인천광역시,계양구,계양3동,20150401
2827551500,인천광역시,서해구,검암경서동,20260701
2827553000,인천광역시,서해구,연희동,20260701
2827553600,인천광역시,서해구,청라1동,20260701
2827553700,인천광역시,서해구,청라2동,20260701
2827553900,인천광역시,서해구,청라3동,20260701
2827554200,인천광역시,서해구,가정1동,20260701
2827554300,인천광역시,서해구,가정2동,20260701
2827554400,인천광역시,서해구,가정3동,20260701
2827555000,인천광역시,서해구,석남1동,20260701
2827556000,인천광역시,서해구,석남2동,20260701
2827556100,인천광역시,서해구,석남3동,20260701
2827557500,인천광역시,서해구,신현원창동,20260701
2827558000,인천광역시,서해구,가좌1동,20260701
2827559000,인천광역시,서해구,가좌2동,20260701
2827560000,인천광역시,서해구,가좌3동,20260701
2827561000,인천광역시,서해구,가좌4동,20260701
2829051000,인천광역시,검단구,검단동,20260701
2829052000,인천광역시,검단구,불로대곡동,20260701
2829053000,인천광역시,검단구,원당동,20260701
2829054000,인천광역시,검단구,당하동,20260701
2829055000,인천광역시,검단구,오류왕길동,20260701
2829056000,인천광역시,검단구,마전동,20260701
2829057000,인천광역시,검단구,아라1동,20260701
2829058000,인천광역시,검단구,아라2동,20260701
2871025000,인천광역시,강화군,강화읍,19950301
2871031000,인천광역시,강화군,선원면,19950301
2871032000,인천광역시,강화군,불은면,19950301
2871033000,인천광역시,강화군,길상면,19950301
2871034000,인천광역시,강화군,화도면,19950301
2871035000,인천광역시,강화군,양도면,19950301
2871036000,인천광역시,강화군,내가면,19950301
2871037000,인천광역시,강화군,하점면,19950301
2871038000,인천광역시,강화군,양사면,19950301
2871039000,인천광역시,강화군,송해면,19950301
2871040000,인천광역시,강화군,교동면,19950301
2871041000,인천광역시,강화군,삼산면,19950301
2871042000,인천광역시,강화군,서도면,19950301
2871042500,인천광역시,강화군,서도면볼음출장소,19950301
2872031000,인천광역시,옹진군,북도면,19950301
2872031500,인천광역시,옹진군,북도면장봉출장소,19950301
2872033000,인천광역시,옹진군,백령면,19950301
2872034000,인천광역시,옹진군,대청면,19950301
2872034500,인천광역시,옹진군,대청면소청출장소,19950301
2872035000,인천광역시,옹진군,덕적면,19950301
2872036000,인천광역시,옹진군,영흥면,19950301
2872037000,인천광역시,옹진군,자월면,19950301
2872037500,인천광역시,옹진군,자월면이작출장소,20190208
2872038000,인천광역시,옹진군,연평면,19990720
