source_date,old_admin_dong_code,old_district_name,old_dong_name,admin_dong_code_20260701,district_name_20260701,dong_name_20260701,mapping_method
2026-06-30,2811053000,중구,신포동,2812551000,제물포구,신포동,unique_normalized_dong_name
2026-06-30,2811052000,중구,연안동,2812552000,제물포구,연안동,unique_normalized_dong_name
2026-06-30,2811054000,중구,신흥동,2812553000,제물포구,신흥동,unique_normalized_dong_name
2026-06-30,2811056000,중구,도원동,2812554000,제물포구,도원동,unique_normalized_dong_name
2026-06-30,2811057000,중구,율목동,2812555000,제물포구,율목동,unique_normalized_dong_name
2026-06-30,2811058500,중구,동인천동,2812556000,제물포구,동인천동,unique_normalized_dong_name
2026-06-30,2811061500,중구,개항동,2812557000,제물포구,개항동,unique_normalized_dong_name
2026-06-30,2814051000,동구,만석동,2812558000,제물포구,만석동,unique_normalized_dong_name
2026-06-30,2814052500,동구,화수1.화평동,2812559000,제물포구,화수1.화평동,unique_normalized_dong_name
2026-06-30,2814053000,동구,화수2동,2812560000,제물포구,화수2동,unique_normalized_dong_name
2026-06-30,2814055500,동구,송현1.2동,2812561000,제물포구,송현1.2동,unique_normalized_dong_name
2026-06-30,2814057000,동구,송현3동,2812562000,제물포구,송현3동,unique_normalized_dong_name
2026-06-30,2814058000,동구,송림1동,2812563000,제물포구,송림1동,unique_normalized_dong_name
2026-06-30,2814059000,동구,송림2동,2812564000,제물포구,송림2동,unique_normalized_dong_name
2026-06-30,2814060500,동구,송림3.5동,2812565000,제물포구,송림3·5동,unique_normalized_dong_name
2026-06-30,2814061000,동구,송림4동,2812566000,제물포구,송림4동,unique_normalized_dong_name
2026-06-30,2814063000,동구,송림6동,2812567000,제물포구,송림6동,unique_normalized_dong_name
2026-06-30,2814064000,동구,금창동,2812568000,제물포구,금창동,unique_normalized_dong_name
2026-06-30,2811062000,중구,영종동,2815551000,영종구,영종동,unique_normalized_dong_name
2026-06-30,2811062200,중구,영종1동,2815552000,영종구,영종1동,unique_normalized_dong_name
2026-06-30,2811062300,중구,영종2동,2815553000,영종구,영종2동,unique_normalized_dong_name
2026-06-30,2811063800,중구,운서1동,2815554000,영종구,운서1동,unique_normalized_dong_name
2026-06-30,2811064800,중구,운서2동,2815555000,영종구,운서2동,unique_normalized_dong_name
2026-06-30,2811063000,중구,용유동,2815556000,영종구,용유동,unique_normalized_dong_name
2026-06-30,2817751000,미추홀구,숭의2동,2817751000,미추홀구,숭의2동,unique_normalized_dong_name
2026-06-30,2817752000,미추홀구,숭의1.3동,2817752000,미추홀구,숭의1.3동,unique_normalized_dong_name
2026-06-30,2817753000,미추홀구,숭의4동,2817753000,미추홀구,숭의4동,unique_normalized_dong_name
2026-06-30,2817754000,미추홀구,용현1.4동,2817754000,미추홀구,용현1.4동,unique_normalized_dong_name
2026-06-30,2817755000,미추홀구,용현2동,2817755000,미추홀구,용현2동,unique_normalized_dong_name
2026-06-30,2817756000,미추홀구,용현3동,2817756000,미추홀구,용현3동,unique_normalized_dong_name
2026-06-30,2817757000,미추홀구,용현5동,2817757000,미추홀구,용현5동,unique_normalized_dong_name
2026-06-30,2817758000,미추홀구,학익1동,2817758000,미추홀구,학익1동,unique_normalized_dong_name
2026-06-30,2817759000,미추홀구,학익2동,2817759000,미추홀구,학익2동,unique_normalized_dong_name
2026-06-30,2817760000,미추홀구,도화1동,2817760000,미추홀구,도화1동,unique_normalized_dong_name
2026-06-30,2817761000,미추홀구,도화2.3동,2817761000,미추홀구,도화2.3동,unique_normalized_dong_name
2026-06-30,2817762000,미추홀구,주안1동,2817762000,미추홀구,주안1동,unique_normalized_dong_name
2026-06-30,2817763000,미추홀구,주안2동,2817763000,미추홀구,주안2동,unique_normalized_dong_name
2026-06-30,2817764000,미추홀구,주안3동,2817764000,미추홀구,주안3동,unique_normalized_dong_name
2026-06-30,2817765000,미추홀구,주안4동,2817765000,미추홀구,주안4동,unique_normalized_dong_name
2026-06-30,2817766000,미추홀구,주안5동,2817766000,미추홀구,주안5동,unique_normalized_dong_name
2026-06-30,2817767000,미추홀구,주안6동,2817767000,미추홀구,주안6동,unique_normalized_dong_name
2026-06-30,2817768000,미추홀구,주안7동,2817768000,미추홀구,주안7동,unique_normalized_dong_name
2026-06-30,2817769000,미추홀구,주안8동,2817769000,미추홀구,주안8동,unique_normalized_dong_name
2026-06-30,2817770000,미추홀구,관교동,2817770000,미추홀구,관교동,unique_normalized_dong_name
2026-06-30,2817771000,미추홀구,문학동,2817771000,미추홀구,문학동,unique_normalized_dong_name
2026-06-30,2818563000,연수구,옥련1동,2818563000,연수구,옥련1동,unique_normalized_dong_name
2026-06-30,2818564000,연수구,옥련2동,2818564000,연수구,옥련2동,unique_normalized_dong_name
2026-06-30,2818575000,연수구,선학동,2818575000,연수구,선학동,unique_normalized_dong_name
2026-06-30,2818576100,연수구,연수1동,2818576100,연수구,연수1동,unique_normalized_dong_name
2026-06-30,2818576200,연수구,연수2동,2818576200,연수구,연수2동,unique_normalized_dong_name
2026-06-30,2818576300,연수구,연수3동,2818576300,연수구,연수3동,unique_normalized_dong_name
2026-06-30,2818576600,연수구,청학동,2818576600,연수구,청학동,unique_normalized_dong_name
2026-06-30,2818578000,연수구,동춘1동,2818578000,연수구,동춘1동,unique_normalized_dong_name
2026-06-30,2818579000,연수구,동춘2동,2818579000,연수구,동춘2동,unique_normalized_dong_name
2026-06-30,2818579500,연수구,동춘3동,2818579500,연수구,동춘3동,unique_normalized_dong_name
2026-06-30,2818582000,연수구,송도1동,2818582000,연수구,송도1동,unique_normalized_dong_name
2026-06-30,2818583000,연수구,송도2동,2818583000,연수구,송도2동,unique_normalized_dong_name
2026-06-30,2818584000,연수구,송도3동,2818584000,연수구,송도3동,unique_normalized_dong_name
2026-06-30,2818585000,연수구,송도4동,2818585000,연수구,송도4동,unique_normalized_dong_name
2026-06-30,2818586000,연수구,송도5동,2818586000,연수구,송도5동,unique_normalized_dong_name
2026-06-30,2820051000,남동구,구월1동,2820051000,남동구,구월1동,unique_normalized_dong_name
2026-06-30,2820052000,남동구,구월2동,2820052000,남동구,구월2동,unique_normalized_dong_name
2026-06-30,2820052100,남동구,구월3동,2820052100,남동구,구월3동,unique_normalized_dong_name
2026-06-30,2820052200,남동구,구월4동,2820052200,남동구,구월4동,unique_normalized_dong_name
2026-06-30,2820053000,남동구,간석1동,2820053000,남동구,간석1동,unique_normalized_dong_name
2026-06-30,2820054000,남동구,간석2동,2820054000,남동구,간석2동,unique_normalized_dong_name
2026-06-30,2820055000,남동구,간석3동,2820055000,남동구,간석3동,unique_normalized_dong_name
2026-06-30,2820055100,남동구,간석4동,2820055100,남동구,간석4동,unique_normalized_dong_name
2026-06-30,2820056000,남동구,만수1동,2820056000,남동구,만수1동,unique_normalized_dong_name
2026-06-30,2820057000,남동구,만수2동,2820057000,남동구,만수2동,unique_normalized_dong_name
2026-06-30,2820058000,남동구,만수3동,2820058000,남동구,만수3동,unique_normalized_dong_name
2026-06-30,2820058100,남동구,만수4동,2820058100,남동구,만수4동,unique_normalized_dong_name
2026-06-30,2820058200,남동구,만수5동,2820058200,남동구,만수5동,unique_normalized_dong_name
2026-06-30,2820058300,남동구,만수6동,2820058300,남동구,만수6동,unique_normalized_dong_name
2026-06-30,2820065000,남동구,장수서창동,2820065000,남동구,장수서창동,unique_normalized_dong_name
2026-06-30,2820065500,남동구,서창2동,2820065500,남동구,서창2동,unique_normalized_dong_name
2026-06-30,2820066000,남동구,남촌도림동,2820066000,남동구,남촌도림동,unique_normalized_dong_name
2026-06-30,2820069000,남동구,논현1동,2820069000,남동구,논현1동,unique_normalized_dong_name
2026-06-30,2820070000,남동구,논현2동,2820070000,남동구,논현2동,unique_normalized_dong_name
2026-06-30,2820071000,남동구,논현고잔동,2820071000,남동구,논현고잔동,unique_normalized_dong_name
2026-06-30,2823751000,부평구,부평1동,2823751000,부평구,부평1동,unique_normalized_dong_name
2026-06-30,2823752000,부평구,부평2동,2823752000,부평구,부평2동,unique_normalized_dong_name
2026-06-30,2823753000,부평구,부평3동,2823753000,부평구,부평3동,unique_normalized_dong_name
2026-06-30,2823754000,부평구,부평4동,2823754000,부평구,부평4동,unique_normalized_dong_name
2026-06-30,2823755000,부평구,부평5동,2823755000,부평구,부평5동,unique_normalized_dong_name
2026-06-30,2823756000,부평구,부평6동,2823756000,부평구,부평6동,unique_normalized_dong_name
2026-06-30,2823757000,부평구,산곡1동,2823757000,부평구,산곡1동,unique_normalized_dong_name
2026-06-30,2823758000,부평구,산곡2동,2823758000,부평구,산곡2동,unique_normalized_dong_name
2026-06-30,2823758100,부평구,산곡3동,2823758100,부평구,산곡3동,unique_normalized_dong_name
2026-06-30,2823758200,부평구,산곡4동,2823758200,부평구,산곡4동,unique_normalized_dong_name
2026-06-30,2823759100,부평구,청천1동,2823759100,부평구,청천1동,unique_normalized_dong_name
2026-06-30,2823759200,부평구,청천2동,2823759200,부평구,청천2동,unique_normalized_dong_name
2026-06-30,2823764100,부평구,갈산1동,2823764100,부평구,갈산1동,unique_normalized_dong_name
2026-06-30,2823764200,부평구,갈산2동,2823764200,부평구,갈산2동,unique_normalized_dong_name
2026-06-30,2823764600,부평구,삼산1동,2823764600,부평구,삼산1동,unique_normalized_dong_name
2026-06-30,2823764800,부평구,삼산2동,2823764800,부평구,삼산2동,unique_normalized_dong_name
2026-06-30,2823765000,부평구,부개1동,2823765000,부평구,부개1동,unique_normalized_dong_name
2026-06-30,2823766000,부평구,부개2동,2823766000,부평구,부개2동,unique_normalized_dong_name
2026-06-30,2823766100,부평구,부개3동,2823766100,부평구,부개3동,unique_normalized_dong_name
2026-06-30,2823767000,부평구,일신동,2823767000,부평구,일신동,unique_normalized_dong_name
2026-06-30,2823768000,부평구,십정1동,2823768000,부평구,십정1동,unique_normalized_dong_name
2026-06-30,2823769000,부평구,십정2동,2823769000,부평구,십정2동,unique_normalized_dong_name
2026-06-30,2824560100,계양구,효성1동,2824560100,계양구,효성1동,unique_normalized_dong_name
2026-06-30,2824560200,계양구,효성2동,2824560200,계양구,효성2동,unique_normalized_dong_name
2026-06-30,2824561100,계양구,계산1동,2824561100,계양구,계산1동,unique_normalized_dong_name
2026-06-30,2824561200,계양구,계산2동,2824561200,계양구,계산2동,unique_normalized_dong_name
2026-06-30,2824561300,계양구,계산3동,2824561300,계양구,계산3동,unique_normalized_dong_name
2026-06-30,2824561400,계양구,계산4동,2824561400,계양구,계산4동,unique_normalized_dong_name
2026-06-30,2824562100,계양구,작전1동,2824562100,계양구,작전1동,unique_normalized_dong_name
2026-06-30,2824562200,계양구,작전2동,2824562200,계양구,작전2동,unique_normalized_dong_name
2026-06-30,2824564000,계양구,작전서운동,2824564000,계양구,작전서운동,unique_normalized_dong_name
2026-06-30,2824571000,계양구,계양1동,2824571000,계양구,계양1동,unique_normalized_dong_name
2026-06-30,2824572000,계양구,계양2동,2824572000,계양구,계양2동,unique_normalized_dong_name
2026-06-30,2824573000,계양구,계양3동,2824573000,계양구,계양3동,unique_normalized_dong_name
2026-06-30,2826051500,서구,검암경서동,2827551500,서해구,검암경서동,unique_normalized_dong_name
2026-06-30,2826053000,서구,연희동,2827553000,서해구,연희동,unique_normalized_dong_name
2026-06-30,2826053600,서구,청라1동,2827553600,서해구,청라1동,unique_normalized_dong_name
2026-06-30,2826053700,서구,청라2동,2827553700,서해구,청라2동,unique_normalized_dong_name
2026-06-30,2826053900,서구,청라3동,2827553900,서해구,청라3동,unique_normalized_dong_name
2026-06-30,2826054200,서구,가정1동,2827554200,서해구,가정1동,unique_normalized_dong_name
2026-06-30,2826054300,서구,가정2동,2827554300,서해구,가정2동,unique_normalized_dong_name
2026-06-30,2826054400,서구,가정3동,2827554400,서해구,가정3동,unique_normalized_dong_name
2026-06-30,2826055000,서구,석남1동,2827555000,서해구,석남1동,unique_normalized_dong_name
2026-06-30,2826056000,서구,석남2동,2827556000,서해구,석남2동,unique_normalized_dong_name
2026-06-30,2826056100,서구,석남3동,2827556100,서해구,석남3동,unique_normalized_dong_name
2026-06-30,2826057500,서구,신현원창동,2827557500,서해구,신현원창동,unique_normalized_dong_name
2026-06-30,2826058000,서구,가좌1동,2827558000,서해구,가좌1동,unique_normalized_dong_name
2026-06-30,2826059000,서구,가좌2동,2827559000,서해구,가좌2동,unique_normalized_dong_name
2026-06-30,2826060000,서구,가좌3동,2827560000,서해구,가좌3동,unique_normalized_dong_name
2026-06-30,2826061000,서구,가좌4동,2827561000,서해구,가좌4동,unique_normalized_dong_name
2026-06-30,2826068000,서구,검단동,2829051000,검단구,검단동,unique_normalized_dong_name
2026-06-30,2826069000,서구,불로대곡동,2829052000,검단구,불로대곡동,unique_normalized_dong_name
2026-06-30,2826070000,서구,원당동,2829053000,검단구,원당동,unique_normalized_dong_name
2026-06-30,2826071000,서구,당하동,2829054000,검단구,당하동,unique_normalized_dong_name
2026-06-30,2826072000,서구,오류왕길동,2829055000,검단구,오류왕길동,unique_normalized_dong_name
2026-06-30,2826073000,서구,마전동,2829056000,검단구,마전동,unique_normalized_dong_name
2026-06-30,2826075000,서구,아라1동,2829057000,검단구,아라1동,unique_normalized_dong_name
2026-06-30,2826076000,서구,아라2동,2829058000,검단구,아라2동,unique_normalized_dong_name
2026-06-30,2871025000,강화군,강화읍,2871025000,강화군,강화읍,unique_normalized_dong_name
2026-06-30,2871031000,강화군,선원면,2871031000,강화군,선원면,unique_normalized_dong_name
2026-06-30,2871032000,강화군,불은면,2871032000,강화군,불은면,unique_normalized_dong_name
2026-06-30,2871033000,강화군,길상면,2871033000,강화군,길상면,unique_normalized_dong_name
2026-06-30,2871034000,강화군,화도면,2871034000,강화군,화도면,unique_normalized_dong_name
2026-06-30,2871035000,강화군,양도면,2871035000,강화군,양도면,unique_normalized_dong_name
2026-06-30,2871036000,강화군,내가면,2871036000,강화군,내가면,unique_normalized_dong_name
2026-06-30,2871037000,강화군,하점면,2871037000,강화군,하점면,unique_normalized_dong_name
2026-06-30,2871038000,강화군,양사면,2871038000,강화군,양사면,unique_normalized_dong_name
2026-06-30,2871039000,강화군,송해면,2871039000,강화군,송해면,unique_normalized_dong_name
2026-06-30,2871040000,강화군,교동면,2871040000,강화군,교동면,unique_normalized_dong_name
2026-06-30,2871041000,강화군,삼산면,2871041000,강화군,삼산면,unique_normalized_dong_name
2026-06-30,2871042000,강화군,서도면,2871042000,강화군,서도면,unique_normalized_dong_name
2026-06-30,2871042500,강화군,서도면볼음출장소,2871042500,강화군,서도면볼음출장소,unique_normalized_dong_name
2026-06-30,2872031000,옹진군,북도면,2872031000,옹진군,북도면,unique_normalized_dong_name
2026-06-30,2872031500,옹진군,북도면장봉출장소,2872031500,옹진군,북도면장봉출장소,unique_normalized_dong_name
2026-06-30,2872033000,옹진군,백령면,2872033000,옹진군,백령면,unique_normalized_dong_name
2026-06-30,2872034000,옹진군,대청면,2872034000,옹진군,대청면,unique_normalized_dong_name
2026-06-30,2872034500,옹진군,대청면소청출장소,2872034500,옹진군,대청면소청출장소,unique_normalized_dong_name
2026-06-30,2872035000,옹진군,덕적면,2872035000,옹진군,덕적면,unique_normalized_dong_name
2026-06-30,2872036000,옹진군,영흥면,2872036000,옹진군,영흥면,unique_normalized_dong_name
2026-06-30,2872037000,옹진군,자월면,2872037000,옹진군,자월면,unique_normalized_dong_name
2026-06-30,2872037500,옹진군,자월면이작출장소,2872037500,옹진군,자월면이작출장소,unique_normalized_dong_name
2026-06-30,2872038000,옹진군,연평면,2872038000,옹진군,연평면,unique_normalized_dong_name
