current_admin_dong_code_20260701,current_district_name_20260701,current_dong_name_20260701,geometry_zone_id,geometry_adm_cd_20250630,geometry_district_name_20250630,geometry_dong_name_20250630,geometry_base_date,mapping_status,mapping_method,mapping_confidence,aggregation_required,aggregation_group_size,metric_handling,notes
2812551000,제물포구,신포동,vworld_sgis_20250630:23010530,23010530,중구,신포동,20250630,mapped,unique_normalized_name,high,false,1,direct_geometry_join,2025 공간구역과 정규화 동명이 인천 내에서 유일하게 일치
2812552000,제물포구,연안동,vworld_sgis_20250630:23010520,23010520,중구,연안동,20250630,mapped,unique_normalized_name,high,false,1,direct_geometry_join,2025 공간구역과 정규화 동명이 인천 내에서 유일하게 일치
2812553000,제물포구,신흥동,vworld_sgis_20250630:23010540,23010540,중구,신흥동,20250630,mapped,unique_normalized_name,high,false,1,direct_geometry_join,2025 공간구역과 정규화 동명이 인천 내에서 유일하게 일치
2812554000,제물포구,도원동,vworld_sgis_20250630:23010560,23010560,중구,도원동,20250630,mapped,unique_normalized_name,high,false,1,direct_geometry_join,2025 공간구역과 정규화 동명이 인천 내에서 유일하게 일치
2812555000,제물포구,율목동,vworld_sgis_20250630:23010570,23010570,중구,율목동,20250630,mapped,unique_normalized_name,high,false,1,direct_geometry_join,2025 공간구역과 정규화 동명이 인천 내에서 유일하게 일치
2812556000,제물포구,동인천동,vworld_sgis_20250630:23010580,23010580,중구,동인천동,20250630,mapped,unique_normalized_name,high,false,1,direct_geometry_join,2025 공간구역과 정규화 동명이 인천 내에서 유일하게 일치
2812557000,제물포구,개항동,vworld_sgis_20250630:23010670,23010670,중구,개항동,20250630,mapped,unique_normalized_name,high,false,1,direct_geometry_join,2025 공간구역과 정규화 동명이 인천 내에서 유일하게 일치
2812558000,제물포구,만석동,vworld_sgis_20250630:23020510,23020510,동구,만석동,20250630,mapped,unique_normalized_name,high,false,1,direct_geometry_join,2025 공간구역과 정규화 동명이 인천 내에서 유일하게 일치
2812559000,제물포구,화수1.화평동,vworld_sgis_20250630:23020520,23020520,동구,화수1·화평동,20250630,mapped,unique_normalized_name,high,false,1,direct_geometry_join,2025 공간구역과 정규화 동명이 인천 내에서 유일하게 일치
2812560000,제물포구,화수2동,vworld_sgis_20250630:23020530,23020530,동구,화수2동,20250630,mapped,unique_normalized_name,high,false,1,direct_geometry_join,2025 공간구역과 정규화 동명이 인천 내에서 유일하게 일치
2812561000,제물포구,송현1.2동,vworld_sgis_20250630:23020550,23020550,동구,송현1·2동,20250630,mapped,unique_normalized_name,high,false,1,direct_geometry_join,2025 공간구역과 정규화 동명이 인천 내에서 유일하게 일치
2812562000,제물포구,송현3동,vworld_sgis_20250630:23020570,23020570,동구,송현3동,20250630,mapped,unique_normalized_name,high,false,1,direct_geometry_join,2025 공간구역과 정규화 동명이 인천 내에서 유일하게 일치
2812563000,제물포구,송림1동,vworld_sgis_20250630:23020580,23020580,동구,송림1동,20250630,mapped,unique_normalized_name,high,false,1,direct_geometry_join,2025 공간구역과 정규화 동명이 인천 내에서 유일하게 일치
2812564000,제물포구,송림2동,vworld_sgis_20250630:23020590,23020590,동구,송림2동,20250630,mapped,unique_normalized_name,high,false,1,direct_geometry_join,2025 공간구역과 정규화 동명이 인천 내에서 유일하게 일치
2812565000,제물포구,송림3·5동,vworld_sgis_20250630:23020600,23020600,동구,송림3·5동,20250630,mapped,unique_normalized_name,high,false,1,direct_geometry_join,2025 공간구역과 정규화 동명이 인천 내에서 유일하게 일치
2812566000,제물포구,송림4동,vworld_sgis_20250630:23020610,23020610,동구,송림4동,20250630,mapped,unique_normalized_name,high,false,1,direct_geometry_join,2025 공간구역과 정규화 동명이 인천 내에서 유일하게 일치
2812567000,제물포구,송림6동,vworld_sgis_20250630:23020630,23020630,동구,송림6동,20250630,mapped,unique_normalized_name,high,false,1,direct_geometry_join,2025 공간구역과 정규화 동명이 인천 내에서 유일하게 일치
2812568000,제물포구,금창동,vworld_sgis_20250630:23020640,23020640,동구,금창동,20250630,mapped,unique_normalized_name,high,false,1,direct_geometry_join,2025 공간구역과 정규화 동명이 인천 내에서 유일하게 일치
2815551000,영종구,영종동,vworld_sgis_20250630:23010650,23010650,중구,영종동,20250630,mapped,unique_normalized_name,high,false,1,direct_geometry_join,2025 공간구역과 정규화 동명이 인천 내에서 유일하게 일치
2815552000,영종구,영종1동,vworld_sgis_20250630:23010681,23010681,중구,영종1동,20250630,mapped,unique_normalized_name,high,false,1,direct_geometry_join,2025 공간구역과 정규화 동명이 인천 내에서 유일하게 일치
2815553000,영종구,영종2동,vworld_sgis_20250630:23010691,23010691,중구,영종2동,20250630,mapped,unique_normalized_name,high,false,1,direct_geometry_join,2025 공간구역과 정규화 동명이 인천 내에서 유일하게 일치
2815554000,영종구,운서1동,vworld_sgis_20250630:23010640,23010640,중구,운서동,20250630,mapped,post_snapshot_split_aggregate,high,true,2,sum_additive_counts_then_recompute_rates,운서1동과 운서2동 지표를 2025 운서동 공간구역에 합산
2815555000,영종구,운서2동,vworld_sgis_20250630:23010640,23010640,중구,운서동,20250630,mapped,post_snapshot_split_aggregate,high,true,2,sum_additive_counts_then_recompute_rates,운서1동과 운서2동 지표를 2025 운서동 공간구역에 합산
2815556000,영종구,용유동,vworld_sgis_20250630:23010630,23010630,중구,용유동,20250630,mapped,unique_normalized_name,high,false,1,direct_geometry_join,2025 공간구역과 정규화 동명이 인천 내에서 유일하게 일치
2817751000,미추홀구,숭의2동,vworld_sgis_20250630:23090520,23090520,미추홀구,숭의2동,20250630,mapped,unique_normalized_name,high,false,1,direct_geometry_join,2025 공간구역과 정규화 동명이 인천 내에서 유일하게 일치
2817752000,미추홀구,숭의1.3동,vworld_sgis_20250630:23090750,23090750,미추홀구,숭의1·3동,20250630,mapped,unique_normalized_name,high,false,1,direct_geometry_join,2025 공간구역과 정규화 동명이 인천 내에서 유일하게 일치
2817753000,미추홀구,숭의4동,vworld_sgis_20250630:23090540,23090540,미추홀구,숭의4동,20250630,mapped,unique_normalized_name,high,false,1,direct_geometry_join,2025 공간구역과 정규화 동명이 인천 내에서 유일하게 일치
2817754000,미추홀구,용현1.4동,vworld_sgis_20250630:23090760,23090760,미추홀구,용현1·4동,20250630,mapped,unique_normalized_name,high,false,1,direct_geometry_join,2025 공간구역과 정규화 동명이 인천 내에서 유일하게 일치
2817755000,미추홀구,용현2동,vworld_sgis_20250630:23090560,23090560,미추홀구,용현2동,20250630,mapped,unique_normalized_name,high,false,1,direct_geometry_join,2025 공간구역과 정규화 동명이 인천 내에서 유일하게 일치
2817756000,미추홀구,용현3동,vworld_sgis_20250630:23090570,23090570,미추홀구,용현3동,20250630,mapped,unique_normalized_name,high,false,1,direct_geometry_join,2025 공간구역과 정규화 동명이 인천 내에서 유일하게 일치
2817757000,미추홀구,용현5동,vworld_sgis_20250630:23090590,23090590,미추홀구,용현5동,20250630,mapped,unique_normalized_name,high,false,1,direct_geometry_join,2025 공간구역과 정규화 동명이 인천 내에서 유일하게 일치
2817758000,미추홀구,학익1동,vworld_sgis_20250630:23090600,23090600,미추홀구,학익1동,20250630,mapped,unique_normalized_name,high,false,1,direct_geometry_join,2025 공간구역과 정규화 동명이 인천 내에서 유일하게 일치
2817759000,미추홀구,학익2동,vworld_sgis_20250630:23090610,23090610,미추홀구,학익2동,20250630,mapped,unique_normalized_name,high,false,1,direct_geometry_join,2025 공간구역과 정규화 동명이 인천 내에서 유일하게 일치
2817760000,미추홀구,도화1동,vworld_sgis_20250630:23090620,23090620,미추홀구,도화1동,20250630,mapped,unique_normalized_name,high,false,1,direct_geometry_join,2025 공간구역과 정규화 동명이 인천 내에서 유일하게 일치
2817761000,미추홀구,도화2.3동,vworld_sgis_20250630:23090770,23090770,미추홀구,도화2·3동,20250630,mapped,unique_normalized_name,high,false,1,direct_geometry_join,2025 공간구역과 정규화 동명이 인천 내에서 유일하게 일치
2817762000,미추홀구,주안1동,vworld_sgis_20250630:23090650,23090650,미추홀구,주안1동,20250630,mapped,unique_normalized_name,high,false,1,direct_geometry_join,2025 공간구역과 정규화 동명이 인천 내에서 유일하게 일치
2817763000,미추홀구,주안2동,vworld_sgis_20250630:23090660,23090660,미추홀구,주안2동,20250630,mapped,unique_normalized_name,high,false,1,direct_geometry_join,2025 공간구역과 정규화 동명이 인천 내에서 유일하게 일치
2817764000,미추홀구,주안3동,vworld_sgis_20250630:23090670,23090670,미추홀구,주안3동,20250630,mapped,unique_normalized_name,high,false,1,direct_geometry_join,2025 공간구역과 정규화 동명이 인천 내에서 유일하게 일치
2817765000,미추홀구,주안4동,vworld_sgis_20250630:23090680,23090680,미추홀구,주안4동,20250630,mapped,unique_normalized_name,high,false,1,direct_geometry_join,2025 공간구역과 정규화 동명이 인천 내에서 유일하게 일치
2817766000,미추홀구,주안5동,vworld_sgis_20250630:23090690,23090690,미추홀구,주안5동,20250630,mapped,unique_normalized_name,high,false,1,direct_geometry_join,2025 공간구역과 정규화 동명이 인천 내에서 유일하게 일치
2817767000,미추홀구,주안6동,vworld_sgis_20250630:23090700,23090700,미추홀구,주안6동,20250630,mapped,unique_normalized_name,high,false,1,direct_geometry_join,2025 공간구역과 정규화 동명이 인천 내에서 유일하게 일치
2817768000,미추홀구,주안7동,vworld_sgis_20250630:23090710,23090710,미추홀구,주안7동,20250630,mapped,unique_normalized_name,high,false,1,direct_geometry_join,2025 공간구역과 정규화 동명이 인천 내에서 유일하게 일치
2817769000,미추홀구,주안8동,vworld_sgis_20250630:23090720,23090720,미추홀구,주안8동,20250630,mapped,unique_normalized_name,high,false,1,direct_geometry_join,2025 공간구역과 정규화 동명이 인천 내에서 유일하게 일치
2817770000,미추홀구,관교동,vworld_sgis_20250630:23090730,23090730,미추홀구,관교동,20250630,mapped,unique_normalized_name,high,false,1,direct_geometry_join,2025 공간구역과 정규화 동명이 인천 내에서 유일하게 일치
2817771000,미추홀구,문학동,vworld_sgis_20250630:23090740,23090740,미추홀구,문학동,20250630,mapped,unique_normalized_name,high,false,1,direct_geometry_join,2025 공간구역과 정규화 동명이 인천 내에서 유일하게 일치
2818563000,연수구,옥련1동,vworld_sgis_20250630:23040510,23040510,연수구,옥련1동,20250630,mapped,unique_normalized_name,high,false,1,direct_geometry_join,2025 공간구역과 정규화 동명이 인천 내에서 유일하게 일치
2818564000,연수구,옥련2동,vworld_sgis_20250630:23040600,23040600,연수구,옥련2동,20250630,mapped,unique_normalized_name,high,false,1,direct_geometry_join,2025 공간구역과 정규화 동명이 인천 내에서 유일하게 일치
2818575000,연수구,선학동,vworld_sgis_20250630:23040520,23040520,연수구,선학동,20250630,mapped,unique_normalized_name,high,false,1,direct_geometry_join,2025 공간구역과 정규화 동명이 인천 내에서 유일하게 일치
2818576100,연수구,연수1동,vworld_sgis_20250630:23040530,23040530,연수구,연수1동,20250630,mapped,unique_normalized_name,high,false,1,direct_geometry_join,2025 공간구역과 정규화 동명이 인천 내에서 유일하게 일치
2818576200,연수구,연수2동,vworld_sgis_20250630:23040540,23040540,연수구,연수2동,20250630,mapped,unique_normalized_name,high,false,1,direct_geometry_join,2025 공간구역과 정규화 동명이 인천 내에서 유일하게 일치
2818576300,연수구,연수3동,vworld_sgis_20250630:23040550,23040550,연수구,연수3동,20250630,mapped,unique_normalized_name,high,false,1,direct_geometry_join,2025 공간구역과 정규화 동명이 인천 내에서 유일하게 일치
2818576600,연수구,청학동,vworld_sgis_20250630:23040560,23040560,연수구,청학동,20250630,mapped,unique_normalized_name,high,false,1,direct_geometry_join,2025 공간구역과 정규화 동명이 인천 내에서 유일하게 일치
2818578000,연수구,동춘1동,vworld_sgis_20250630:23040570,23040570,연수구,동춘1동,20250630,mapped,unique_normalized_name,high,false,1,direct_geometry_join,2025 공간구역과 정규화 동명이 인천 내에서 유일하게 일치
2818579000,연수구,동춘2동,vworld_sgis_20250630:23040580,23040580,연수구,동춘2동,20250630,mapped,unique_normalized_name,high,false,1,direct_geometry_join,2025 공간구역과 정규화 동명이 인천 내에서 유일하게 일치
2818579500,연수구,동춘3동,vworld_sgis_20250630:23040590,23040590,연수구,동춘3동,20250630,mapped,unique_normalized_name,high,false,1,direct_geometry_join,2025 공간구역과 정규화 동명이 인천 내에서 유일하게 일치
2818582000,연수구,송도1동,vworld_sgis_20250630:23040640,23040640,연수구,송도1동,20250630,mapped,unique_normalized_name,high,false,1,direct_geometry_join,2025 공간구역과 정규화 동명이 인천 내에서 유일하게 일치
2818583000,연수구,송도2동,vworld_sgis_20250630:23040660,23040660,연수구,송도2동,20250630,mapped,unique_normalized_name,high,false,1,direct_geometry_join,2025 공간구역과 정규화 동명이 인천 내에서 유일하게 일치
2818584000,연수구,송도3동,vworld_sgis_20250630:23040650,23040650,연수구,송도3동,20250630,mapped,unique_normalized_name,high,false,1,direct_geometry_join,2025 공간구역과 정규화 동명이 인천 내에서 유일하게 일치
2818585000,연수구,송도4동,vworld_sgis_20250630:23040680,23040680,연수구,송도4동,20250630,mapped,unique_normalized_name,high,false,1,direct_geometry_join,2025 공간구역과 정규화 동명이 인천 내에서 유일하게 일치
2818586000,연수구,송도5동,vworld_sgis_20250630:23040690,23040690,연수구,송도5동,20250630,mapped,unique_normalized_name,high,false,1,direct_geometry_join,2025 공간구역과 정규화 동명이 인천 내에서 유일하게 일치
2820051000,남동구,구월1동,vworld_sgis_20250630:23050510,23050510,남동구,구월1동,20250630,mapped,unique_normalized_name,high,false,1,direct_geometry_join,2025 공간구역과 정규화 동명이 인천 내에서 유일하게 일치
2820052000,남동구,구월2동,vworld_sgis_20250630:23050521,23050521,남동구,구월2동,20250630,mapped,unique_normalized_name,high,false,1,direct_geometry_join,2025 공간구역과 정규화 동명이 인천 내에서 유일하게 일치
2820052100,남동구,구월3동,vworld_sgis_20250630:23050530,23050530,남동구,구월3동,20250630,mapped,unique_normalized_name,high,false,1,direct_geometry_join,2025 공간구역과 정규화 동명이 인천 내에서 유일하게 일치
2820052200,남동구,구월4동,vworld_sgis_20250630:23050540,23050540,남동구,구월4동,20250630,mapped,unique_normalized_name,high,false,1,direct_geometry_join,2025 공간구역과 정규화 동명이 인천 내에서 유일하게 일치
2820053000,남동구,간석1동,vworld_sgis_20250630:23050550,23050550,남동구,간석1동,20250630,mapped,unique_normalized_name,high,false,1,direct_geometry_join,2025 공간구역과 정규화 동명이 인천 내에서 유일하게 일치
2820054000,남동구,간석2동,vworld_sgis_20250630:23050561,23050561,남동구,간석2동,20250630,mapped,unique_normalized_name,high,false,1,direct_geometry_join,2025 공간구역과 정규화 동명이 인천 내에서 유일하게 일치
2820055000,남동구,간석3동,vworld_sgis_20250630:23050570,23050570,남동구,간석3동,20250630,mapped,unique_normalized_name,high,false,1,direct_geometry_join,2025 공간구역과 정규화 동명이 인천 내에서 유일하게 일치
2820055100,남동구,간석4동,vworld_sgis_20250630:23050580,23050580,남동구,간석4동,20250630,mapped,unique_normalized_name,high,false,1,direct_geometry_join,2025 공간구역과 정규화 동명이 인천 내에서 유일하게 일치
2820056000,남동구,만수1동,vworld_sgis_20250630:23050590,23050590,남동구,만수1동,20250630,mapped,unique_normalized_name,high,false,1,direct_geometry_join,2025 공간구역과 정규화 동명이 인천 내에서 유일하게 일치
2820057000,남동구,만수2동,vworld_sgis_20250630:23050600,23050600,남동구,만수2동,20250630,mapped,unique_normalized_name,high,false,1,direct_geometry_join,2025 공간구역과 정규화 동명이 인천 내에서 유일하게 일치
2820058000,남동구,만수3동,vworld_sgis_20250630:23050610,23050610,남동구,만수3동,20250630,mapped,unique_normalized_name,high,false,1,direct_geometry_join,2025 공간구역과 정규화 동명이 인천 내에서 유일하게 일치
2820058100,남동구,만수4동,vworld_sgis_20250630:23050620,23050620,남동구,만수4동,20250630,mapped,unique_normalized_name,high,false,1,direct_geometry_join,2025 공간구역과 정규화 동명이 인천 내에서 유일하게 일치
2820058200,남동구,만수5동,vworld_sgis_20250630:23050630,23050630,남동구,만수5동,20250630,mapped,unique_normalized_name,high,false,1,direct_geometry_join,2025 공간구역과 정규화 동명이 인천 내에서 유일하게 일치
2820058300,남동구,만수6동,vworld_sgis_20250630:23050640,23050640,남동구,만수6동,20250630,mapped,unique_normalized_name,high,false,1,direct_geometry_join,2025 공간구역과 정규화 동명이 인천 내에서 유일하게 일치
2820065000,남동구,장수서창동,vworld_sgis_20250630:23050750,23050750,남동구,장수서창동,20250630,mapped,unique_normalized_name,high,false,1,direct_geometry_join,2025 공간구역과 정규화 동명이 인천 내에서 유일하게 일치
2820065500,남동구,서창2동,vworld_sgis_20250630:23050760,23050760,남동구,서창2동,20250630,mapped,unique_normalized_name,high,false,1,direct_geometry_join,2025 공간구역과 정규화 동명이 인천 내에서 유일하게 일치
2820066000,남동구,남촌도림동,vworld_sgis_20250630:23050670,23050670,남동구,남촌도림동,20250630,mapped,unique_normalized_name,high,false,1,direct_geometry_join,2025 공간구역과 정규화 동명이 인천 내에서 유일하게 일치
2820069000,남동구,논현1동,vworld_sgis_20250630:23050720,23050720,남동구,논현1동,20250630,mapped,unique_normalized_name,high,false,1,direct_geometry_join,2025 공간구역과 정규화 동명이 인천 내에서 유일하게 일치
2820070000,남동구,논현2동,vworld_sgis_20250630:23050730,23050730,남동구,논현2동,20250630,mapped,unique_normalized_name,high,false,1,direct_geometry_join,2025 공간구역과 정규화 동명이 인천 내에서 유일하게 일치
2820071000,남동구,논현고잔동,vworld_sgis_20250630:23050740,23050740,남동구,논현고잔동,20250630,mapped,unique_normalized_name,high,false,1,direct_geometry_join,2025 공간구역과 정규화 동명이 인천 내에서 유일하게 일치
2823751000,부평구,부평1동,vworld_sgis_20250630:23060510,23060510,부평구,부평1동,20250630,mapped,unique_normalized_name,high,false,1,direct_geometry_join,2025 공간구역과 정규화 동명이 인천 내에서 유일하게 일치
2823752000,부평구,부평2동,vworld_sgis_20250630:23060520,23060520,부평구,부평2동,20250630,mapped,unique_normalized_name,high,false,1,direct_geometry_join,2025 공간구역과 정규화 동명이 인천 내에서 유일하게 일치
2823753000,부평구,부평3동,vworld_sgis_20250630:23060530,23060530,부평구,부평3동,20250630,mapped,unique_normalized_name,high,false,1,direct_geometry_join,2025 공간구역과 정규화 동명이 인천 내에서 유일하게 일치
2823754000,부평구,부평4동,vworld_sgis_20250630:23060540,23060540,부평구,부평4동,20250630,mapped,unique_normalized_name,high,false,1,direct_geometry_join,2025 공간구역과 정규화 동명이 인천 내에서 유일하게 일치
2823755000,부평구,부평5동,vworld_sgis_20250630:23060550,23060550,부평구,부평5동,20250630,mapped,unique_normalized_name,high,false,1,direct_geometry_join,2025 공간구역과 정규화 동명이 인천 내에서 유일하게 일치
2823756000,부평구,부평6동,vworld_sgis_20250630:23060560,23060560,부평구,부평6동,20250630,mapped,unique_normalized_name,high,false,1,direct_geometry_join,2025 공간구역과 정규화 동명이 인천 내에서 유일하게 일치
2823757000,부평구,산곡1동,vworld_sgis_20250630:23060570,23060570,부평구,산곡1동,20250630,mapped,unique_normalized_name,high,false,1,direct_geometry_join,2025 공간구역과 정규화 동명이 인천 내에서 유일하게 일치
2823758000,부평구,산곡2동,vworld_sgis_20250630:23060580,23060580,부평구,산곡2동,20250630,mapped,unique_normalized_name,high,false,1,direct_geometry_join,2025 공간구역과 정규화 동명이 인천 내에서 유일하게 일치
2823758100,부평구,산곡3동,vworld_sgis_20250630:23060590,23060590,부평구,산곡3동,20250630,mapped,unique_normalized_name,high,false,1,direct_geometry_join,2025 공간구역과 정규화 동명이 인천 내에서 유일하게 일치
2823758200,부평구,산곡4동,vworld_sgis_20250630:23060600,23060600,부평구,산곡4동,20250630,mapped,unique_normalized_name,high,false,1,direct_geometry_join,2025 공간구역과 정규화 동명이 인천 내에서 유일하게 일치
2823759100,부평구,청천1동,vworld_sgis_20250630:23060610,23060610,부평구,청천1동,20250630,mapped,unique_normalized_name,high,false,1,direct_geometry_join,2025 공간구역과 정규화 동명이 인천 내에서 유일하게 일치
2823759200,부평구,청천2동,vworld_sgis_20250630:23060620,23060620,부평구,청천2동,20250630,mapped,unique_normalized_name,high,false,1,direct_geometry_join,2025 공간구역과 정규화 동명이 인천 내에서 유일하게 일치
2823764100,부평구,갈산1동,vworld_sgis_20250630:23060630,23060630,부평구,갈산1동,20250630,mapped,unique_normalized_name,high,false,1,direct_geometry_join,2025 공간구역과 정규화 동명이 인천 내에서 유일하게 일치
2823764200,부평구,갈산2동,vworld_sgis_20250630:23060640,23060640,부평구,갈산2동,20250630,mapped,unique_normalized_name,high,false,1,direct_geometry_join,2025 공간구역과 정규화 동명이 인천 내에서 유일하게 일치
2823764600,부평구,삼산1동,vworld_sgis_20250630:23060650,23060650,부평구,삼산1동,20250630,mapped,unique_normalized_name,high,false,1,direct_geometry_join,2025 공간구역과 정규화 동명이 인천 내에서 유일하게 일치
2823764800,부평구,삼산2동,vworld_sgis_20250630:23060720,23060720,부평구,삼산2동,20250630,mapped,unique_normalized_name,high,false,1,direct_geometry_join,2025 공간구역과 정규화 동명이 인천 내에서 유일하게 일치
2823765000,부평구,부개1동,vworld_sgis_20250630:23060660,23060660,부평구,부개1동,20250630,mapped,unique_normalized_name,high,false,1,direct_geometry_join,2025 공간구역과 정규화 동명이 인천 내에서 유일하게 일치
2823766000,부평구,부개2동,vworld_sgis_20250630:23060670,23060670,부평구,부개2동,20250630,mapped,unique_normalized_name,high,false,1,direct_geometry_join,2025 공간구역과 정규화 동명이 인천 내에서 유일하게 일치
2823766100,부평구,부개3동,vworld_sgis_20250630:23060680,23060680,부평구,부개3동,20250630,mapped,unique_normalized_name,high,false,1,direct_geometry_join,2025 공간구역과 정규화 동명이 인천 내에서 유일하게 일치
2823767000,부평구,일신동,vworld_sgis_20250630:23060690,23060690,부평구,일신동,20250630,mapped,unique_normalized_name,high,false,1,direct_geometry_join,2025 공간구역과 정규화 동명이 인천 내에서 유일하게 일치
2823768000,부평구,십정1동,vworld_sgis_20250630:23060700,23060700,부평구,십정1동,20250630,mapped,unique_normalized_name,high,false,1,direct_geometry_join,2025 공간구역과 정규화 동명이 인천 내에서 유일하게 일치
2823769000,부평구,십정2동,vworld_sgis_20250630:23060710,23060710,부평구,십정2동,20250630,mapped,unique_normalized_name,high,false,1,direct_geometry_join,2025 공간구역과 정규화 동명이 인천 내에서 유일하게 일치
2824560100,계양구,효성1동,vworld_sgis_20250630:23070510,23070510,계양구,효성1동,20250630,mapped,unique_normalized_name,high,false,1,direct_geometry_join,2025 공간구역과 정규화 동명이 인천 내에서 유일하게 일치
2824560200,계양구,효성2동,vworld_sgis_20250630:23070520,23070520,계양구,효성2동,20250630,mapped,unique_normalized_name,high,false,1,direct_geometry_join,2025 공간구역과 정규화 동명이 인천 내에서 유일하게 일치
2824561100,계양구,계산1동,vworld_sgis_20250630:23070530,23070530,계양구,계산1동,20250630,mapped,unique_normalized_name,high,false,1,direct_geometry_join,2025 공간구역과 정규화 동명이 인천 내에서 유일하게 일치
2824561200,계양구,계산2동,vworld_sgis_20250630:23070540,23070540,계양구,계산2동,20250630,mapped,unique_normalized_name,high,false,1,direct_geometry_join,2025 공간구역과 정규화 동명이 인천 내에서 유일하게 일치
2824561300,계양구,계산3동,vworld_sgis_20250630:23070550,23070550,계양구,계산3동,20250630,mapped,unique_normalized_name,high,false,1,direct_geometry_join,2025 공간구역과 정규화 동명이 인천 내에서 유일하게 일치
2824561400,계양구,계산4동,vworld_sgis_20250630:23070620,23070620,계양구,계산4동,20250630,mapped,unique_normalized_name,high,false,1,direct_geometry_join,2025 공간구역과 정규화 동명이 인천 내에서 유일하게 일치
2824562100,계양구,작전1동,vworld_sgis_20250630:23070560,23070560,계양구,작전1동,20250630,mapped,unique_normalized_name,high,false,1,direct_geometry_join,2025 공간구역과 정규화 동명이 인천 내에서 유일하게 일치
2824562200,계양구,작전2동,vworld_sgis_20250630:23070570,23070570,계양구,작전2동,20250630,mapped,unique_normalized_name,high,false,1,direct_geometry_join,2025 공간구역과 정규화 동명이 인천 내에서 유일하게 일치
2824564000,계양구,작전서운동,vworld_sgis_20250630:23070580,23070580,계양구,작전서운동,20250630,mapped,unique_normalized_name,high,false,1,direct_geometry_join,2025 공간구역과 정규화 동명이 인천 내에서 유일하게 일치
2824571000,계양구,계양1동,vworld_sgis_20250630:23070630,23070630,계양구,계양1동,20250630,mapped,unique_normalized_name,high,false,1,direct_geometry_join,2025 공간구역과 정규화 동명이 인천 내에서 유일하게 일치
2824572000,계양구,계양2동,vworld_sgis_20250630:23070610,23070610,계양구,계양2동,20250630,mapped,unique_normalized_name,high,false,1,direct_geometry_join,2025 공간구역과 정규화 동명이 인천 내에서 유일하게 일치
2824573000,계양구,계양3동,vworld_sgis_20250630:23070640,23070640,계양구,계양3동,20250630,mapped,unique_normalized_name,high,false,1,direct_geometry_join,2025 공간구역과 정규화 동명이 인천 내에서 유일하게 일치
2827551500,서해구,검암경서동,vworld_sgis_20250630:23080510,23080510,서구,검암경서동,20250630,mapped,unique_normalized_name,high,false,1,direct_geometry_join,2025 공간구역과 정규화 동명이 인천 내에서 유일하게 일치
2827553000,서해구,연희동,vworld_sgis_20250630:23080531,23080531,서구,연희동,20250630,mapped,unique_normalized_name,high,false,1,direct_geometry_join,2025 공간구역과 정규화 동명이 인천 내에서 유일하게 일치
2827553600,서해구,청라1동,vworld_sgis_20250630:23080740,23080740,서구,청라1동,20250630,mapped,unique_normalized_name,high,false,1,direct_geometry_join,2025 공간구역과 정규화 동명이 인천 내에서 유일하게 일치
2827553700,서해구,청라2동,vworld_sgis_20250630:23080780,23080780,서구,청라2동,20250630,mapped,unique_normalized_name,high,false,1,direct_geometry_join,2025 공간구역과 정규화 동명이 인천 내에서 유일하게 일치
2827553900,서해구,청라3동,vworld_sgis_20250630:23080790,23080790,서구,청라3동,20250630,mapped,unique_normalized_name,high,false,1,direct_geometry_join,2025 공간구역과 정규화 동명이 인천 내에서 유일하게 일치
2827554200,서해구,가정1동,vworld_sgis_20250630:23080541,23080541,서구,가정1동,20250630,mapped,unique_normalized_name,high,false,1,direct_geometry_join,2025 공간구역과 정규화 동명이 인천 내에서 유일하게 일치
2827554300,서해구,가정2동,vworld_sgis_20250630:23080550,23080550,서구,가정2동,20250630,mapped,unique_normalized_name,high,false,1,direct_geometry_join,2025 공간구역과 정규화 동명이 인천 내에서 유일하게 일치
2827554400,서해구,가정3동,vworld_sgis_20250630:23080560,23080560,서구,가정3동,20250630,mapped,unique_normalized_name,high,false,1,direct_geometry_join,2025 공간구역과 정규화 동명이 인천 내에서 유일하게 일치
2827555000,서해구,석남1동,vworld_sgis_20250630:23080580,23080580,서구,석남1동,20250630,mapped,unique_normalized_name,high,false,1,direct_geometry_join,2025 공간구역과 정규화 동명이 인천 내에서 유일하게 일치
2827556000,서해구,석남2동,vworld_sgis_20250630:23080590,23080590,서구,석남2동,20250630,mapped,unique_normalized_name,high,false,1,direct_geometry_join,2025 공간구역과 정규화 동명이 인천 내에서 유일하게 일치
2827556100,서해구,석남3동,vworld_sgis_20250630:23080600,23080600,서구,석남3동,20250630,mapped,unique_normalized_name,high,false,1,direct_geometry_join,2025 공간구역과 정규화 동명이 인천 내에서 유일하게 일치
2827557500,서해구,신현원창동,vworld_sgis_20250630:23080730,23080730,서구,신현원창동,20250630,mapped,unique_normalized_name,high,false,1,direct_geometry_join,2025 공간구역과 정규화 동명이 인천 내에서 유일하게 일치
2827558000,서해구,가좌1동,vworld_sgis_20250630:23080620,23080620,서구,가좌1동,20250630,mapped,unique_normalized_name,high,false,1,direct_geometry_join,2025 공간구역과 정규화 동명이 인천 내에서 유일하게 일치
2827559000,서해구,가좌2동,vworld_sgis_20250630:23080630,23080630,서구,가좌2동,20250630,mapped,unique_normalized_name,high,false,1,direct_geometry_join,2025 공간구역과 정규화 동명이 인천 내에서 유일하게 일치
2827560000,서해구,가좌3동,vworld_sgis_20250630:23080640,23080640,서구,가좌3동,20250630,mapped,unique_normalized_name,high,false,1,direct_geometry_join,2025 공간구역과 정규화 동명이 인천 내에서 유일하게 일치
2827561000,서해구,가좌4동,vworld_sgis_20250630:23080650,23080650,서구,가좌4동,20250630,mapped,unique_normalized_name,high,false,1,direct_geometry_join,2025 공간구역과 정규화 동명이 인천 내에서 유일하게 일치
2829051000,검단구,검단동,vworld_sgis_20250630:23080800,23080800,서구,검단동,20250630,mapped,unique_normalized_name,high,false,1,direct_geometry_join,2025 공간구역과 정규화 동명이 인천 내에서 유일하게 일치
2829052000,검단구,불로대곡동,vworld_sgis_20250630:23080810,23080810,서구,불로대곡동,20250630,mapped,unique_normalized_name,high,false,1,direct_geometry_join,2025 공간구역과 정규화 동명이 인천 내에서 유일하게 일치
2829053000,검단구,원당동,vworld_sgis_20250630:23080870,23080870,서구,원당동,20250630,mapped,unique_normalized_name,high,false,1,direct_geometry_join,2025 공간구역과 정규화 동명이 인천 내에서 유일하게 일치
2829054000,검단구,당하동,vworld_sgis_20250630:23080850,23080850,서구,당하동,20250630,mapped,unique_normalized_name,high,false,1,direct_geometry_join,2025 공간구역과 정규화 동명이 인천 내에서 유일하게 일치
2829055000,검단구,오류왕길동,vworld_sgis_20250630:23080840,23080840,서구,오류왕길동,20250630,mapped,unique_normalized_name,high,false,1,direct_geometry_join,2025 공간구역과 정규화 동명이 인천 내에서 유일하게 일치
2829056000,검단구,마전동,vworld_sgis_20250630:23080860,23080860,서구,마전동,20250630,mapped,unique_normalized_name,high,false,1,direct_geometry_join,2025 공간구역과 정규화 동명이 인천 내에서 유일하게 일치
2829057000,검단구,아라1동,vworld_sgis_20250630:23080880,23080880,서구,아라동,20250630,mapped,post_snapshot_split_aggregate,high,true,2,sum_additive_counts_then_recompute_rates,아라1동과 아라2동 지표를 2025 아라동 공간구역에 합산
2829058000,검단구,아라2동,vworld_sgis_20250630:23080880,23080880,서구,아라동,20250630,mapped,post_snapshot_split_aggregate,high,true,2,sum_additive_counts_then_recompute_rates,아라1동과 아라2동 지표를 2025 아라동 공간구역에 합산
2871025000,강화군,강화읍,vworld_sgis_20250630:23510110,23510110,강화군,강화읍,20250630,mapped,unique_normalized_name,high,false,1,direct_geometry_join,2025 공간구역과 정규화 동명이 인천 내에서 유일하게 일치
2871031000,강화군,선원면,vworld_sgis_20250630:23510310,23510310,강화군,선원면,20250630,mapped,unique_normalized_name,high,false,1,direct_geometry_join,2025 공간구역과 정규화 동명이 인천 내에서 유일하게 일치
2871032000,강화군,불은면,vworld_sgis_20250630:23510320,23510320,강화군,불은면,20250630,mapped,unique_normalized_name,high,false,1,direct_geometry_join,2025 공간구역과 정규화 동명이 인천 내에서 유일하게 일치
2871033000,강화군,길상면,vworld_sgis_20250630:23510330,23510330,강화군,길상면,20250630,mapped,unique_normalized_name,high,false,1,direct_geometry_join,2025 공간구역과 정규화 동명이 인천 내에서 유일하게 일치
2871034000,강화군,화도면,vworld_sgis_20250630:23510340,23510340,강화군,화도면,20250630,mapped,unique_normalized_name,high,false,1,direct_geometry_join,2025 공간구역과 정규화 동명이 인천 내에서 유일하게 일치
2871035000,강화군,양도면,vworld_sgis_20250630:23510350,23510350,강화군,양도면,20250630,mapped,unique_normalized_name,high,false,1,direct_geometry_join,2025 공간구역과 정규화 동명이 인천 내에서 유일하게 일치
2871036000,강화군,내가면,vworld_sgis_20250630:23510360,23510360,강화군,내가면,20250630,mapped,unique_normalized_name,high,false,1,direct_geometry_join,2025 공간구역과 정규화 동명이 인천 내에서 유일하게 일치
2871037000,강화군,하점면,vworld_sgis_20250630:23510370,23510370,강화군,하점면,20250630,mapped,unique_normalized_name,high,false,1,direct_geometry_join,2025 공간구역과 정규화 동명이 인천 내에서 유일하게 일치
2871038000,강화군,양사면,vworld_sgis_20250630:23510380,23510380,강화군,양사면,20250630,mapped,unique_normalized_name,high,false,1,direct_geometry_join,2025 공간구역과 정규화 동명이 인천 내에서 유일하게 일치
2871039000,강화군,송해면,vworld_sgis_20250630:23510390,23510390,강화군,송해면,20250630,mapped,unique_normalized_name,high,false,1,direct_geometry_join,2025 공간구역과 정규화 동명이 인천 내에서 유일하게 일치
2871040000,강화군,교동면,vworld_sgis_20250630:23510400,23510400,강화군,교동면,20250630,mapped,unique_normalized_name,high,false,1,direct_geometry_join,2025 공간구역과 정규화 동명이 인천 내에서 유일하게 일치
2871041000,강화군,삼산면,vworld_sgis_20250630:23510410,23510410,강화군,삼산면,20250630,mapped,unique_normalized_name,high,false,1,direct_geometry_join,2025 공간구역과 정규화 동명이 인천 내에서 유일하게 일치
2871042000,강화군,서도면,vworld_sgis_20250630:23510420,23510420,강화군,서도면,20250630,mapped,unique_normalized_name,high,true,2,sum_additive_counts_then_recompute_rates,2025 공간구역과 정규화 동명이 인천 내에서 유일하게 일치
2871042500,강화군,서도면볼음출장소,vworld_sgis_20250630:23510420,23510420,강화군,서도면,20250630,mapped,branch_office_parent_aggregate,high,true,2,sum_additive_counts_then_recompute_rates,출장소 지표를 상위 서도면 공간구역에 합산
2872031000,옹진군,북도면,vworld_sgis_20250630:23520310,23520310,옹진군,북도면,20250630,mapped,unique_normalized_name,high,true,2,sum_additive_counts_then_recompute_rates,2025 공간구역과 정규화 동명이 인천 내에서 유일하게 일치
2872031500,옹진군,북도면장봉출장소,vworld_sgis_20250630:23520310,23520310,옹진군,북도면,20250630,mapped,branch_office_parent_aggregate,high,true,2,sum_additive_counts_then_recompute_rates,출장소 지표를 상위 북도면 공간구역에 합산
2872033000,옹진군,백령면,vworld_sgis_20250630:23520330,23520330,옹진군,백령면,20250630,mapped,unique_normalized_name,high,false,1,direct_geometry_join,2025 공간구역과 정규화 동명이 인천 내에서 유일하게 일치
2872034000,옹진군,대청면,vworld_sgis_20250630:23520340,23520340,옹진군,대청면,20250630,mapped,unique_normalized_name,high,true,2,sum_additive_counts_then_recompute_rates,2025 공간구역과 정규화 동명이 인천 내에서 유일하게 일치
2872034500,옹진군,대청면소청출장소,vworld_sgis_20250630:23520340,23520340,옹진군,대청면,20250630,mapped,branch_office_parent_aggregate,high,true,2,sum_additive_counts_then_recompute_rates,출장소 지표를 상위 대청면 공간구역에 합산
2872035000,옹진군,덕적면,vworld_sgis_20250630:23520350,23520350,옹진군,덕적면,20250630,mapped,unique_normalized_name,high,false,1,direct_geometry_join,2025 공간구역과 정규화 동명이 인천 내에서 유일하게 일치
2872036000,옹진군,영흥면,vworld_sgis_20250630:23520370,23520370,옹진군,영흥면,20250630,mapped,unique_normalized_name,high,false,1,direct_geometry_join,2025 공간구역과 정규화 동명이 인천 내에서 유일하게 일치
2872037000,옹진군,자월면,vworld_sgis_20250630:23520360,23520360,옹진군,자월면,20250630,mapped,unique_normalized_name,high,true,2,sum_additive_counts_then_recompute_rates,2025 공간구역과 정규화 동명이 인천 내에서 유일하게 일치
2872037500,옹진군,자월면이작출장소,vworld_sgis_20250630:23520360,23520360,옹진군,자월면,20250630,mapped,branch_office_parent_aggregate,high,true,2,sum_additive_counts_then_recompute_rates,출장소 지표를 상위 자월면 공간구역에 합산
2872038000,옹진군,연평면,vworld_sgis_20250630:23520320,23520320,옹진군,연평면,20250630,mapped,unique_normalized_name,high,false,1,direct_geometry_join,2025 공간구역과 정규화 동명이 인천 내에서 유일하게 일치
