observation_id,source_dataset,source_name,source_file,source_url,source_as_of_date,source_sheet,source_row,source_facility_code,source_service_code,facility_name,category_major,category_detail,facility_form,legal_basis,operator_name,district_source,district,legal_dong,address,postal_code,phone,capacity,current_occupancy,staff_count,latitude,longitude,designation_date,installation_date,status,source_note
obs_c6da4eb9088629bd,michuhol_elderly,인천광역시 미추홀구_노인복지시설_20250620,michuhol_elderly_welfare_facilities.csv,https://www.data.go.kr/data/15070559/fileData.do,2025-06-20,CSV,2,,,주안해피타운,노인복지,노인의료복지시설,,,,미추홀구,미추홀구,주안동,인천광역시 미추홀구 주승로 129 (주안동),,032-432-2070,55,,,37.44579636,126.6847222,2008-05-30,,,
obs_f58025eca854c310,michuhol_elderly,인천광역시 미추홀구_노인복지시설_20250620,michuhol_elderly_welfare_facilities.csv,https://www.data.go.kr/data/15070559/fileData.do,2025-06-20,CSV,3,,,인천은혜요양원,노인복지,노인의료복지시설,,,,미추홀구,미추홀구,주안동,인천광역시 미추홀구 길파로29번길 53 (주안동),,032-868-7076,60,,,37.46871997,126.6766709,2008-05-30,,,
obs_9bd295324a5a1c8f,michuhol_elderly,인천광역시 미추홀구_노인복지시설_20250620,michuhol_elderly_welfare_facilities.csv,https://www.data.go.kr/data/15070559/fileData.do,2025-06-20,CSV,4,,,햇살노인전문요양원,노인복지,노인의료복지시설,,,,미추홀구,미추홀구,숭의동,인천광역시 미추홀구 인중로 13 (숭의동),,032-891-9555,95,,,37.46247938,126.6410163,2008-09-23,,,
obs_96e67325ef9a96c0,michuhol_elderly,인천광역시 미추홀구_노인복지시설_20250620,michuhol_elderly_welfare_facilities.csv,https://www.data.go.kr/data/15070559/fileData.do,2025-06-20,CSV,5,,,천사의집노인요양원,노인복지,노인의료복지시설,,,,미추홀구,미추홀구,문학동,인천광역시 미추홀구 소성로318번길 30 (문학동),,032-435-9257,60,,,37.43638829,126.6820731,2009-09-02,,,
obs_2b189e06492ab25e,michuhol_elderly,인천광역시 미추홀구_노인복지시설_20250620,michuhol_elderly_welfare_facilities.csv,https://www.data.go.kr/data/15070559/fileData.do,2025-06-20,CSV,6,,,인천사랑노인요양원,노인복지,노인의료복지시설,,,,미추홀구,미추홀구,용현동,인천광역시 미추홀구 낙섬서로 3-14 (용현동),,032-428-8850,60,,,37.45055575,126.6331389,2009-10-12,,,
obs_9a351f8b9fbf9397,michuhol_elderly,인천광역시 미추홀구_노인복지시설_20250620,michuhol_elderly_welfare_facilities.csv,https://www.data.go.kr/data/15070559/fileData.do,2025-06-20,CSV,7,,,행복한요양원,노인복지,노인의료복지시설,,,,미추홀구,미추홀구,주안동,"인천광역시 미추홀구 경원대로 858 (주안동,씨티프라자 7층)",,032-435-6300,42,,,37.4593647,126.6898433,2010-03-01,,,
obs_dfea0bfdd77bfa66,michuhol_elderly,인천광역시 미추홀구_노인복지시설_20250620,michuhol_elderly_welfare_facilities.csv,https://www.data.go.kr/data/15070559/fileData.do,2025-06-20,CSV,8,,,효다함요양원,노인복지,노인의료복지시설,,,,미추홀구,미추홀구,숭의동,"인천광역시 미추홀구 독배로 443, 411호 (숭의동)",,032-884-8883,42,,,37.4588359,126.6481512,2011-02-08,,,
obs_d73402c123362bff,michuhol_elderly,인천광역시 미추홀구_노인복지시설_20250620,michuhol_elderly_welfare_facilities.csv,https://www.data.go.kr/data/15070559/fileData.do,2025-06-20,CSV,9,,,온유한요양원,노인복지,노인의료복지시설,,,,미추홀구,미추홀구,주안동,인천광역시 미추홀구 주안로 150 (주안동),,032-442-7583,106,,,37.46348396,126.6864388,2011-07-29,,,
obs_65debe0a7554b9f8,michuhol_elderly,인천광역시 미추홀구_노인복지시설_20250620,michuhol_elderly_welfare_facilities.csv,https://www.data.go.kr/data/15070559/fileData.do,2025-06-20,CSV,10,,,노아요양원,노인복지,노인의료복지시설,,,,미추홀구,미추홀구,주안동,"인천광역시 미추홀구 경원대로 892, 2층 (주안동)",,032-424-8188,79,,,37.46243974,126.6901112,2012-06-27,,,
obs_7ee0a2a31cf50b17,michuhol_elderly,인천광역시 미추홀구_노인복지시설_20250620,michuhol_elderly_welfare_facilities.csv,https://www.data.go.kr/data/15070559/fileData.do,2025-06-20,CSV,11,,,햇살누리요양센터,노인복지,노인의료복지시설,,,,미추홀구,미추홀구,용현동,인천광역시 미추홀구 독배로 431 (용현동),,032-891-9588,46,,,37.45792912,126.6489993,2013-03-01,,,
obs_b2275502e12a6123,michuhol_elderly,인천광역시 미추홀구_노인복지시설_20250620,michuhol_elderly_welfare_facilities.csv,https://www.data.go.kr/data/15070559/fileData.do,2025-06-20,CSV,12,,,노인요양원 행복의집,노인복지,노인의료복지시설,,,,미추홀구,미추홀구,용현동,"인천광역시 미추홀구 아암대로29번길 86, 5층 (용현동, 백제당빌딩)",,032-887-0237,9,,,37.45631794,126.6409036,2013-03-07,,,
obs_cf956942c00b729c,michuhol_elderly,인천광역시 미추홀구_노인복지시설_20250620,michuhol_elderly_welfare_facilities.csv,https://www.data.go.kr/data/15070559/fileData.do,2025-06-20,CSV,13,,,인일효요양원,노인복지,노인의료복지시설,,,,미추홀구,미추홀구,도화동,"인천광역시 미추홀구 한나루로 604, 1801호 (도화동, 롯데월드타워)",,032-868-6000,29,,,37.45984908,126.6729642,2013-03-19,,,
obs_c57e54253eed4566,michuhol_elderly,인천광역시 미추홀구_노인복지시설_20250620,michuhol_elderly_welfare_facilities.csv,https://www.data.go.kr/data/15070559/fileData.do,2025-06-20,CSV,14,,,주안愛요양원,노인복지,노인의료복지시설,,,,미추홀구,미추홀구,주안동,"인천광역시 미추홀구 주안중로50번길 3 (주안동, 부건프라자 5,6층)",,032-442-3114,41,,,37.46308776,126.6830834,2013-07-23,,,
obs_1d0ddb0fcffa185c,michuhol_elderly,인천광역시 미추홀구_노인복지시설_20250620,michuhol_elderly_welfare_facilities.csv,https://www.data.go.kr/data/15070559/fileData.do,2025-06-20,CSV,15,,,노인요양원 행복의집II,노인복지,노인의료복지시설,,,,미추홀구,미추홀구,용현동,"인천광역시 미추홀구 아암대로29번길 86, 4층 (용현동, 백제당빌딩)",,032-887-0238,9,,,37.45631794,126.6409036,2013-09-30,,,
obs_7928092e91e39eb5,michuhol_elderly,인천광역시 미추홀구_노인복지시설_20250620,michuhol_elderly_welfare_facilities.csv,https://www.data.go.kr/data/15070559/fileData.do,2025-06-20,CSV,16,,,남구늘푸른노인요양원,노인복지,노인의료복지시설,,,,미추홀구,미추홀구,학익동,"인천광역시 미추홀구 소성로 193-26 (학익동, 동남빌딩 2~5층)",,032-423-8870,29,,,37.4414108,126.6701712,2014-06-02,,,
obs_d9ad3422517b5876,michuhol_elderly,인천광역시 미추홀구_노인복지시설_20250620,michuhol_elderly_welfare_facilities.csv,https://www.data.go.kr/data/15070559/fileData.do,2025-06-20,CSV,17,,,행복드림요양원,노인복지,노인의료복지시설,,,,미추홀구,미추홀구,주안동,"인천광역시 미추홀구 인주대로 495, 5층 (주안동)",,032-438-1999,9,,,37.45090942,126.6918313,2014-12-01,,,
obs_d3ecfb088a7df799,michuhol_elderly,인천광역시 미추홀구_노인복지시설_20250620,michuhol_elderly_welfare_facilities.csv,https://www.data.go.kr/data/15070559/fileData.do,2025-06-20,CSV,18,,,행복드림요양원2,노인복지,노인의료복지시설,,,,미추홀구,미추홀구,주안동,"인천광역시 미추홀구 인주대로 495, 4층 (주안동)",,032-437-1990,9,,,37.45090942,126.6918313,2014-12-01,,,
obs_299d4e2b80c00c20,michuhol_elderly,인천광역시 미추홀구_노인복지시설_20250620,michuhol_elderly_welfare_facilities.csv,https://www.data.go.kr/data/15070559/fileData.do,2025-06-20,CSV,19,,,제일요양원,노인복지,노인의료복지시설,,,,미추홀구,미추홀구,학익동,"인천광역시 미추홀구 학익소로 19, B1,2,5~7층 (학익동)",,032-876-3230,80,,,37.44548374,126.6689827,2015-11-09,,,
obs_882fbe34a097351d,michuhol_elderly,인천광역시 미추홀구_노인복지시설_20250620,michuhol_elderly_welfare_facilities.csv,https://www.data.go.kr/data/15070559/fileData.do,2025-06-20,CSV,20,,,예사랑요양원,노인복지,노인의료복지시설,,,,미추홀구,미추홀구,숭의동,인천광역시 미추홀구 미추로 1 (숭의동),,032-883-8511,55,,,37.46030261,126.6478681,2015-12-01,,,
obs_4b023c7e2050effb,michuhol_elderly,인천광역시 미추홀구_노인복지시설_20250620,michuhol_elderly_welfare_facilities.csv,https://www.data.go.kr/data/15070559/fileData.do,2025-06-20,CSV,21,,,주안요양원,노인복지,노인의료복지시설,,,,미추홀구,미추홀구,주안동,"인천광역시 미추홀구 석바위로 68, 601호 (주안동, 주안필프라자)",,032-433-5675,34,,,37.46085744,126.6806235,2015-12-11,,,
obs_9e8fc11f14d36549,michuhol_elderly,인천광역시 미추홀구_노인복지시설_20250620,michuhol_elderly_welfare_facilities.csv,https://www.data.go.kr/data/15070559/fileData.do,2025-06-20,CSV,22,,,효담채요양원,노인복지,노인의료복지시설,,,,미추홀구,미추홀구,숭의동,인천광역시 미추홀구 경인로 109 (숭의동),,032-882-2200,80,,,37.46648688,126.6546836,2016-01-29,,,
obs_1a32eb83c018c7b6,michuhol_elderly,인천광역시 미추홀구_노인복지시설_20250620,michuhol_elderly_welfare_facilities.csv,https://www.data.go.kr/data/15070559/fileData.do,2025-06-20,CSV,23,,,믿음요양원,노인복지,노인의료복지시설,,,,미추홀구,미추홀구,문학동,"인천광역시 미추홀구 매소홀로 507, 3층 (문학동, 스카이빌딩)",,032-435-1020,39,,,37.43967891,126.6786527,2016-08-26,,,
obs_23f4ae7c3d277a7c,michuhol_elderly,인천광역시 미추홀구_노인복지시설_20250620,michuhol_elderly_welfare_facilities.csv,https://www.data.go.kr/data/15070559/fileData.do,2025-06-20,CSV,24,,,세심요양원,노인복지,노인의료복지시설,,,,미추홀구,미추홀구,도화동,인천광역시 미추홀구 경인로 270-1 (도화동),,032-472-9626,95,,,37.46199148,126.6712693,2016-12-26,,,
obs_d386ba726595b0cd,michuhol_elderly,인천광역시 미추홀구_노인복지시설_20250620,michuhol_elderly_welfare_facilities.csv,https://www.data.go.kr/data/15070559/fileData.do,2025-06-20,CSV,25,,,인하요양원,노인복지,노인의료복지시설,,,,미추홀구,미추홀구,학익동,인천광역시 미추홀구 한나루로456번길 8 (학익동),,032-875-2255,89,,,37.4472043,126.668078,2018-03-15,,,
obs_71aac7b78fc59132,michuhol_elderly,인천광역시 미추홀구_노인복지시설_20250620,michuhol_elderly_welfare_facilities.csv,https://www.data.go.kr/data/15070559/fileData.do,2025-06-20,CSV,26,,,참사랑요양원,노인복지,노인의료복지시설,,,,미추홀구,미추홀구,주안동,인천광역시 미추홀구 주안로 157-1 (주안동),,032-464-7802,49,,,37.46392981,126.6873702,2018-12-05,,,
obs_982c6f5ba29605b5,michuhol_elderly,인천광역시 미추홀구_노인복지시설_20250620,michuhol_elderly_welfare_facilities.csv,https://www.data.go.kr/data/15070559/fileData.do,2025-06-20,CSV,27,,,성심요양원,노인복지,노인의료복지시설,,,,미추홀구,미추홀구,주안동,"인천광역시 미추홀구 미추홀대로657번길 1, 2층 (주안동)",,032-872-9248,46,,,37.4560139,126.6797616,2019-05-21,,,
obs_d71595c2982f0b6f,michuhol_elderly,인천광역시 미추홀구_노인복지시설_20250620,michuhol_elderly_welfare_facilities.csv,https://www.data.go.kr/data/15070559/fileData.do,2025-06-20,CSV,28,,,포도나무요양원,노인복지,노인의료복지시설,,,,미추홀구,미추홀구,학익동,"인천광역시 미추홀구 주승로 22, 2층 (학익동)",,032-866-1191,15,,,37.44365373,126.6727799,2019-06-24,,,
obs_31ddbbbc645d707c,michuhol_elderly,인천광역시 미추홀구_노인복지시설_20250620,michuhol_elderly_welfare_facilities.csv,https://www.data.go.kr/data/15070559/fileData.do,2025-06-20,CSV,29,,,생명수요양원,노인복지,노인의료복지시설,,,,미추홀구,미추홀구,주안동,인천광역시 미추홀구 인하로 193 (주안동),,032-874-7070,41,,,37.4489507,126.6694842,2019-09-23,,,
obs_53777cfe4d2c8088,michuhol_elderly,인천광역시 미추홀구_노인복지시설_20250620,michuhol_elderly_welfare_facilities.csv,https://www.data.go.kr/data/15070559/fileData.do,2025-06-20,CSV,30,,,주안하주요양원,노인복지,노인의료복지시설,,,,미추홀구,미추홀구,주안동,인천광역시 미추홀구 경인로435번길 23 (주안동),,032-715-4455,41,,,37.45915485,126.6885723,2019-10-01,,,
obs_310174cf96efde54,michuhol_elderly,인천광역시 미추홀구_노인복지시설_20250620,michuhol_elderly_welfare_facilities.csv,https://www.data.go.kr/data/15070559/fileData.do,2025-06-20,CSV,31,,,자미원요양원,노인복지,노인의료복지시설,,,,미추홀구,미추홀구,숭의동,인천광역시 미추홀구 참외전로 341 (숭의동),,032-888-3688,29,,,37.4664822,126.6521062,2019-12-01,,,
obs_20075d1aa338baee,michuhol_elderly,인천광역시 미추홀구_노인복지시설_20250620,michuhol_elderly_welfare_facilities.csv,https://www.data.go.kr/data/15070559/fileData.do,2025-06-20,CSV,32,,,도화요양원,노인복지,노인의료복지시설,,,,미추홀구,미추홀구,도화동,"인천광역시 미추홀구 한나루로 604, 10층 (도화동, 롯데월드타워)",,032-422-5161,68,,,37.45984908,126.6729642,2019-12-16,,,
obs_63ad62d3aa2ed33c,michuhol_elderly,인천광역시 미추홀구_노인복지시설_20250620,michuhol_elderly_welfare_facilities.csv,https://www.data.go.kr/data/15070559/fileData.do,2025-06-20,CSV,33,,,미추홀효요양원,노인복지,노인의료복지시설,,,,미추홀구,미추홀구,주안동,"인천광역시 미추홀구 경원대로864번길 10, 3층 4층 (주안동)",,032-426-8090,45,,,37.45956503,126.6902005,2019-12-16,,,
obs_52b63cc8eb764496,michuhol_elderly,인천광역시 미추홀구_노인복지시설_20250620,michuhol_elderly_welfare_facilities.csv,https://www.data.go.kr/data/15070559/fileData.do,2025-06-20,CSV,34,,,센트럴힐링요양원,노인복지,노인의료복지시설,,,,미추홀구,미추홀구,학익동,"인천광역시 미추홀구 한나루로 432, 4층 (학익동, 성원빌딩)",,032-872-2279,9,,,37.44570328,126.6666593,2020-01-01,,,
obs_a49925c8f211639d,michuhol_elderly,인천광역시 미추홀구_노인복지시설_20250620,michuhol_elderly_welfare_facilities.csv,https://www.data.go.kr/data/15070559/fileData.do,2025-06-20,CSV,35,,,매화요양원,노인복지,노인의료복지시설,,,,미추홀구,미추홀구,숭의동,인천광역시 미추홀구 제물량로4번길 34-33 (숭의동),,032-891-0121,42,,,37.46216188,126.6401043,2021-03-01,,,
obs_d1b969f83f396b70,michuhol_elderly,인천광역시 미추홀구_노인복지시설_20250620,michuhol_elderly_welfare_facilities.csv,https://www.data.go.kr/data/15070559/fileData.do,2025-06-20,CSV,36,,,해피하우스요양원,노인복지,노인의료복지시설,,,,미추홀구,미추홀구,학익동,"인천광역시 미추홀구 학익소로61번길 21-11, 2층 (학익동)",,032-876-8899,25,,,37.44298848,126.6711091,2021-06-01,,,
obs_86c65a4bf348accb,michuhol_elderly,인천광역시 미추홀구_노인복지시설_20250620,michuhol_elderly_welfare_facilities.csv,https://www.data.go.kr/data/15070559/fileData.do,2025-06-20,CSV,37,,,The 숲 요양원,노인복지,노인의료복지시설,,,,미추홀구,미추홀구,숭의동,인천광역시 미추홀구 미추로 53 (숭의동),,032-710-0086,49,,,37.46466676,126.6457359,2021-08-01,,,
obs_2a91705a8359731a,michuhol_elderly,인천광역시 미추홀구_노인복지시설_20250620,michuhol_elderly_welfare_facilities.csv,https://www.data.go.kr/data/15070559/fileData.do,2025-06-20,CSV,38,,,지안요양원,노인복지,노인의료복지시설,,,,미추홀구,미추홀구,주안동,"인천광역시 미추홀구 석정로 409, 1층, 3~6층 (주안동)",,032-873-9988,99,,,37.46713129,126.6809692,2021-09-23,,,
obs_8dd937e1c4055a97,michuhol_elderly,인천광역시 미추홀구_노인복지시설_20250620,michuhol_elderly_welfare_facilities.csv,https://www.data.go.kr/data/15070559/fileData.do,2025-06-20,CSV,39,,,진요양원,노인복지,노인의료복지시설,,,,미추홀구,미추홀구,학익동,"인천광역시 미추홀구 학익소로 67, 7층 (학익동, 신세계빌딩)",,032-864-9902,9,,,37.44171042,126.6707648,2021-11-05,,,
obs_6ad52ef64de923a4,michuhol_elderly,인천광역시 미추홀구_노인복지시설_20250620,michuhol_elderly_welfare_facilities.csv,https://www.data.go.kr/data/15070559/fileData.do,2025-06-20,CSV,40,,,라라요양원,노인복지,노인의료복지시설,,,,미추홀구,미추홀구,관교동,인천광역시 미추홀구 경원대로652번길 19-15 (관교동),,032-721-7753,60,,,37.44210368,126.6939521,2021-12-01,,,
obs_9ff99ed968985985,michuhol_elderly,인천광역시 미추홀구_노인복지시설_20250620,michuhol_elderly_welfare_facilities.csv,https://www.data.go.kr/data/15070559/fileData.do,2025-06-20,CSV,41,,,수림재활요양원,노인복지,노인의료복지시설,,,,미추홀구,미추홀구,도화동,"인천광역시 미추홀구 경인로 321 (도화동, 수림빌딩)",,032-246-1000,99,,,37.45928897,126.6759889,2022-10-01,,,
obs_0f976529bfdfd378,michuhol_elderly,인천광역시 미추홀구_노인복지시설_20250620,michuhol_elderly_welfare_facilities.csv,https://www.data.go.kr/data/15070559/fileData.do,2025-06-20,CSV,42,,,인천수봉요양원,노인복지,노인의료복지시설,,,,미추홀구,미추홀구,도화동,인천광역시 미추홀구 수봉북로 28 (도화동),,032-255-5100,99,,,37.46326625,126.6633084,2022-11-01,,,
obs_9729a7eb01f2b8c5,michuhol_elderly,인천광역시 미추홀구_노인복지시설_20250620,michuhol_elderly_welfare_facilities.csv,https://www.data.go.kr/data/15070559/fileData.do,2025-06-20,CSV,43,,,사랑품은 요양원,노인복지,노인의료복지시설,,,,미추홀구,미추홀구,용현동,"인천광역시 미추홀구 토금남로 2, 704호 (용현동, 노블레스빌딩)",,032-888-3363,24,,,37.45289894,126.632915,2022-11-09,,,
obs_ad4787c1cf739428,michuhol_elderly,인천광역시 미추홀구_노인복지시설_20250620,michuhol_elderly_welfare_facilities.csv,https://www.data.go.kr/data/15070559/fileData.do,2025-06-20,CSV,44,,,보금자리요양원,노인복지,노인의료복지시설,,,,미추홀구,미추홀구,도화동,"인천광역시 미추홀구 한나루로 604, 908호 (도화동, 롯데월드타워)",,032-724-8424,14,,,37.45984908,126.6729642,2023-02-01,,,
obs_6a4c517dc41fb291,michuhol_elderly,인천광역시 미추홀구_노인복지시설_20250620,michuhol_elderly_welfare_facilities.csv,https://www.data.go.kr/data/15070559/fileData.do,2025-06-20,CSV,45,,,다온요양원,노인복지,노인의료복지시설,,,,미추홀구,미추홀구,학익동,인천광역시 미추홀구 매소홀로 490 (학익동),,032-862-2200,63,,,37.43926525,126.6766694,2023-03-01,,,
obs_5ff999bcc665cd6b,michuhol_elderly,인천광역시 미추홀구_노인복지시설_20250620,michuhol_elderly_welfare_facilities.csv,https://www.data.go.kr/data/15070559/fileData.do,2025-06-20,CSV,46,,,힘찬실버요양원,노인복지,노인의료복지시설,,,,미추홀구,미추홀구,숭의동,인천광역시 미추홀구 경인로33번길 22 (숭의동),,032-891-5777,49,,,37.46492667,126.6466303,2023-06-01,,,
obs_0103f3e483843b9b,michuhol_elderly,인천광역시 미추홀구_노인복지시설_20250620,michuhol_elderly_welfare_facilities.csv,https://www.data.go.kr/data/15070559/fileData.do,2025-06-20,CSV,47,,,수봉요양원,노인복지,노인의료복지시설,,,,미추홀구,미추홀구,용현동,"인천광역시 미추홀구 수봉남로6번길 52-10, 2층 (용현동, 대진아파트)",,032-872-6722,16,,,37.4555027,126.6585015,2023-06-14,,,
obs_d0ddaeabe3d32ee7,michuhol_elderly,인천광역시 미추홀구_노인복지시설_20250620,michuhol_elderly_welfare_facilities.csv,https://www.data.go.kr/data/15070559/fileData.do,2025-06-20,CSV,48,,,한가족재활요양원,노인복지,노인의료복지시설,,,,미추홀구,미추홀구,도화동,"인천광역시 미추홀구 수봉북로12번길 28, 1층 (도화동)",,032-872-5001,29,,,37.46503188,126.6619557,2023-10-01,,,
obs_7eba6c43fe312e3a,michuhol_elderly,인천광역시 미추홀구_노인복지시설_20250620,michuhol_elderly_welfare_facilities.csv,https://www.data.go.kr/data/15070559/fileData.do,2025-06-20,CSV,49,,,숭의요양원,노인복지,노인의료복지시설,,,,미추홀구,미추홀구,숭의동,인천광역시 미추홀구 경인로 42 (숭의동),,032-883-6999,49,,,37.46410079,126.6479805,2023-11-01,,,
obs_b15726cea43810f4,michuhol_elderly,인천광역시 미추홀구_노인복지시설_20250620,michuhol_elderly_welfare_facilities.csv,https://www.data.go.kr/data/15070559/fileData.do,2025-06-20,CSV,50,,,그린2요양원,노인복지,노인의료복지시설,,,,미추홀구,미추홀구,주안동,"인천광역시 미추홀구 주안로213번길 10-1, 7층 (주안동)",,032-422-9114,9,,,37.46388213,126.6939349,2023-12-01,,,
obs_3dbb58f9fbd534eb,michuhol_elderly,인천광역시 미추홀구_노인복지시설_20250620,michuhol_elderly_welfare_facilities.csv,https://www.data.go.kr/data/15070559/fileData.do,2025-06-20,CSV,51,,,그린1요양원,노인복지,노인의료복지시설,,,,미추홀구,미추홀구,주안동,"인천광역시 미추홀구 주안로213번길 10-1, 6층 (주안동)",,032-422-9114,9,,,37.46388213,126.6939349,2023-12-01,,,
obs_aed82a1a327f1042,michuhol_elderly,인천광역시 미추홀구_노인복지시설_20250620,michuhol_elderly_welfare_facilities.csv,https://www.data.go.kr/data/15070559/fileData.do,2025-06-20,CSV,52,,,(인천)에벤에셀요양원,노인복지,노인의료복지시설,,,,미추홀구,미추홀구,용현동,"인천광역시 미추홀구 아암대로29번길 48, 301호,204-5호 (용현동)",,032-882-1001,61,,,37.45711259,126.6390546,2024-02-01,,,
obs_c05aa41aaa28d46b,michuhol_elderly,인천광역시 미추홀구_노인복지시설_20250620,michuhol_elderly_welfare_facilities.csv,https://www.data.go.kr/data/15070559/fileData.do,2025-06-20,CSV,53,,,가람요양원,노인복지,노인의료복지시설,,,,미추홀구,미추홀구,용현동,"인천광역시 미추홀구 매소홀로 81-1, 6층 (용현동)",,032-886-6700,9,,,37.4491909,126.6347668,2024-04-01,,,
obs_9adb32be661f9934,michuhol_elderly,인천광역시 미추홀구_노인복지시설_20250620,michuhol_elderly_welfare_facilities.csv,https://www.data.go.kr/data/15070559/fileData.do,2025-06-20,CSV,54,,,경인노인요양공동생활가정,노인복지,노인의료복지시설,,,,미추홀구,미추홀구,주안동,"인천광역시 미추홀구 석정로 411, 5층 (주안동)",,032-868-9998,9,,,37.46693467,126.6813625,2024-06-01,,,
obs_0e17af8d4931154e,michuhol_elderly,인천광역시 미추홀구_노인복지시설_20250620,michuhol_elderly_welfare_facilities.csv,https://www.data.go.kr/data/15070559/fileData.do,2025-06-20,CSV,55,,,한방재활요양원,노인복지,노인의료복지시설,,,,미추홀구,미추홀구,주안동,인천광역시 미추홀구 한나루로586번길 80 (주안동),,032-255-8809,29,,,37.457897,126.676337,2024-09-01,,,
obs_8a04ae73e69c452e,michuhol_elderly,인천광역시 미추홀구_노인복지시설_20250620,michuhol_elderly_welfare_facilities.csv,https://www.data.go.kr/data/15070559/fileData.do,2025-06-20,CSV,56,,,참조은요양원,노인복지,노인의료복지시설,,,,미추홀구,미추홀구,숭의동,"인천광역시 미추홀구 독정이로100번길 13, 2호 (숭의동)",,032-861-3111,29,,,37.464753,126.651029,2024-11-01,,,
obs_604ba3fcff300ff2,michuhol_elderly,인천광역시 미추홀구_노인복지시설_20250620,michuhol_elderly_welfare_facilities.csv,https://www.data.go.kr/data/15070559/fileData.do,2025-06-20,CSV,57,,,미추홀늘푸른요양원,노인복지,노인의료복지시설,,,,미추홀구,미추홀구,용현동,"인천광역시 미추홀구 토금중로40번길 25, 2층 (용현동)",,032-423-8870,29,,,37.45175,126.637072,2024-12-01,,,
obs_fdfaedd552aa9bdc,michuhol_elderly,인천광역시 미추홀구_노인복지시설_20250620,michuhol_elderly_welfare_facilities.csv,https://www.data.go.kr/data/15070559/fileData.do,2025-06-20,CSV,58,,,대한어머니회재가노인지원서비스센터,노인복지,재가노인복지시설,,,,미추홀구,미추홀구,숭의동,"인천광역시 미추홀구 독배로 443, 2층 280호 (숭의동, 삼화복합빌딩)",,032-868-9207,,,,37.4588359,126.6481512,2008-05-29,,,
obs_17b936858e552d65,michuhol_elderly,인천광역시 미추홀구_노인복지시설_20250620,michuhol_elderly_welfare_facilities.csv,https://www.data.go.kr/data/15070559/fileData.do,2025-06-20,CSV,59,,,인천재가노인지원서비스센터,노인복지,재가노인복지시설,,,,미추홀구,미추홀구,학익동,인천광역시 미추홀구 매소홀로386번길 32 (학익동),,032-872-9088,,,,37.43863229,126.6645458,2008-06-02,,,
obs_0e5d221cdb1da8be,michuhol_elderly,인천광역시 미추홀구_노인복지시설_20250620,michuhol_elderly_welfare_facilities.csv,https://www.data.go.kr/data/15070559/fileData.do,2025-06-20,CSV,60,,,주안노인복지센터,노인복지,재가노인복지시설,,,,미추홀구,미추홀구,주안동,인천광역시 미추홀구 주승로 129 (주안동),,032-437-2070,56,,,37.44579636,126.6847222,2012-01-11,,,
obs_c8b8c01cfac15c98,michuhol_elderly,인천광역시 미추홀구_노인복지시설_20250620,michuhol_elderly_welfare_facilities.csv,https://www.data.go.kr/data/15070559/fileData.do,2025-06-20,CSV,61,,,연세재활주야간보호센터,노인복지,재가노인복지시설,,,,미추홀구,미추홀구,주안동,"인천광역시 미추홀구 구월로 17, 8층 (주안동)",,032-433-7001,72,,,37.45798834,126.6923315,2019-10-14,,,
obs_7b011e08018610c1,michuhol_elderly,인천광역시 미추홀구_노인복지시설_20250620,michuhol_elderly_welfare_facilities.csv,https://www.data.go.kr/data/15070559/fileData.do,2025-06-20,CSV,62,,,효담채주야간보호센터,노인복지,재가노인복지시설,,,,미추홀구,미추홀구,도화동,인천광역시 미추홀구 경인로 313-1 (도화동),,032-833-4828,42,,,37.45966158,126.6754812,2019-10-16,,,
obs_4ea25a81c780f734,michuhol_elderly,인천광역시 미추홀구_노인복지시설_20250620,michuhol_elderly_welfare_facilities.csv,https://www.data.go.kr/data/15070559/fileData.do,2025-06-20,CSV,63,,,김간호사 재활주간보호 재가복지센터,노인복지,재가노인복지시설,,,,미추홀구,미추홀구,도화동,"인천광역시 미추홀구 경인로 221, 101동 102호 (도화동, 나산아파트)",,032-724-9434,72,,,37.46523237,126.6675197,2019-12-04,,,
obs_fa1fd266971a935e,michuhol_elderly,인천광역시 미추홀구_노인복지시설_20250620,michuhol_elderly_welfare_facilities.csv,https://www.data.go.kr/data/15070559/fileData.do,2025-06-20,CSV,64,,,새봄재활주야간보호센터,노인복지,재가노인복지시설,,,,미추홀구,미추홀구,주안동,"인천광역시 미추홀구 미추홀대로614번길 3, 5층 (주안동, 씨티프라자)",,032-437-0101,18,,,37.45217768,126.6800618,2020-05-06,,,
obs_59f143706c9280d4,michuhol_elderly,인천광역시 미추홀구_노인복지시설_20250620,michuhol_elderly_welfare_facilities.csv,https://www.data.go.kr/data/15070559/fileData.do,2025-06-20,CSV,65,,,정다운복지센터,노인복지,재가노인복지시설,,,,미추홀구,미추홀구,문학동,"인천광역시 미추홀구 소성로 329, 2층 202호 (문학동, 경진상가주택)",,032-221-1005,,,,37.43762726,126.6839496,2020-05-06,,,
obs_a32417f1b707fb2d,michuhol_elderly,인천광역시 미추홀구_노인복지시설_20250620,michuhol_elderly_welfare_facilities.csv,https://www.data.go.kr/data/15070559/fileData.do,2025-06-20,CSV,66,,,정성노인복지센터,노인복지,재가노인복지시설,,,,미추홀구,미추홀구,주안동,"인천광역시 미추홀구 신기길58번길 36, 1층 (주안동)",,032-424-8708,,,,37.44563717,126.674722,2020-05-06,,,
obs_a6c39d80cacac8bb,michuhol_elderly,인천광역시 미추홀구_노인복지시설_20250620,michuhol_elderly_welfare_facilities.csv,https://www.data.go.kr/data/15070559/fileData.do,2025-06-20,CSV,67,,,인천통합복지 사회적협동조합,노인복지,재가노인복지시설,,,,미추홀구,미추홀구,주안동,"인천광역시 미추홀구 미추홀대로 516, 2층 201호 (주안동)",,032-864-1006,,,,37.44335536,126.6791046,2020-06-30,,,
obs_fdf352425701de11,michuhol_elderly,인천광역시 미추홀구_노인복지시설_20250620,michuhol_elderly_welfare_facilities.csv,https://www.data.go.kr/data/15070559/fileData.do,2025-06-20,CSV,68,,,사랑드림노인복지센터,노인복지,재가노인복지시설,,,,미추홀구,미추홀구,주안동,"인천광역시 미추홀구 한나루로 548-1, A동 1층 (주안동)",,032-865-0008,,,,37.45528619,126.6701092,2020-07-20,,,
obs_858dd5de757ed0ce,michuhol_elderly,인천광역시 미추홀구_노인복지시설_20250620,michuhol_elderly_welfare_facilities.csv,https://www.data.go.kr/data/15070559/fileData.do,2025-06-20,CSV,69,,,가연노인복지센터,노인복지,재가노인복지시설,,,,미추홀구,미추홀구,숭의동,"인천광역시 미추홀구 미추로 62, 3층 (숭의동)",,032-428-0529,,,,37.46540496,126.645858,2020-08-03,,,
obs_3e1ffd0d9833a797,michuhol_elderly,인천광역시 미추홀구_노인복지시설_20250620,michuhol_elderly_welfare_facilities.csv,https://www.data.go.kr/data/15070559/fileData.do,2025-06-20,CSV,70,,,한빛재가복지센터,노인복지,재가노인복지시설,,,,미추홀구,미추홀구,주안동,인천광역시 미추홀구 한나루로490번길 85 (주안동),,032-212-6206,,,,37.4503158,126.6720633,2020-10-08,,,
obs_e322819b36a3fb31,michuhol_elderly,인천광역시 미추홀구_노인복지시설_20250620,michuhol_elderly_welfare_facilities.csv,https://www.data.go.kr/data/15070559/fileData.do,2025-06-20,CSV,71,,,두리재가복지센터,노인복지,재가노인복지시설,,,,미추홀구,미추홀구,주안동,"인천광역시 미추홀구 구월로 30, 804호 (주안동, 스페이스이모션오피스텔)",,032-862-1847,,,,37.45731233,126.6933794,2020-10-12,,,
obs_2a37a4b89c72a5ea,michuhol_elderly,인천광역시 미추홀구_노인복지시설_20250620,michuhol_elderly_welfare_facilities.csv,https://www.data.go.kr/data/15070559/fileData.do,2025-06-20,CSV,72,,,행복재가노인복지센터,노인복지,재가노인복지시설,,,,미추홀구,미추홀구,학익동,"인천광역시 미추홀구 소성로 173, 203호 (학익동)",,032-872-2006,,,,37.44170403,126.6677391,2020-11-18,,,
obs_30694939afe073b9,michuhol_elderly,인천광역시 미추홀구_노인복지시설_20250620,michuhol_elderly_welfare_facilities.csv,https://www.data.go.kr/data/15070559/fileData.do,2025-06-20,CSV,73,,,예사랑재가노인복지센터,노인복지,재가노인복지시설,,,,미추홀구,미추홀구,문학동,"인천광역시 미추홀구 매소홀로535번길 8-1, 102호 (문학동)",,032-433-7934,,,,37.43922991,126.681374,2020-12-29,,,
obs_a13ab0cd8422c158,michuhol_elderly,인천광역시 미추홀구_노인복지시설_20250620,michuhol_elderly_welfare_facilities.csv,https://www.data.go.kr/data/15070559/fileData.do,2025-06-20,CSV,74,,,고운재가요양센터,노인복지,재가노인복지시설,,,,미추홀구,미추홀구,용현동,인천광역시 미추홀구 한나루로501번길 15 (용현동),,032-865-0111,,,,37.45186298,126.6663221,2020-12-31,,,
obs_b6f1c8d544093c5c,michuhol_elderly,인천광역시 미추홀구_노인복지시설_20250620,michuhol_elderly_welfare_facilities.csv,https://www.data.go.kr/data/15070559/fileData.do,2025-06-20,CSV,75,,,신경인재활주간보호센터,노인복지,재가노인복지시설,,,,미추홀구,미추홀구,주안동,"인천광역시 미추홀구 경원대로 865, 메디프렌드 주안센터동 4층 (주안동)",,032-433-3457,44,,,37.46005415,126.6891204,2021-01-01,,,
obs_60cb800b8d59ce75,michuhol_elderly,인천광역시 미추홀구_노인복지시설_20250620,michuhol_elderly_welfare_facilities.csv,https://www.data.go.kr/data/15070559/fileData.do,2025-06-20,CSV,76,,,고은재가복지센터,노인복지,재가노인복지시설,,,,미추홀구,미추홀구,숭의동,"인천광역시 미추홀구 경인로 120, 2층 19-1호 (숭의동)",,032-872-8999,,,,37.46593362,126.6559052,2021-01-01,,,
obs_79e41aab801fb5de,michuhol_elderly,인천광역시 미추홀구_노인복지시설_20250620,michuhol_elderly_welfare_facilities.csv,https://www.data.go.kr/data/15070559/fileData.do,2025-06-20,CSV,77,,,수정노인복지센터,노인복지,재가노인복지시설,,,,미추홀구,미추홀구,주안동,"인천광역시 미추홀구 인주대로 405-1, 2층 (주안동)",,032-421-1204,,,,37.45152778,126.6817304,2021-02-01,,,
obs_a6f6003ae6077511,michuhol_elderly,인천광역시 미추홀구_노인복지시설_20250620,michuhol_elderly_welfare_facilities.csv,https://www.data.go.kr/data/15070559/fileData.do,2025-06-20,CSV,78,,,부모사랑요양센터,노인복지,재가노인복지시설,,,,미추홀구,미추홀구,주안동,인천광역시 미추홀구 인하로367번길 16 (주안동),,032-423-8850,,,,37.448992,126.6893248,2021-03-01,,,
obs_526f16ed7a48247a,michuhol_elderly,인천광역시 미추홀구_노인복지시설_20250620,michuhol_elderly_welfare_facilities.csv,https://www.data.go.kr/data/15070559/fileData.do,2025-06-20,CSV,79,,,시잡인재가복지센터,노인복지,재가노인복지시설,,,,미추홀구,미추홀구,주안동,인천광역시 미추홀구 인하로 385 (주안동),,032-441-8361,,,,37.44832667,126.6911718,2021-03-01,,,
obs_44c25b00142c0e98,michuhol_elderly,인천광역시 미추홀구_노인복지시설_20250620,michuhol_elderly_welfare_facilities.csv,https://www.data.go.kr/data/15070559/fileData.do,2025-06-20,CSV,80,,,태양노인주야간보호센터,노인복지,재가노인복지시설,,,,미추홀구,미추홀구,숭의동,"인천광역시 미추홀구 독배로 494, 2층 (숭의동)",,032-886-5006,70,,,37.46173239,126.6443383,2021-04-01,,,
obs_77a34a89968c2712,michuhol_elderly,인천광역시 미추홀구_노인복지시설_20250620,michuhol_elderly_welfare_facilities.csv,https://www.data.go.kr/data/15070559/fileData.do,2025-06-20,CSV,81,,,소망재가노인복지센터,노인복지,재가노인복지시설,,,,미추홀구,미추홀구,도화동,"인천광역시 미추홀구 연송로86번길 64-14, 102호 (도화동)",,032-777-8808,,,,37.47789327,126.6551518,2021-04-01,,,
obs_2598b9cf1f88e1ef,michuhol_elderly,인천광역시 미추홀구_노인복지시설_20250620,michuhol_elderly_welfare_facilities.csv,https://www.data.go.kr/data/15070559/fileData.do,2025-06-20,CSV,82,,,온유한재가복지센터,노인복지,재가노인복지시설,,,,미추홀구,미추홀구,용현동,"인천광역시 미추홀구 인주대로 93-63, 202호 (용현동)",,032-873-2553,,,,37.45773307,126.6476395,2021-07-01,,,
obs_306d19ac13cdb67f,michuhol_elderly,인천광역시 미추홀구_노인복지시설_20250620,michuhol_elderly_welfare_facilities.csv,https://www.data.go.kr/data/15070559/fileData.do,2025-06-20,CSV,83,,,인천어르신재가복지센터,노인복지,재가노인복지시설,,,,미추홀구,미추홀구,도화동,"인천광역시 미추홀구 연송로 59, 1층 1호 (도화동)",,070-7543-7234,,,,37.47751781,126.656507,2021-07-01,,,
obs_e251d7dbb1ee00de,michuhol_elderly,인천광역시 미추홀구_노인복지시설_20250620,michuhol_elderly_welfare_facilities.csv,https://www.data.go.kr/data/15070559/fileData.do,2025-06-20,CSV,84,,,가가호호노인복지센터,노인복지,재가노인복지시설,,,,미추홀구,미추홀구,주안동,"인천광역시 미추홀구 구월로19번길 6-37, 가동 5호 (주안동, 한성상가)",,032-433-8377,,,,37.45805219,126.6938449,2021-08-01,,,
obs_bdfcf6cc7276bfad,michuhol_elderly,인천광역시 미추홀구_노인복지시설_20250620,michuhol_elderly_welfare_facilities.csv,https://www.data.go.kr/data/15070559/fileData.do,2025-06-20,CSV,85,,,어르신을부탁해 방문요양센터,노인복지,재가노인복지시설,,,,미추홀구,미추홀구,학익동,"인천광역시 미추홀구 학익소로 55, 202호 (학익동, 청솔빌딩)",,032-425-4998,,,,37.44280267,126.6705855,2021-09-01,,,
obs_b30d6a10ee2d7f71,michuhol_elderly,인천광역시 미추홀구_노인복지시설_20250620,michuhol_elderly_welfare_facilities.csv,https://www.data.go.kr/data/15070559/fileData.do,2025-06-20,CSV,86,,,더나은재가복지센터,노인복지,재가노인복지시설,,,,미추홀구,미추홀구,학익동,"인천광역시 미추홀구 주승로 22, 106호 (학익동, 정진프라자)",,032-562-9832,,,,37.44365373,126.6727799,2021-09-01,,,
obs_83665d66cbb3e62e,michuhol_elderly,인천광역시 미추홀구_노인복지시설_20250620,michuhol_elderly_welfare_facilities.csv,https://www.data.go.kr/data/15070559/fileData.do,2025-06-20,CSV,87,,,지안노인주간보호센터,노인복지,재가노인복지시설,,,,미추홀구,미추홀구,주안동,"인천광역시 미추홀구 석정로 409, 202호 (주안동, 동아프라자)",,032-873-9949,23,,,37.46713129,126.6809692,2021-10-01,,,
obs_08605fe78ad6d616,michuhol_elderly,인천광역시 미추홀구_노인복지시설_20250620,michuhol_elderly_welfare_facilities.csv,https://www.data.go.kr/data/15070559/fileData.do,2025-06-20,CSV,88,,,효방문요양센터,노인복지,재가노인복지시설,,,,미추홀구,미추홀구,도화동,"인천광역시 미추홀구 석정로 303, 1층 2호 (도화동)",,032-719-3901,,,,37.46815199,126.6692532,2021-10-01,,,
obs_01f91a03a74004a4,michuhol_elderly,인천광역시 미추홀구_노인복지시설_20250620,michuhol_elderly_welfare_facilities.csv,https://www.data.go.kr/data/15070559/fileData.do,2025-06-20,CSV,89,,,팔팔한재가복지센터,노인복지,재가노인복지시설,,,,미추홀구,미추홀구,관교동,"인천광역시 미추홀구 인하로 446, 1층 101호 (관교동, 삼환아파트 상가동)",,032-424-4743,,,,37.44435212,126.6962105,2021-10-01,,,
obs_abd81b3e84a498b5,michuhol_elderly,인천광역시 미추홀구_노인복지시설_20250620,michuhol_elderly_welfare_facilities.csv,https://www.data.go.kr/data/15070559/fileData.do,2025-06-20,CSV,90,,,아리아케어 방문요양 미추홀 주안센터,노인복지,재가노인복지시설,,,,미추홀구,미추홀구,주안동,인천광역시 미추홀구 한나루로586번길 80 (주안동),,032-876-2227,,,,37.45778874,126.676332,2021-10-01,,,
obs_7d37a1afa76192dc,michuhol_elderly,인천광역시 미추홀구_노인복지시설_20250620,michuhol_elderly_welfare_facilities.csv,https://www.data.go.kr/data/15070559/fileData.do,2025-06-20,CSV,91,,,희망나눔재가노인복지센터,노인복지,재가노인복지시설,,,,미추홀구,미추홀구,용현동,"인천광역시 미추홀구 토금중로40번길 25, 2층 (용현동)",,032-885-8319,,,,37.45158148,126.6370845,2021-12-01,,,
obs_7471e3b42fcf2b20,michuhol_elderly,인천광역시 미추홀구_노인복지시설_20250620,michuhol_elderly_welfare_facilities.csv,https://www.data.go.kr/data/15070559/fileData.do,2025-06-20,CSV,92,,,해사랑재가복지센터,노인복지,재가노인복지시설,,,,미추홀구,미추홀구,숭의동,"인천광역시 미추홀구 독정이로100번길 13, 2층 (숭의동)",,032-889-0102,,,,37.46460136,126.6511019,2021-12-01,,,
obs_a6b8f7a6e8029f62,michuhol_elderly,인천광역시 미추홀구_노인복지시설_20250620,michuhol_elderly_welfare_facilities.csv,https://www.data.go.kr/data/15070559/fileData.do,2025-06-20,CSV,93,,,주안愛노인복지센터,노인복지,재가노인복지시설,,,,미추홀구,미추홀구,주안동,"인천광역시 미추홀구 인주대로470번길 9, 101호 (주안동)",,032-710-4479,,,,37.45032517,126.6888604,2021-12-20,,,
obs_d937670c0e72d9b6,michuhol_elderly,인천광역시 미추홀구_노인복지시설_20250620,michuhol_elderly_welfare_facilities.csv,https://www.data.go.kr/data/15070559/fileData.do,2025-06-20,CSV,94,,,소울노인복지센터,노인복지,재가노인복지시설,,,,미추홀구,미추홀구,도화동,"인천광역시 미추홀구 석정로324번길 14, 1층 (도화동)",,032-874-4090,,,,37.46711224,126.6711934,2021-12-20,,,
obs_57ef90e7d91dd74c,michuhol_elderly,인천광역시 미추홀구_노인복지시설_20250620,michuhol_elderly_welfare_facilities.csv,https://www.data.go.kr/data/15070559/fileData.do,2025-06-20,CSV,95,,,한마음복지센터,노인복지,재가노인복지시설,,,,미추홀구,미추홀구,용현동,"인천광역시 미추홀구 인주대로 162, 603호 (용현동, 삼성빌딩)",,032-465-8088,,,,37.45590088,126.6549397,2022-01-01,,,
obs_95f5f033f4c4a242,michuhol_elderly,인천광역시 미추홀구_노인복지시설_20250620,michuhol_elderly_welfare_facilities.csv,https://www.data.go.kr/data/15070559/fileData.do,2025-06-20,CSV,96,,,가희노인복지센터,노인복지,재가노인복지시설,,,,미추홀구,미추홀구,문학동,"인천광역시 미추홀구 문학길 38, 101호 (문학동, 대산주택)",,032-213-2405,,,,37.43683555,126.680969,2022-01-01,,,
obs_5db3439d47484cb0,michuhol_elderly,인천광역시 미추홀구_노인복지시설_20250620,michuhol_elderly_welfare_facilities.csv,https://www.data.go.kr/data/15070559/fileData.do,2025-06-20,CSV,97,,,새보미재가노인복지센터,노인복지,재가노인복지시설,,,,미추홀구,미추홀구,숭의동,"인천광역시 미추홀구 독배로 443, 240호,241호 (숭의동, 삼화복합빌딩)",,032-437-0095,,,,37.4588359,126.6481512,2022-01-01,,,
obs_70bacf9e195c1061,michuhol_elderly,인천광역시 미추홀구_노인복지시설_20250620,michuhol_elderly_welfare_facilities.csv,https://www.data.go.kr/data/15070559/fileData.do,2025-06-20,CSV,98,,,성운복지용구,노인복지,재가노인복지시설,,,,미추홀구,미추홀구,학익동,인천광역시 미추홀구 한나루로411번길 82-38 (학익동),,032-872-9995,,,,37.44684189,126.6608344,2022-01-01,,,
obs_dc1641a13ef37fb0,michuhol_elderly,인천광역시 미추홀구_노인복지시설_20250620,michuhol_elderly_welfare_facilities.csv,https://www.data.go.kr/data/15070559/fileData.do,2025-06-20,CSV,99,,,푸른솔재가노인복지센터,노인복지,재가노인복지시설,,,,미추홀구,미추홀구,관교동,"인천광역시 미추홀구 경원대로696번길 12, 1층 (관교동)",,032-279-6149,,,,37.44467132,126.6908806,2022-03-01,,,
obs_33daa72bae307e06,michuhol_elderly,인천광역시 미추홀구_노인복지시설_20250620,michuhol_elderly_welfare_facilities.csv,https://www.data.go.kr/data/15070559/fileData.do,2025-06-20,CSV,100,,,신기의료기(인천점),노인복지,재가노인복지시설,,,,미추홀구,미추홀구,용현동,"인천광역시 미추홀구 인주대로 194, 1층 (용현동)",,032-872-2407,,,,37.45498997,126.6582643,2022-03-01,,,
obs_99ed52f44bd0e248,michuhol_elderly,인천광역시 미추홀구_노인복지시설_20250620,michuhol_elderly_welfare_facilities.csv,https://www.data.go.kr/data/15070559/fileData.do,2025-06-20,CSV,101,,,하임재가복지센터,노인복지,재가노인복지시설,,,,미추홀구,미추홀구,관교동,"인천광역시 미추홀구 인하로406번길 30, 1층 102호 (관교동)",,032-429-8090,,,,37.44606855,126.6917229,2022-04-01,,,
obs_29c717b64a745781,michuhol_elderly,인천광역시 미추홀구_노인복지시설_20250620,michuhol_elderly_welfare_facilities.csv,https://www.data.go.kr/data/15070559/fileData.do,2025-06-20,CSV,102,,,백암시니어복지센터,노인복지,재가노인복지시설,,,,미추홀구,미추홀구,학익동,"인천광역시 미추홀구 매소홀로418번길 14-57, 다동 1~3층 (학익동)",,032-876-2181,63,,,37.43866722,126.6668301,2022-04-01,,,
obs_f1bb2869ebf0474c,michuhol_elderly,인천광역시 미추홀구_노인복지시설_20250620,michuhol_elderly_welfare_facilities.csv,https://www.data.go.kr/data/15070559/fileData.do,2025-06-20,CSV,103,,,조은재가복지센터,노인복지,재가노인복지시설,,,,미추홀구,미추홀구,주안동,"인천광역시 미추홀구 경원대로821번길 58, 1층 (주안동)",,032-439-7103,,,,37.45608218,126.6862039,2022-04-01,,,
obs_67543762241cd37d,michuhol_elderly,인천광역시 미추홀구_노인복지시설_20250620,michuhol_elderly_welfare_facilities.csv,https://www.data.go.kr/data/15070559/fileData.do,2025-06-20,CSV,104,,,세종재가복지센터,노인복지,재가노인복지시설,,,,미추홀구,미추홀구,주안동,"인천광역시 미추홀구 미추홀대로 532, 2층 (주안동)",,032-244-6033,,,,37.44486893,126.6791231,2022-05-01,,,
obs_6af61e7cd0061190,michuhol_elderly,인천광역시 미추홀구_노인복지시설_20250620,michuhol_elderly_welfare_facilities.csv,https://www.data.go.kr/data/15070559/fileData.do,2025-06-20,CSV,105,,,희망재가센터,노인복지,재가노인복지시설,,,,미추홀구,미추홀구,숭의동,"인천광역시 미추홀구 수봉로 41, 지하1층 (숭의동)",,032-882-3468,,,,37.46267233,126.6572677,2022-05-01,,,
obs_13bd01b1159e0e3a,michuhol_elderly,인천광역시 미추홀구_노인복지시설_20250620,michuhol_elderly_welfare_facilities.csv,https://www.data.go.kr/data/15070559/fileData.do,2025-06-20,CSV,106,,,(재활)도울주야간보호센터,노인복지,재가노인복지시설,,,,미추홀구,미추홀구,주안동,"인천광역시 미추홀구 경인로 433, 10층 1001호 (주안동)",,032-423-3723,42,,,37.45823827,126.6884075,2022-05-06,,,
obs_745c50392373f05d,michuhol_elderly,인천광역시 미추홀구_노인복지시설_20250620,michuhol_elderly_welfare_facilities.csv,https://www.data.go.kr/data/15070559/fileData.do,2025-06-20,CSV,107,,,한방재활주간보호센터,노인복지,재가노인복지시설,,,,미추홀구,미추홀구,주안동,"인천광역시 미추홀구 미추홀대로 707, 4층 (주안동)",,032-868-8675,54,,,37.46052744,126.6798378,2022-06-01,,,
obs_1aa3cca136177e49,michuhol_elderly,인천광역시 미추홀구_노인복지시설_20250620,michuhol_elderly_welfare_facilities.csv,https://www.data.go.kr/data/15070559/fileData.do,2025-06-20,CSV,108,,,인일휴노인복지센터,노인복지,재가노인복지시설,,,,미추홀구,미추홀구,용현동,"인천광역시 미추홀구 토금북로11번길 20, 203호 (용현동)",,032-881-8456,,,,37.45592766,126.6365521,2022-06-01,,,
obs_0782ad5d601b0e8c,michuhol_elderly,인천광역시 미추홀구_노인복지시설_20250620,michuhol_elderly_welfare_facilities.csv,https://www.data.go.kr/data/15070559/fileData.do,2025-06-20,CSV,109,,,금강방문요양센터,노인복지,재가노인복지시설,,,,미추홀구,미추홀구,숭의동,"인천광역시 미추홀구 경인로42번길 81, 1층 (숭의동)",,032-522-3094,,,,37.46081954,126.6497241,2022-06-01,,,
obs_74aa911d1589d5d3,michuhol_elderly,인천광역시 미추홀구_노인복지시설_20250620,michuhol_elderly_welfare_facilities.csv,https://www.data.go.kr/data/15070559/fileData.do,2025-06-20,CSV,110,,,공감노인복지재가센터,노인복지,재가노인복지시설,,,,미추홀구,미추홀구,용현동,"인천광역시 미추홀구 토금중로 61, 상가동 202호 (용현동)",,032-891-8693,,,,37.45173372,126.6398736,2022-08-01,,,
obs_587f9a87bdff5ad8,michuhol_elderly,인천광역시 미추홀구_노인복지시설_20250620,michuhol_elderly_welfare_facilities.csv,https://www.data.go.kr/data/15070559/fileData.do,2025-06-20,CSV,111,,,가히노인복지센터,노인복지,재가노인복지시설,,,,미추홀구,미추홀구,주안동,"인천광역시 미추홀구 인하로298번길 29, 상가동 203호 (주안동)",,032-424-2022,,,,37.44660848,126.6814752,2022-08-01,,,
obs_ca1ab7aae168cdab,michuhol_elderly,인천광역시 미추홀구_노인복지시설_20250620,michuhol_elderly_welfare_facilities.csv,https://www.data.go.kr/data/15070559/fileData.do,2025-06-20,CSV,112,,,미추홀돌봄의집,노인복지,재가노인복지시설,,,,미추홀구,미추홀구,숭의동,"인천광역시 미추홀구 경인로34번길 20, 6층 (숭의동)",,032-883-0310,48,,,37.46303566,126.6472695,2022-08-01,,,
obs_55e89c187eb3772c,michuhol_elderly,인천광역시 미추홀구_노인복지시설_20250620,michuhol_elderly_welfare_facilities.csv,https://www.data.go.kr/data/15070559/fileData.do,2025-06-20,CSV,113,,,햇살재가복지센터,노인복지,재가노인복지시설,,,,미추홀구,미추홀구,관교동,"인천광역시 미추홀구 경원대로640번길 20-7, 102호 (관교동)",,032-427-3962,,,,37.44093701,126.6949495,2022-09-01,,,
obs_bf1da02421db774e,michuhol_elderly,인천광역시 미추홀구_노인복지시설_20250620,michuhol_elderly_welfare_facilities.csv,https://www.data.go.kr/data/15070559/fileData.do,2025-06-20,CSV,114,,,돌보미재가복지센터,노인복지,재가노인복지시설,,,,미추홀구,미추홀구,주안동,"인천광역시 미추홀구 경원대로 890, B11호 (주안동, 보미 리즌빌)",,032-715-8428,,,,37.46215949,126.6902375,2022-09-01,,,
obs_250b4df13e6e7fea,michuhol_elderly,인천광역시 미추홀구_노인복지시설_20250620,michuhol_elderly_welfare_facilities.csv,https://www.data.go.kr/data/15070559/fileData.do,2025-06-20,CSV,115,,,공감재가센터,노인복지,재가노인복지시설,,,,미추홀구,미추홀구,주안동,인천광역시 미추홀구 석정로 375 (주안동),,032-528-5330,,,,37.4673168,126.6771877,2022-10-01,,,
obs_23c160c8146c9ca1,michuhol_elderly,인천광역시 미추홀구_노인복지시설_20250620,michuhol_elderly_welfare_facilities.csv,https://www.data.go.kr/data/15070559/fileData.do,2025-06-20,CSV,116,,,이원건강의료기 인천보훈점,노인복지,재가노인복지시설,,,,미추홀구,미추홀구,용현동,"인천광역시 미추홀구 인주대로132번길 14, 1층 (용현동)",,032-886-9744,,,,37.45571564,126.6517815,2022-10-01,,,
obs_4ff96d2224e95380,michuhol_elderly,인천광역시 미추홀구_노인복지시설_20250620,michuhol_elderly_welfare_facilities.csv,https://www.data.go.kr/data/15070559/fileData.do,2025-06-20,CSV,117,,,사랑나눔 노인복지센터,노인복지,재가노인복지시설,,,,미추홀구,미추홀구,주안동,"인천광역시 미추홀구 미추홀대로646번길 70, 102호 (주안동)",,032-228-2580,,,,37.45477954,126.6839851,2022-10-18,,,
obs_e291466d27dab2dd,michuhol_elderly,인천광역시 미추홀구_노인복지시설_20250620,michuhol_elderly_welfare_facilities.csv,https://www.data.go.kr/data/15070559/fileData.do,2025-06-20,CSV,118,,,그린 재가노인복지센터,노인복지,재가노인복지시설,,,,미추홀구,미추홀구,주안동,"인천광역시 미추홀구 주안로 226, 중심상가동 202호 (주안동, 주안더월드스테이트1트단지)",,032-221-0905,,,,37.46300627,126.6952992,2022-11-01,,,
obs_6dee9cd236e82457,michuhol_elderly,인천광역시 미추홀구_노인복지시설_20250620,michuhol_elderly_welfare_facilities.csv,https://www.data.go.kr/data/15070559/fileData.do,2025-06-20,CSV,119,,,가람노인복지센터,노인복지,재가노인복지시설,,,,미추홀구,미추홀구,용현동,"인천광역시 미추홀구 인주대로266번길 28-6, 101호 (용현동)",,032-876-7898,,,,37.45167033,126.665169,2022-11-01,,,
obs_22f98a878f374d31,michuhol_elderly,인천광역시 미추홀구_노인복지시설_20250620,michuhol_elderly_welfare_facilities.csv,https://www.data.go.kr/data/15070559/fileData.do,2025-06-20,CSV,120,,,100세누리 방문요양센터,노인복지,재가노인복지시설,,,,미추홀구,미추홀구,관교동,"인천광역시 미추홀구 주승로 229, 204호 (관교동, 쌍용A 상가)",,032-424-1372,,,,37.44276692,126.6946851,2022-11-01,,,
obs_6fd1a49000ad3c20,michuhol_elderly,인천광역시 미추홀구_노인복지시설_20250620,michuhol_elderly_welfare_facilities.csv,https://www.data.go.kr/data/15070559/fileData.do,2025-06-20,CSV,121,,,인화 재가노인복지센터,노인복지,재가노인복지시설,,,,미추홀구,미추홀구,용현동,"인천광역시 미추홀구 인주대로252번길 28, 102호 (용현동)",,032-861-3390,,,,37.45198638,126.6637945,2022-12-01,,,
obs_cb6d50873d9c4413,michuhol_elderly,인천광역시 미추홀구_노인복지시설_20250620,michuhol_elderly_welfare_facilities.csv,https://www.data.go.kr/data/15070559/fileData.do,2025-06-20,CSV,122,,,비타민 재가노인복지센터,노인복지,재가노인복지시설,,,,미추홀구,미추홀구,학익동,"인천광역시 미추홀구 한나루로 400, 167호 (학익동)",,032-858-4331,,,,37.44351498,126.6649652,2022-12-01,,,
obs_b07ec1adf000e809,michuhol_elderly,인천광역시 미추홀구_노인복지시설_20250620,michuhol_elderly_welfare_facilities.csv,https://www.data.go.kr/data/15070559/fileData.do,2025-06-20,CSV,123,,,평화노인복지센터,노인복지,재가노인복지시설,,,,미추홀구,미추홀구,주안동,"인천광역시 미추홀구 주안로 40, 201호 (주안동, 앙상블1차)",,032-421-2228,,,,37.46397482,126.6740162,2022-12-12,,,
obs_753ddc475f3d697f,michuhol_elderly,인천광역시 미추홀구_노인복지시설_20250620,michuhol_elderly_welfare_facilities.csv,https://www.data.go.kr/data/15070559/fileData.do,2025-06-20,CSV,124,,,봄봄재가복지센터,노인복지,재가노인복지시설,,,,미추홀구,미추홀구,주안동,인천광역시 미추홀구 미추홀대로 636 (주안동),,032-471-9455,,,,37.45403034,126.6801309,2023-01-02,,,
obs_eedd55abe5926c0a,michuhol_elderly,인천광역시 미추홀구_노인복지시설_20250620,michuhol_elderly_welfare_facilities.csv,https://www.data.go.kr/data/15070559/fileData.do,2025-06-20,CSV,125,,,천사랑 방문요양센터,노인복지,재가노인복지시설,,,,미추홀구,미추홀구,주안동,"인천광역시 미추홀구 경원대로833번길 25-1, 102호 (주안동)",,032-422-1459,,,,37.45706446,126.6877694,2023-01-02,,,
obs_99079c9ee2fee229,michuhol_elderly,인천광역시 미추홀구_노인복지시설_20250620,michuhol_elderly_welfare_facilities.csv,https://www.data.go.kr/data/15070559/fileData.do,2025-06-20,CSV,126,,,인천간호센터,노인복지,재가노인복지시설,,,,미추홀구,미추홀구,숭의동,"인천광역시 미추홀구 석정로 6, 2층 (숭의동, 인천한방병원)",,032-554-7582,,,,37.46028518,126.6420936,2023-01-02,,,
obs_cf066f96c86d8d9f,michuhol_elderly,인천광역시 미추홀구_노인복지시설_20250620,michuhol_elderly_welfare_facilities.csv,https://www.data.go.kr/data/15070559/fileData.do,2025-06-20,CSV,127,,,행복드림 어르신주야간보호센터,노인복지,재가노인복지시설,,,,미추홀구,미추홀구,주안동,"인천광역시 미추홀구 주안로 86, 301호 (주안동, 우신빌딩)",,032-866-9797,55,,,37.46385022,126.6792217,2023-01-16,,,
obs_b3fbeb1744857a24,michuhol_elderly,인천광역시 미추홀구_노인복지시설_20250620,michuhol_elderly_welfare_facilities.csv,https://www.data.go.kr/data/15070559/fileData.do,2025-06-20,CSV,128,,,이음실버케어센터,노인복지,재가노인복지시설,,,,미추홀구,미추홀구,주안동,"인천광역시 미추홀구 미추홀대로697번길 22, 425호,426호 (주안동, 롯데하이텔)",,032-205-9246,30,,,37.4599399,126.6785806,2023-02-01,,,
obs_08508ab1c8506e6f,michuhol_elderly,인천광역시 미추홀구_노인복지시설_20250620,michuhol_elderly_welfare_facilities.csv,https://www.data.go.kr/data/15070559/fileData.do,2025-06-20,CSV,129,,,나섬재가복지센터,노인복지,재가노인복지시설,,,,미추홀구,미추홀구,도화동,"인천광역시 미추홀구 염전로128번길 46, 1층 (도화동)",,032-766-3178,,,,37.47807983,126.6555412,2023-03-02,,,
obs_f24ba1ffe6560344,michuhol_elderly,인천광역시 미추홀구_노인복지시설_20250620,michuhol_elderly_welfare_facilities.csv,https://www.data.go.kr/data/15070559/fileData.do,2025-06-20,CSV,130,,,보훈복지용구,노인복지,재가노인복지시설,,,,미추홀구,미추홀구,용현동,"인천광역시 미추홀구 인주대로 141, 101호 (용현동)",,032-891-1777,,,,37.45669209,126.6528618,2023-03-02,,,
obs_7cf9e0fb51b08698,michuhol_elderly,인천광역시 미추홀구_노인복지시설_20250620,michuhol_elderly_welfare_facilities.csv,https://www.data.go.kr/data/15070559/fileData.do,2025-06-20,CSV,131,,,미추홀재가노인지원서비스센터,노인복지,재가노인복지시설,,,,미추홀구,미추홀구,주안동,인천광역시 미추홀구 염창로 97 (주안동),,032-876-8182,,,,37.46559847,126.6849558,2023-04-01,,,
obs_c2017fd4ea580a7f,michuhol_elderly,인천광역시 미추홀구_노인복지시설_20250620,michuhol_elderly_welfare_facilities.csv,https://www.data.go.kr/data/15070559/fileData.do,2025-06-20,CSV,132,,,굿모닝인천 데이케어센터,노인복지,재가노인복지시설,,,,미추홀구,미추홀구,주안동,"인천광역시 미추홀구 석정로 433, 202호 (주안동, 영일빌딩)",,032-874-8777,38,,,37.4667456,126.6836647,2023-04-01,,,
obs_f00522cea30ef145,michuhol_elderly,인천광역시 미추홀구_노인복지시설_20250620,michuhol_elderly_welfare_facilities.csv,https://www.data.go.kr/data/15070559/fileData.do,2025-06-20,CSV,133,,,가은재가복지센터,노인복지,재가노인복지시설,,,,미추홀구,미추홀구,주안동,"인천광역시 미추홀구 경인로 372 (주안동, 아인애비뉴 2층 2150호)",,032-721-5000,,,,37.4580182,126.6811632,2023-05-01,,,
obs_42482893cd7a76f0,michuhol_elderly,인천광역시 미추홀구_노인복지시설_20250620,michuhol_elderly_welfare_facilities.csv,https://www.data.go.kr/data/15070559/fileData.do,2025-06-20,CSV,134,,,보람방문요양센터,노인복지,재가노인복지시설,,,,미추홀구,미추홀구,주안동,"인천광역시 미추홀구 경인로 354, 4층 (주안동)",,032-567-8901,,,,37.45828531,126.6791157,2023-05-01,,,
obs_956d3c641096a1e2,michuhol_elderly,인천광역시 미추홀구_노인복지시설_20250620,michuhol_elderly_welfare_facilities.csv,https://www.data.go.kr/data/15070559/fileData.do,2025-06-20,CSV,135,,,바른방문요양센터,노인복지,재가노인복지시설,,,,미추홀구,미추홀구,관교동,"인천광역시 미추홀구 주승로 216-14, 102호 (관교동)",,032-215-8182,,,,37.44348982,126.6931266,2023-05-01,,,
obs_f7c96f6a2d82c3f3,michuhol_elderly,인천광역시 미추홀구_노인복지시설_20250620,michuhol_elderly_welfare_facilities.csv,https://www.data.go.kr/data/15070559/fileData.do,2025-06-20,CSV,136,,,디엠디케이 복지센터,노인복지,재가노인복지시설,,,,미추홀구,미추홀구,주안동,"인천광역시 미추홀구 구월로37번길 46, 3층 (주안동)",,032-428-2004,,,,37.45950428,126.6941699,2023-06-01,,,
obs_4f8e3180b474cb85,michuhol_elderly,인천광역시 미추홀구_노인복지시설_20250620,michuhol_elderly_welfare_facilities.csv,https://www.data.go.kr/data/15070559/fileData.do,2025-06-20,CSV,137,,,시온재가장기요양센터,노인복지,재가노인복지시설,,,,미추홀구,미추홀구,주안동,"인천광역시 미추홀구 동주길67번길 8-2, 1층 101호 (주안동)",,032-246-5007,,,,37.45448918,126.6844036,2023-06-01,,,
obs_8142e06ec518d7fe,michuhol_elderly,인천광역시 미추홀구_노인복지시설_20250620,michuhol_elderly_welfare_facilities.csv,https://www.data.go.kr/data/15070559/fileData.do,2025-06-20,CSV,138,,,미추홀재가방문요양센터,노인복지,재가노인복지시설,,,,미추홀구,미추홀구,주안동,"인천광역시 미추홀구 신기길30번길 34, 1층 (주안동)",,032-872-8761,,,,37.44685597,126.6746892,2023-06-01,,,
obs_20a432a094a77f78,michuhol_elderly,인천광역시 미추홀구_노인복지시설_20250620,michuhol_elderly_welfare_facilities.csv,https://www.data.go.kr/data/15070559/fileData.do,2025-06-20,CSV,139,,,성문재가노인복지센터,노인복지,재가노인복지시설,,,,미추홀구,미추홀구,주안동,"인천광역시 미추홀구 한나루로490번길 9, 1층 (주안동)",,032-715-7239,,,,37.45059151,126.6679019,2023-06-01,,,
obs_3f38695e1a619765,michuhol_elderly,인천광역시 미추홀구_노인복지시설_20250620,michuhol_elderly_welfare_facilities.csv,https://www.data.go.kr/data/15070559/fileData.do,2025-06-20,CSV,140,,,한사랑노인복지센터,노인복지,재가노인복지시설,,,,미추홀구,미추홀구,주안동,"인천광역시 미추홀구 미추홀대로578번길 26, 1층 (주안동)",,032-233-0111,,,,37.44876812,126.6812778,2023-06-01,,,
obs_59ce35b354678ecf,michuhol_elderly,인천광역시 미추홀구_노인복지시설_20250620,michuhol_elderly_welfare_facilities.csv,https://www.data.go.kr/data/15070559/fileData.do,2025-06-20,CSV,141,,,샬롬재가노인복지센터,노인복지,재가노인복지시설,,,,미추홀구,미추홀구,용현동,"인천광역시 미추홀구 독정이로9번길 64, 107호 (용현동)",,032-881-3834,,,,37.45708925,126.6512374,2023-07-01,,,
obs_30f93545f9dec205,michuhol_elderly,인천광역시 미추홀구_노인복지시설_20250620,michuhol_elderly_welfare_facilities.csv,https://www.data.go.kr/data/15070559/fileData.do,2025-06-20,CSV,142,,,효담재가복지센터,노인복지,재가노인복지시설,,,,미추홀구,미추홀구,학익동,"인천광역시 미추홀구 매소홀로 262, 제13층 13014호 (학익동, 시티필드)",,032-721-5600,,,,37.44425946,126.6524737,2023-07-01,,,
obs_6d5fa397badab5c5,michuhol_elderly,인천광역시 미추홀구_노인복지시설_20250620,michuhol_elderly_welfare_facilities.csv,https://www.data.go.kr/data/15070559/fileData.do,2025-06-20,CSV,143,,,구구팔팔재가복지센터,노인복지,재가노인복지시설,,,,미추홀구,미추홀구,주안동,"인천광역시 미추홀구 길파로35번길 30, 101호 (주안동)",,032-872-0828,,,,37.46928549,126.678039,2023-07-01,,,
obs_0f8ef51cc7b25c87,michuhol_elderly,인천광역시 미추홀구_노인복지시설_20250620,michuhol_elderly_welfare_facilities.csv,https://www.data.go.kr/data/15070559/fileData.do,2025-06-20,CSV,144,,,두드림노인복지센터,노인복지,재가노인복지시설,,,,미추홀구,미추홀구,관교동,"인천광역시 미추홀구 주승로 229, 상가동 105호 (관교동)",,032-813-3381,,,,37.44276692,126.6946851,2023-08-01,,,
obs_c79fa3d8528ac5c8,michuhol_elderly,인천광역시 미추홀구_노인복지시설_20250620,michuhol_elderly_welfare_facilities.csv,https://www.data.go.kr/data/15070559/fileData.do,2025-06-20,CSV,145,,,나눔과기쁨 노인복지센터,노인복지,재가노인복지시설,,,,미추홀구,미추홀구,용현동,"인천광역시 미추홀구 능해길 70, 2층 (용현동)",,032-882-0675,,,,37.45807347,126.641142,2023-08-01,,,
obs_e95891293f46f156,michuhol_elderly,인천광역시 미추홀구_노인복지시설_20250620,michuhol_elderly_welfare_facilities.csv,https://www.data.go.kr/data/15070559/fileData.do,2025-06-20,CSV,146,,,해찬방문노인복지센터,노인복지,재가노인복지시설,,,,미추홀구,미추홀구,관교동,"인천광역시 미추홀구 주승로 247, 203호 (관교동, 동부아파트상가)",,032-724-9971,,,,37.44129096,126.6956246,2023-09-01,,,
obs_43e90d51cf871b5b,michuhol_elderly,인천광역시 미추홀구_노인복지시설_20250620,michuhol_elderly_welfare_facilities.csv,https://www.data.go.kr/data/15070559/fileData.do,2025-06-20,CSV,147,,,케어닥 방문요양돌봄센터 용현파트너점,노인복지,재가노인복지시설,,,,미추홀구,미추홀구,용현동,"인천광역시 미추홀구 낙섬중로 129, 상가4동 206호 (용현동, 엘에이치미추홀3단지)",,032-888-2654,,,,37.4582401,126.6427291,2023-09-01,,,
obs_761125a3dce1d5d7,michuhol_elderly,인천광역시 미추홀구_노인복지시설_20250620,michuhol_elderly_welfare_facilities.csv,https://www.data.go.kr/data/15070559/fileData.do,2025-06-20,CSV,148,,,온맘케어 재가복지센터,노인복지,재가노인복지시설,,,,미추홀구,미추홀구,문학동,"인천광역시 미추홀구 소성로 333, 3층 (문학동)",,032-421-5111,,,,37.43760258,126.6842562,2023-09-01,,,
obs_b8fd279b9933a940,michuhol_elderly,인천광역시 미추홀구_노인복지시설_20250620,michuhol_elderly_welfare_facilities.csv,https://www.data.go.kr/data/15070559/fileData.do,2025-06-20,CSV,149,,,아가페노인복지센터,노인복지,재가노인복지시설,,,,미추홀구,미추홀구,주안동,"인천광역시 미추홀구 경인로 422-1, 201호 (주안동)",,032-433-9987,,,,37.45780329,126.6869847,2023-10-01,,,
obs_3ffc631e65f940cb,michuhol_elderly,인천광역시 미추홀구_노인복지시설_20250620,michuhol_elderly_welfare_facilities.csv,https://www.data.go.kr/data/15070559/fileData.do,2025-06-20,CSV,150,,,한가족재활주간보호센터,노인복지,재가노인복지시설,,,,미추홀구,미추홀구,도화동,"인천광역시 미추홀구 수봉북로12번길 28, 4층 (도화동)",,032-872-5001,17,,,37.46503188,126.6619557,2023-10-01,,,
obs_b2b0718d48c028e7,michuhol_elderly,인천광역시 미추홀구_노인복지시설_20250620,michuhol_elderly_welfare_facilities.csv,https://www.data.go.kr/data/15070559/fileData.do,2025-06-20,CSV,151,,,케어블 커뮤니티케어 인천 미추홀점,노인복지,재가노인복지시설,,,,미추홀구,미추홀구,숭의동,"인천광역시 미추홀구 경인로 33, 2층 (숭의동, 행복아파트)",,032-256-2000,36,,,37.46399176,126.6467421,2023-10-01,,,
obs_c0d3ed77664a136c,michuhol_elderly,인천광역시 미추홀구_노인복지시설_20250620,michuhol_elderly_welfare_facilities.csv,https://www.data.go.kr/data/15070559/fileData.do,2025-06-20,CSV,152,,,효신노인복지센터,노인복지,재가노인복지시설,,,,미추홀구,미추홀구,용현동,인천광역시 미추홀구 비룡길78번길 4-21 (용현동),,032-883-7979,,,,37.45407042,126.65338,2023-10-01,,,
obs_09e45d066a777a24,michuhol_elderly,인천광역시 미추홀구_노인복지시설_20250620,michuhol_elderly_welfare_facilities.csv,https://www.data.go.kr/data/15070559/fileData.do,2025-06-20,CSV,153,,,하림재가복지센터,노인복지,재가노인복지시설,,,,미추홀구,미추홀구,도화동,인천광역시 미추홀구 경인로252번안길 27-1 (도화동),,070-4320-1003,,,,37.46241677,126.667825,2023-10-01,,,
obs_7226aa1d4dd6ecdf,michuhol_elderly,인천광역시 미추홀구_노인복지시설_20250620,michuhol_elderly_welfare_facilities.csv,https://www.data.go.kr/data/15070559/fileData.do,2025-06-20,CSV,154,,,대교뉴이프 데이케어센터 인천미추홀센터,노인복지,재가노인복지시설,,,,미추홀구,미추홀구,학익동,"인천광역시 미추홀구 매소홀로 442, 2층 (학익동, 인천향교회관)",,032-861-9114,35,,,37.43953362,126.6710362,2023-12-01,,,
obs_83d616acf183d5cf,michuhol_elderly,인천광역시 미추홀구_노인복지시설_20250620,michuhol_elderly_welfare_facilities.csv,https://www.data.go.kr/data/15070559/fileData.do,2025-06-20,CSV,155,,,선 재가노인복지센터,노인복지,재가노인복지시설,,,,미추홀구,미추홀구,주안동,"인천광역시 미추홀구 신기길72번길 57, 2동 101호 (주안동, 대성씨티빌)",,032-434-3131,,,,37.44458647,126.6734984,2023-12-01,,,
obs_f58a2ef7f6be610d,michuhol_elderly,인천광역시 미추홀구_노인복지시설_20250620,michuhol_elderly_welfare_facilities.csv,https://www.data.go.kr/data/15070559/fileData.do,2025-06-20,CSV,156,,,즐거운복지센터,노인복지,재가노인복지시설,,,,미추홀구,미추홀구,주안동,"인천광역시 미추홀구 학익소로37번길 22, 201호 (주안동)",,032-213-1255,,,,37.44448639,126.6715905,2023-12-01,,,
obs_7966b318dcb2e02e,michuhol_elderly,인천광역시 미추홀구_노인복지시설_20250620,michuhol_elderly_welfare_facilities.csv,https://www.data.go.kr/data/15070559/fileData.do,2025-06-20,CSV,157,,,장수재가복지센터,노인복지,재가노인복지시설,,,,미추홀구,미추홀구,주안동,"인천광역시 미추홀구 인하로209번길 10, 1층 1호 (주안동)",,032-716-6206,,,,37.4491259,126.6715005,2024-01-01,,,
obs_e5ac6d1144780203,michuhol_elderly,인천광역시 미추홀구_노인복지시설_20250620,michuhol_elderly_welfare_facilities.csv,https://www.data.go.kr/data/15070559/fileData.do,2025-06-20,CSV,158,,,카네이션재가복지센터 (주)카네이션토탈케어,노인복지,재가노인복지시설,,,,미추홀구,미추홀구,주안동,"인천광역시 미추홀구 주안로 108, 201호 (주안동)",,032-425-0707,,,,37.46366077,126.6817327,2024-01-01,,,
obs_b633f16619731ef6,michuhol_elderly,인천광역시 미추홀구_노인복지시설_20250620,michuhol_elderly_welfare_facilities.csv,https://www.data.go.kr/data/15070559/fileData.do,2025-06-20,CSV,159,,,인천사회복지센터,노인복지,재가노인복지시설,,,,미추홀구,미추홀구,도화동,"인천광역시 미추홀구 주안로 12, 201호 (도화동)",,032-868-2024,,,,37.4637304,126.6709999,2024-02-01,,,
obs_a2a04724a5a41a90,michuhol_elderly,인천광역시 미추홀구_노인복지시설_20250620,michuhol_elderly_welfare_facilities.csv,https://www.data.go.kr/data/15070559/fileData.do,2025-06-20,CSV,160,,,효원 재가복지센터,노인복지,재가노인복지시설,,,,미추홀구,미추홀구,주안동,"인천광역시 미추홀구 주승로 99, 1층 (주안동)",,032-710-2898,,,,37.44509974,126.6814451,2024-02-01,,,
obs_35f174e6579547a6,michuhol_elderly,인천광역시 미추홀구_노인복지시설_20250620,michuhol_elderly_welfare_facilities.csv,https://www.data.go.kr/data/15070559/fileData.do,2025-06-20,CSV,161,,,좋은아침간호센터,노인복지,재가노인복지시설,,,,미추홀구,미추홀구,용현동,"인천광역시 미추홀구 토금북로11번길 20, 304호 (용현동, 정다운오피스텔)",,,,,,37.45592766,126.6365521,2024-02-01,,,
obs_52e877eefabf6914,michuhol_elderly,인천광역시 미추홀구_노인복지시설_20250620,michuhol_elderly_welfare_facilities.csv,https://www.data.go.kr/data/15070559/fileData.do,2025-06-20,CSV,162,,,장수노인복지센터,노인복지,재가노인복지시설,,,,미추홀구,미추홀구,주안동,"인천광역시 미추홀구 주안로205번길 20, 3층 (주안동)",,032-264-3355,,,,37.46440278,126.6929463,2024-03-01,,,
obs_4ca1dc27c35a793a,michuhol_elderly,인천광역시 미추홀구_노인복지시설_20250620,michuhol_elderly_welfare_facilities.csv,https://www.data.go.kr/data/15070559/fileData.do,2025-06-20,CSV,163,,,건강재활주간보호센터,노인복지,재가노인복지시설,,,,미추홀구,미추홀구,학익동,"인천광역시 미추홀구 매소홀로 482, 201호 (학익동)",,032-873-3650,51,,,37.43927001,126.6755116,2024-03-27,,,
obs_18595127f29b9b48,michuhol_elderly,인천광역시 미추홀구_노인복지시설_20250620,michuhol_elderly_welfare_facilities.csv,https://www.data.go.kr/data/15070559/fileData.do,2025-06-20,CSV,164,,,주안돌봄 재가노인복지센터,노인복지,재가노인복지시설,,,,미추홀구,미추홀구,주안동,"인천광역시 미추홀구 미추홀대로626번길 51, 1층 (주안동)",,032-423-1222,,,,37.45320779,126.6828336,2024-04-01,,,
obs_d90d9668ea62b3d5,michuhol_elderly,인천광역시 미추홀구_노인복지시설_20250620,michuhol_elderly_welfare_facilities.csv,https://www.data.go.kr/data/15070559/fileData.do,2025-06-20,CSV,165,,,두손모아 재가복지센터,노인복지,재가노인복지시설,,,,미추홀구,미추홀구,주안동,"인천광역시 미추홀구 인주대로407번길 71, 1층 (주안동)",,,,,,37.45465415,126.6818823,2024-04-01,,,
obs_6be646fc9c1a41b7,michuhol_elderly,인천광역시 미추홀구_노인복지시설_20250620,michuhol_elderly_welfare_facilities.csv,https://www.data.go.kr/data/15070559/fileData.do,2025-06-20,CSV,166,,,수 재가복지센터,노인복지,재가노인복지시설,,,,미추홀구,미추홀구,학익동,"인천광역시 미추홀구 재넘이길9번길 61, 1층 (학익동)",,032-710-3652,,,,37.4446338,126.6648821,2024-05-01,,,
obs_fc9cb4c581d55c54,michuhol_elderly,인천광역시 미추홀구_노인복지시설_20250620,michuhol_elderly_welfare_facilities.csv,https://www.data.go.kr/data/15070559/fileData.do,2025-06-20,CSV,167,,,백세재가복지센터,노인복지,재가노인복지시설,,,,미추홀구,미추홀구,주안동,"인천광역시 미추홀구 인주대로408번길 16, 1층 (주안동)",,032-244-1003,,,,37.45042534,126.6816113,2024-05-01,,,
obs_ab8cdc65543d7dd9,michuhol_elderly,인천광역시 미추홀구_노인복지시설_20250620,michuhol_elderly_welfare_facilities.csv,https://www.data.go.kr/data/15070559/fileData.do,2025-06-20,CSV,168,,,경인실버복지센터,노인복지,재가노인복지시설,,,,미추홀구,미추홀구,문학동,"인천광역시 미추홀구 소성로350번길 53, 1층 (문학동)",,032-721-3855,,,,37.43491878,126.6859318,2024-05-01,,,
obs_fb9765d42df7b0a9,michuhol_elderly,인천광역시 미추홀구_노인복지시설_20250620,michuhol_elderly_welfare_facilities.csv,https://www.data.go.kr/data/15070559/fileData.do,2025-06-20,CSV,169,,,우슬재가노인복지센터,노인복지,재가노인복지시설,,,,미추홀구,미추홀구,주안동,"인천광역시 미추홀구 미추홀대로586번길 51, 1층 (주안동)",,032-426-0929,,,,37.4494451,126.682773,2024-05-01,,,
obs_4534fe143e9ff739,michuhol_elderly,인천광역시 미추홀구_노인복지시설_20250620,michuhol_elderly_welfare_facilities.csv,https://www.data.go.kr/data/15070559/fileData.do,2025-06-20,CSV,170,,,좋은 이웃 재가 복지센터,노인복지,재가노인복지시설,,,,미추홀구,미추홀구,문학동,"인천광역시 미추홀구 매소홀로561번길 3-21, 102호 (문학동)",,032-422-0882,,,,37.43917286,126.6840874,2024-05-01,,,
obs_d68d483f56026ffe,michuhol_elderly,인천광역시 미추홀구_노인복지시설_20250620,michuhol_elderly_welfare_facilities.csv,https://www.data.go.kr/data/15070559/fileData.do,2025-06-20,CSV,171,,,학익주야간보호센터,노인복지,재가노인복지시설,,,,미추홀구,미추홀구,학익동,"인천광역시 미추홀구 학익소로23번길 1, 2층 (학익동)",,032-866-3310,35,,,37.44526712,126.6694258,2024-06-01,,,
obs_53edea0aaf3cbe9e,michuhol_elderly,인천광역시 미추홀구_노인복지시설_20250620,michuhol_elderly_welfare_facilities.csv,https://www.data.go.kr/data/15070559/fileData.do,2025-06-20,CSV,172,,,경인노인주야간보호센터,노인복지,재가노인복지시설,,,,미추홀구,미추홀구,주안동,"인천광역시 미추홀구 석정로 411, 5층 (주안동)",,032-868-9998,34,,,37.46693467,126.6813625,2024-06-01,,,
obs_cfc368cd63c01b80,michuhol_elderly,인천광역시 미추홀구_노인복지시설_20250620,michuhol_elderly_welfare_facilities.csv,https://www.data.go.kr/data/15070559/fileData.do,2025-06-20,CSV,173,,,이레재가복지센터,노인복지,재가노인복지시설,,,,미추홀구,미추홀구,주안동,"인천광역시 미추홀구 경원대로 882, 205호 (주안동)",,032-876-9955,,,,37.46132153,126.6899169,2024-06-01,,,
obs_363d3c807e6e7848,michuhol_elderly,인천광역시 미추홀구_노인복지시설_20250620,michuhol_elderly_welfare_facilities.csv,https://www.data.go.kr/data/15070559/fileData.do,2025-06-20,CSV,174,,,온케어 재가복지센터,노인복지,재가노인복지시설,,,,미추홀구,미추홀구,용현동,"인천광역시 미추홀구 능해길 12, 205호 (용현동)",,032-891-6958,,,,37.45932019,126.6383925,2024-07-01,,,
obs_05c937c0a8756b4e,michuhol_elderly,인천광역시 미추홀구_노인복지시설_20250620,michuhol_elderly_welfare_facilities.csv,https://www.data.go.kr/data/15070559/fileData.do,2025-06-20,CSV,175,,,힘찬재활주간보호센터,노인복지,재가노인복지시설,,,,미추홀구,미추홀구,주안동,"인천광역시 미추홀구 주안로 115, 5층 (주안동)",,032-426-2801,54,,,37.46422654,126.6825809,2024-07-01,,,
obs_89ec83c43d96e2a7,michuhol_elderly,인천광역시 미추홀구_노인복지시설_20250620,michuhol_elderly_welfare_facilities.csv,https://www.data.go.kr/data/15070559/fileData.do,2025-06-20,CSV,176,,,봄날 복지용구,노인복지,재가노인복지시설,,,,미추홀구,미추홀구,용현동,"인천광역시 미추홀구 낙섬중로 68, 102호 (용현동)",,032-710-1350,,,,37.45380291,126.6393195,2024-07-01,,,
obs_dc7d74364a79cb7c,michuhol_elderly,인천광역시 미추홀구_노인복지시설_20250620,michuhol_elderly_welfare_facilities.csv,https://www.data.go.kr/data/15070559/fileData.do,2025-06-20,CSV,177,,,푸름재가노인복지센터,노인복지,재가노인복지시설,,,,미추홀구,미추홀구,주안동,"인천광역시 미추홀구 인주대로251번길 76-3, 1층 101호 (주안동, 삼성탑스빌)",,032-873-5300,,,,37.45463847,126.6681197,2024-08-01,,,
obs_df4f553979be882a,michuhol_elderly,인천광역시 미추홀구_노인복지시설_20250620,michuhol_elderly_welfare_facilities.csv,https://www.data.go.kr/data/15070559/fileData.do,2025-06-20,CSV,178,,,대한어머니회재가노인지원서비스센터,노인복지,재가노인복지시설,,,,미추홀구,미추홀구,학익동,인천광역시 미추홀구 매소홀로386번길 32 (학익동),,032-868-9207,,,,37.438773,126.664549,2008-05-29,,,
obs_69366b4d2c4216b3,michuhol_elderly,인천광역시 미추홀구_노인복지시설_20250620,michuhol_elderly_welfare_facilities.csv,https://www.data.go.kr/data/15070559/fileData.do,2025-06-20,CSV,179,,,미추홀구 구립 치매전담형 주간보호센터 미추홀돌봄의집,노인복지,재가노인복지시설,,,,미추홀구,미추홀구,숭의동,"인천광역시 미추홀구 독배로 443, 2층 280호 (숭의동, 삼화복합빌딩)",,032-883-0310,48,,,37.464582,126.658705,2022-08-01,,,
obs_c4c1f17bcea6b348,michuhol_elderly,인천광역시 미추홀구_노인복지시설_20250620,michuhol_elderly_welfare_facilities.csv,https://www.data.go.kr/data/15070559/fileData.do,2025-06-20,CSV,180,,,그린 재가노인복지센터,노인복지,재가노인복지시설,,,,미추홀구,미추홀구,숭의동,"인천광역시 미추홀구 경인로34번길 20, 6~7층 (숭의동)",,032-221-0905,,,,37.46313,126.647322,2022-11-01,,,
obs_aec36b6fe81274c7,michuhol_elderly,인천광역시 미추홀구_노인복지시설_20250620,michuhol_elderly_welfare_facilities.csv,https://www.data.go.kr/data/15070559/fileData.do,2025-06-20,CSV,181,,,카네이션재가복지센터 (주)카네이션토탈케어,노인복지,재가노인복지시설,,,,미추홀구,미추홀구,주안동,인천광역시 미추홀구 주승로 129 (주안동),,032-425-0707,,,,37.445996,126.684765,2024-01-01,,,
obs_7c0a2bd3732b9758,michuhol_elderly,인천광역시 미추홀구_노인복지시설_20250620,michuhol_elderly_welfare_facilities.csv,https://www.data.go.kr/data/15070559/fileData.do,2025-06-20,CSV,182,,,소리노인장기요양기관,노인복지,재가노인복지시설,,,,미추홀구,미추홀구,주안동,"인천광역시 미추홀구 구월로 17, 8층 (주안동)",,032-887-8852,,,,37.45836,126.692162,2024-09-01,,,
obs_8d265f1deabed7ce,michuhol_elderly,인천광역시 미추홀구_노인복지시설_20250620,michuhol_elderly_welfare_facilities.csv,https://www.data.go.kr/data/15070559/fileData.do,2025-06-20,CSV,183,,,늘곁에방문요양센터,노인복지,재가노인복지시설,,,,미추홀구,미추홀구,도화동,인천광역시 미추홀구 경인로 313-1 (도화동),,032-227-1919,,,,37.459841,126.675483,2024-09-01,,,
obs_56a40b157d142867,michuhol_elderly,인천광역시 미추홀구_노인복지시설_20250620,michuhol_elderly_welfare_facilities.csv,https://www.data.go.kr/data/15070559/fileData.do,2025-06-20,CSV,184,,,인천광역시 사회서비스원 미추홀종합재가센터,노인복지,재가노인복지시설,,,,미추홀구,미추홀구,도화동,"인천광역시 미추홀구 경인로 221, 101동 102호 (도화동, 나산아파트)",,032-715-4974,,,,37.465206,126.667136,2024-09-01,,,
obs_7c2dadd4e66b3c1d,michuhol_elderly,인천광역시 미추홀구_노인복지시설_20250620,michuhol_elderly_welfare_facilities.csv,https://www.data.go.kr/data/15070559/fileData.do,2025-06-20,CSV,185,,,미추홀재활장기요양기관,노인복지,재가노인복지시설,,,,미추홀구,미추홀구,문학동,"인천광역시 미추홀구 소성로 329, 2층 202호 (문학동, 경진상가주택)",,032-433-3457,9,,,37.437815,126.683976,2024-10-01,,,
obs_02fcaf16fef99e6b,michuhol_elderly,인천광역시 미추홀구_노인복지시설_20250620,michuhol_elderly_welfare_facilities.csv,https://www.data.go.kr/data/15070559/fileData.do,2025-06-20,CSV,186,,,함께가는재가복지센터,노인복지,재가노인복지시설,,,,미추홀구,미추홀구,주안동,"인천광역시 미추홀구 미추홀대로614번길 3, 5층 (주안동, 씨티프라자)",,032-872-1979,,,,37.452445,126.680185,2024-10-01,,,
obs_96f3341c25aa46dd,michuhol_elderly,인천광역시 미추홀구_노인복지시설_20250620,michuhol_elderly_welfare_facilities.csv,https://www.data.go.kr/data/15070559/fileData.do,2025-06-20,CSV,187,,,늘푸른재가복지센터,노인복지,재가노인복지시설,,,,미추홀구,미추홀구,주안동,"인천광역시 미추홀구 신기길58번길 36, 1층 (주안동)",,032-872-7687,,,,37.445792,126.674726,2024-12-01,,,
obs_9b0e74dfdcd1061a,michuhol_elderly,인천광역시 미추홀구_노인복지시설_20250620,michuhol_elderly_welfare_facilities.csv,https://www.data.go.kr/data/15070559/fileData.do,2025-06-20,CSV,188,,,평안재가복지센터,노인복지,재가노인복지시설,,,,미추홀구,미추홀구,주안동,"인천광역시 미추홀구 미추홀대로 516, 2층 201호 (주안동)",,032-428-5553,,,,37.443469,126.679238,2024-12-01,,,
obs_d459bb674e07ec34,michuhol_elderly,인천광역시 미추홀구_노인복지시설_20250620,michuhol_elderly_welfare_facilities.csv,https://www.data.go.kr/data/15070559/fileData.do,2025-06-20,CSV,189,,,햇살노인복지센터,노인복지,재가노인복지시설,,,,미추홀구,미추홀구,주안동,"인천광역시 미추홀구 한나루로 548-1, A동 1층 (주안동)",,032-772-0116,,,,37.455497,126.670188,2024-12-01,,,
obs_0a86a8cd964cee5e,michuhol_elderly,인천광역시 미추홀구_노인복지시설_20250620,michuhol_elderly_welfare_facilities.csv,https://www.data.go.kr/data/15070559/fileData.do,2025-06-20,CSV,190,,,365인천노인주야간보호센터,노인복지,재가노인복지시설,,,,미추홀구,미추홀구,숭의동,"인천광역시 미추홀구 미추로 62, 3층 (숭의동)",,032-427-0365,58,,,37.46559,126.645932,2024-12-01,,,
obs_7d24998d75d48bc2,michuhol_elderly,인천광역시 미추홀구_노인복지시설_20250620,michuhol_elderly_welfare_facilities.csv,https://www.data.go.kr/data/15070559/fileData.do,2025-06-20,CSV,191,,,사미노인복지센터,노인복지,재가노인복지시설,,,,미추홀구,미추홀구,주안동,인천광역시 미추홀구 한나루로490번길 85 (주안동),,032-868-8151,,,,37.450523,126.672082,2024-12-01,,,
obs_d77ba6aeb9716daa,michuhol_elderly,인천광역시 미추홀구_노인복지시설_20250620,michuhol_elderly_welfare_facilities.csv,https://www.data.go.kr/data/15070559/fileData.do,2025-06-20,CSV,192,,,비타민재가방문요양센터,노인복지,재가노인복지시설,,,,미추홀구,미추홀구,학익동,"인천광역시 미추홀구 매소홀로 262, 15002호 (학익동)",,032-858-4331,,,,37.444443,126.652395,2025-01-01,,,
obs_7ccf2524d476907e,michuhol_elderly,인천광역시 미추홀구_노인복지시설_20250620,michuhol_elderly_welfare_facilities.csv,https://www.data.go.kr/data/15070559/fileData.do,2025-06-20,CSV,193,,,봄날재가복지센터,노인복지,재가노인복지시설,,,,미추홀구,미추홀구,학익동,"인천광역시 미추홀구 소성로 173, 203호 (학익동)",,032-241-8892,,,,37.441952,126.667779,2025-02-01,,,
obs_1e6268e7fe52f713,michuhol_elderly,인천광역시 미추홀구_노인복지시설_20250620,michuhol_elderly_welfare_facilities.csv,https://www.data.go.kr/data/15070559/fileData.do,2025-06-20,CSV,194,,,좋은방문요양복지센터,노인복지,재가노인복지시설,,,,미추홀구,미추홀구,문학동,"인천광역시 미추홀구 매소홀로535번길 8-1, 102호 (문학동)",,070-4647-3279,,,,37.439382,126.68138,2025-02-01,,,
obs_5d0bb8d5af3fc3cf,michuhol_elderly,인천광역시 미추홀구_노인복지시설_20250620,michuhol_elderly_welfare_facilities.csv,https://www.data.go.kr/data/15070559/fileData.do,2025-06-20,CSV,195,,,삼성한가족복지센터,노인복지,재가노인복지시설,,,,미추홀구,미추홀구,용현동,인천광역시 미추홀구 한나루로501번길 15 (용현동),,032-866-1977,,,,37.451983,126.666376,2025-04-01,,,
obs_395420a6a04c31c8,michuhol_elderly,인천광역시 미추홀구_노인복지시설_20250620,michuhol_elderly_welfare_facilities.csv,https://www.data.go.kr/data/15070559/fileData.do,2025-06-20,CSV,196,,,온누리참빛종합재가노인복지센터,노인복지,재가노인복지시설,,,,미추홀구,미추홀구,숭의동,"인천광역시 미추홀구 경인로 120, 2층 19-1호 (숭의동)",,032-432-5107,,,,37.460793,126.658197,2025-04-01,,,
obs_68c8147af3f50feb,michuhol_elderly,인천광역시 미추홀구_노인복지시설_20250620,michuhol_elderly_welfare_facilities.csv,https://www.data.go.kr/data/15070559/fileData.do,2025-06-20,CSV,197,,,다조아플러스노인복지센터,노인복지,재가노인복지시설,,,,미추홀구,미추홀구,주안동,"인천광역시 미추홀구 인주대로 405-1, 2층 (주안동)",,,,,,37.451679,126.681714,2025-04-01,,,
obs_441504545b3ccc18,michuhol_elderly,인천광역시 미추홀구_노인복지시설_20250620,michuhol_elderly_welfare_facilities.csv,https://www.data.go.kr/data/15070559/fileData.do,2025-06-20,CSV,198,,,다온노인재가복지센터,노인복지,재가노인복지시설,,,,미추홀구,미추홀구,주안동,인천광역시 미추홀구 인하로 385 (주안동),,032-423-5274,,,,37.448502,126.691224,2025-05-01,,,
obs_84ef2f5d2feecfbb,michuhol_elderly,인천광역시 미추홀구_노인복지시설_20250620,michuhol_elderly_welfare_facilities.csv,https://www.data.go.kr/data/15070559/fileData.do,2025-06-20,CSV,199,,,온유재가노인복지센터,노인복지,재가노인복지시설,,,,미추홀구,미추홀구,주안동,인천광역시 미추홀구 인하로367번길 16 (주안동),,032-874-1575,,,,37.449158,126.689347,2025-05-01,,,
obs_8e0cb1267c621eba,michuhol_elderly,인천광역시 미추홀구_노인복지시설_20250620,michuhol_elderly_welfare_facilities.csv,https://www.data.go.kr/data/15070559/fileData.do,2025-06-20,CSV,200,,,행복플러스방문요양센터,노인복지,재가노인복지시설,,,,미추홀구,미추홀구,숭의동,"인천광역시 미추홀구 독배로 494, 2~3층 (숭의동)",,032-888-0045,,,,37.46195,126.644321,2025-05-01,,,
obs_9b852a3daa3cd28a,michuhol_elderly,인천광역시 미추홀구_노인복지시설_20250620,michuhol_elderly_welfare_facilities.csv,https://www.data.go.kr/data/15070559/fileData.do,2025-06-20,CSV,201,,,가족사랑재가노인복지센터,노인복지,재가노인복지시설,,,,미추홀구,미추홀구,도화동,"인천광역시 미추홀구 연송로86번길 64-14, 102호 (도화동)",,032-889-2928,,,,37.478034,126.655216,2025-05-01,,,
obs_a53a771147581607,michuhol_elderly,인천광역시 미추홀구_노인복지시설_20250620,michuhol_elderly_welfare_facilities.csv,https://www.data.go.kr/data/15070559/fileData.do,2025-06-20,CSV,202,,,좋은아침복지용구,노인복지,재가노인복지시설,,,,미추홀구,미추홀구,도화동,"인천광역시 미추홀구 연송로 59, 1층 1호 (도화동)",,,,,,37.477723,126.656611,2025-05-01,,,
obs_334d84b049c387e1,michuhol_elderly,인천광역시 미추홀구_노인복지시설_20250620,michuhol_elderly_welfare_facilities.csv,https://www.data.go.kr/data/15070559/fileData.do,2025-06-20,CSV,203,,,케어닥 방문요양돌봄센터 주안파트너점,노인복지,재가노인복지시설,,,,미추홀구,미추홀구,용현동,"인천광역시 미추홀구 인주대로 93-63, 202호 (용현동)",,032-863-8630,,,,37.457836,126.647666,2025-06-01,,,
obs_67999680cbcb63bb,michuhol_elderly,인천광역시 미추홀구_노인복지시설_20250620,michuhol_elderly_welfare_facilities.csv,https://www.data.go.kr/data/15070559/fileData.do,2025-06-20,CSV,204,,,한결재가복지센터,노인복지,재가노인복지시설,,,,미추홀구,미추홀구,주안동,"인천광역시 미추홀구 구월로19번길 6-37, 가동 5호 (주안동, 한성상가)",,032-422-0810,,,,37.458236,126.693744,2025-06-01,,,
obs_2eb458f0bf96dbde,michuhol_elderly,인천광역시 미추홀구_노인복지시설_20250620,michuhol_elderly_welfare_facilities.csv,https://www.data.go.kr/data/15070559/fileData.do,2025-06-20,CSV,205,,,이레재가노인복지센터,노인복지,재가노인복지시설,,,,미추홀구,미추홀구,학익동,"인천광역시 미추홀구 학익소로 55, 2층 202호 (학익동, 청솔빌딩)",,032-887-8583,,,,37.442943,126.670564,2025-06-01,,,
obs_5ef4c88a1e27c8be,michuhol_elderly,인천광역시 미추홀구_노인복지시설_20250620,michuhol_elderly_welfare_facilities.csv,https://www.data.go.kr/data/15070559/fileData.do,2025-06-20,CSV,206,,,케어네이션 방문요양센터 인천 미추홀점,노인복지,재가노인복지시설,,,,미추홀구,미추홀구,학익동,"인천광역시 미추홀구 주승로 22, 101-5,6호 (학익동)",,032-432-9748,,,,37.443862,126.672927,2025-06-01,,,
obs_e9f2a50bea936f2b,michuhol_elderly,인천광역시 미추홀구_노인복지시설_20250620,michuhol_elderly_welfare_facilities.csv,https://www.data.go.kr/data/15070559/fileData.do,2025-06-20,CSV,207,,,지팡이돌봄복지센터,노인복지,재가노인복지시설,,,,미추홀구,미추홀구,주안동,"인천광역시 미추홀구 석정로 409, 202호 (주안동, 동아프라자)",,032-433-8383,,,,37.467326,126.680969,2025-06-01,,,
obs_3480685ec011c912,michuhol_elderly,인천광역시 미추홀구_노인복지시설_20250620,michuhol_elderly_welfare_facilities.csv,https://www.data.go.kr/data/15070559/fileData.do,2025-06-20,CSV,208,,,반석방문요양센터,노인복지,재가노인복지시설,,,,미추홀구,미추홀구,관교동,"인천광역시 미추홀구 인하로 446, 1층 101호 (관교동, 삼환아파트 상가동)",,032-888-2307,,,,37.443914,126.695698,2025-06-01,,,
obs_76f110dc2b1971e5,michuhol_elderly,인천광역시 미추홀구_노인복지시설_20250620,michuhol_elderly_welfare_facilities.csv,https://www.data.go.kr/data/15070559/fileData.do,2025-06-20,CSV,209,,,연사랑노인복지센터,노인복지,재가노인복지시설,,,,미추홀구,미추홀구,도화동,"인천광역시 미추홀구 석정로 303, 1층 2호 (도화동)",,032-428-2290,,,,37.46835,126.669356,2025-06-01,,,
