facility_id,facility_name,district,legal_dong,address,phone,category_major,category_detail,facility_form,capacity_max_reported,current_occupancy_max_reported,staff_count_max_reported,latitude,longitude,designation_date,installation_date,status,source_as_of_date_latest,source_datasets,source_names,source_files,source_facility_codes,observation_count,source_count,entity_match_rule
fac_0019973dc427ca8a,인천사랑노인요양원,미추홀구,용현동,인천광역시 미추홀구 낙섬서로 3-14 (용현동),0324288850,노인복지,노인요양시설 | 노인요양시설(개정법) | 노인의료복지시설,의료복지 | 장기요양기관,60,,30,37.45055575,126.6331389,2009-10-12,2009-10-12,,2026-06-30,incheon_elderly | michuhol_elderly | nhis_ltc,국민건강보험공단_장기요양기관 시설별 현황_20260610 | 인천광역시 미추홀구_노인복지시설_20250620 | 인천광역시_노인복지시설 현황_20260630,incheon_elderly_welfare_facilities_20260630.xlsx | michuhol_elderly_welfare_facilities.csv | nhis_long_term_care_facilities_20260610.xlsx,12817000111,3,3,exact_normalized_district_name_address
fac_0098eca63708efcc,고운재가요양센터,미추홀구,용현동,인천광역시 미추홀구 한나루로501번길 15 (용현동),032-865-0111,노인복지,방문목욕 | 방문요양 | 재가노인복지시설 | 재가노인복지시설 방문목욕 | 재가노인복지시설 방문요양,장기요양기관 | 재가복지,,,44,37.45186298,126.6663221,2020-12-31,2020-12-31,,2026-06-30,incheon_elderly | michuhol_elderly | nhis_ltc,국민건강보험공단_장기요양기관 시설별 현황_20260610 | 인천광역시 미추홀구_노인복지시설_20250620 | 인천광역시_노인복지시설 현황_20260630,incheon_elderly_welfare_facilities_20260630.xlsx | michuhol_elderly_welfare_facilities.csv | nhis_long_term_care_facilities_20260610.xlsx,22817700501,5,3,exact_normalized_district_name_address
fac_00ebf29b1ff76036,노인요양원 행복의집II,미추홀구,용현동,"인천광역시 미추홀구 아암대로29번길 86, 4층 (용현동, 백제당빌딩)",032-887-0238,노인복지,노인의료복지시설,,9,,,37.45631794,126.6409036,2013-09-30,,,2025-06-20,michuhol_elderly,인천광역시 미추홀구_노인복지시설_20250620,michuhol_elderly_welfare_facilities.csv,,1,1,exact_normalized_district_name_address
fac_02fbd23fbab4865b,센트럴힐링요양원,미추홀구,학익동,"인천광역시 미추홀구 한나루로 432, 4층 (학익동, 성원빌딩)",032-872-2279,노인복지,노인의료복지시설,,9,,,37.44570328,126.6666593,2020-01-01,,,2025-06-20,michuhol_elderly,인천광역시 미추홀구_노인복지시설_20250620,michuhol_elderly_welfare_facilities.csv,,1,1,exact_normalized_district_name_address
fac_02fd6f1d78a061b4,장수노인복지센터,미추홀구,주안동,"인천광역시 미추홀구 주안로205번길 20, 3층 (주안동)",032-264-3355,노인복지,방문목욕 | 방문요양 | 복지용구 | 재가노인복지시설 | 재가노인복지시설 방문목욕 | 재가노인복지시설 방문요양 | 재가노인복지시설 복지용구,장기요양기관 | 재가복지,,,79,37.46440278,126.6929463,2024-03-01,2024-03-01,,2026-06-30,incheon_elderly | michuhol_elderly | nhis_ltc,국민건강보험공단_장기요양기관 시설별 현황_20260610 | 인천광역시 미추홀구_노인복지시설_20250620 | 인천광역시_노인복지시설 현황_20260630,incheon_elderly_welfare_facilities_20260630.xlsx | michuhol_elderly_welfare_facilities.csv | nhis_long_term_care_facilities_20260610.xlsx,22817700653,7,3,exact_normalized_district_name_address
fac_057abceae4ae0c54,두리재가복지센터,미추홀구,주안동,"인천광역시 미추홀구 구월로 30, 804호 (주안동, 스페이스이모션오피스텔)",032-862-1847,노인복지,재가노인복지시설,,,,,37.45731233,126.6933794,2020-10-12,,,2025-06-20,michuhol_elderly,인천광역시 미추홀구_노인복지시설_20250620,michuhol_elderly_welfare_facilities.csv,,1,1,exact_normalized_district_name_address
fac_0713638a8ffed643,늘푸른재가복지센터,미추홀구,주안동,"인천광역시 미추홀구 신기길58번길 36, 1층 (주안동)",032-872-7687,노인복지,재가노인복지시설,,,,,37.445792,126.674726,2024-12-01,,,2025-06-20,michuhol_elderly,인천광역시 미추홀구_노인복지시설_20250620,michuhol_elderly_welfare_facilities.csv,,1,1,exact_normalized_district_name_address
fac_092193f758d9a716,노인요양원 행복의집,미추홀구,용현동,"인천광역시 미추홀구 아암대로29번길 86, 5층 (용현동, 백제당빌딩)",0328870237,노인복지,노인요양공동생활가정 | 노인의료복지시설,의료복지 | 장기요양기관,9,,7,37.45631794,126.6409036,2013-03-07,2013-03-07,,2026-06-30,incheon_elderly | michuhol_elderly | nhis_ltc,국민건강보험공단_장기요양기관 시설별 현황_20260610 | 인천광역시 미추홀구_노인복지시설_20250620 | 인천광역시_노인복지시설 현황_20260630,incheon_elderly_welfare_facilities_20260630.xlsx | michuhol_elderly_welfare_facilities.csv | nhis_long_term_care_facilities_20260610.xlsx,12817000229,3,3,exact_normalized_district_name_address
fac_0a35cbd9e2f99b89,힘찬실버요양원,미추홀구,숭의동,인천광역시 미추홀구 경인로33번길 22 (숭의동),0328915777,노인복지,노인요양시설 | 노인요양시설(개정법) | 노인의료복지시설,의료복지 | 장기요양기관,56,,31,37.46492667,126.6466303,2023-06-01,2023-06-01,,2026-06-30,incheon_elderly | michuhol_elderly | nhis_ltc,국민건강보험공단_장기요양기관 시설별 현황_20260610 | 인천광역시 미추홀구_노인복지시설_20250620 | 인천광역시_노인복지시설 현황_20260630,incheon_elderly_welfare_facilities_20260630.xlsx | michuhol_elderly_welfare_facilities.csv | nhis_long_term_care_facilities_20260610.xlsx,12817700625,3,3,exact_normalized_district_name_address
fac_0bde988a8ea2e98c,지안노인주간보호센터,미추홀구,주안동,"인천광역시 미추홀구 석정로 409, 202호 (주안동, 동아프라자)",032-873-9949,노인복지,재가노인복지시설 | 재가노인복지시설 주야간보호 | 주야간보호,장기요양기관 | 재가복지,23,,7,37.46713129,126.6809692,2021-10-01,2021-10-01,,2026-06-30,incheon_elderly | michuhol_elderly | nhis_ltc,국민건강보험공단_장기요양기관 시설별 현황_20260610 | 인천광역시 미추홀구_노인복지시설_20250620 | 인천광역시_노인복지시설 현황_20260630,incheon_elderly_welfare_facilities_20260630.xlsx | michuhol_elderly_welfare_facilities.csv | nhis_long_term_care_facilities_20260610.xlsx,22817700541,3,3,exact_normalized_district_name_address
fac_0ea56b31a9174c26,백암시니어복지센터,미추홀구,학익동,"인천광역시 미추홀구 매소홀로418번길 14-57, 다동 1~3층 (학익동)",032-876-2181,노인복지,방문요양 | 재가노인복지시설,재가복지,63,,,37.43866722,126.6668301,2022-04-01,,,2026-06-30,incheon_elderly | michuhol_elderly,인천광역시 미추홀구_노인복지시설_20250620 | 인천광역시_노인복지시설 현황_20260630,incheon_elderly_welfare_facilities_20260630.xlsx | michuhol_elderly_welfare_facilities.csv,,2,2,exact_normalized_district_name_address
fac_10c37d8dc42c9afa,100세누리 방문요양센터,미추홀구,관교동,"인천광역시 미추홀구 주승로 229, 204호 (관교동, 쌍용A 상가)",032-424-1372,노인복지,방문목욕 | 방문요양 | 재가노인복지시설 | 재가노인복지시설 방문목욕 | 재가노인복지시설 방문요양,장기요양기관 | 재가복지,,,43,37.44276692,126.6946851,2022-11-01,2022-11-01,,2026-06-30,incheon_elderly | michuhol_elderly | nhis_ltc,국민건강보험공단_장기요양기관 시설별 현황_20260610 | 인천광역시 미추홀구_노인복지시설_20250620 | 인천광역시_노인복지시설 현황_20260630,incheon_elderly_welfare_facilities_20260630.xlsx | michuhol_elderly_welfare_facilities.csv | nhis_long_term_care_facilities_20260610.xlsx,22817700591,5,3,exact_normalized_district_name_address
fac_15f44505210ba0c2,인천사회복지센터,미추홀구,도화동,"인천광역시 미추홀구 주안로 12, 201호 (도화동)",032-868-2024,노인복지,방문요양 | 재가노인복지시설 | 재가노인복지시설 방문요양,장기요양기관 | 재가복지,,,22,37.4637304,126.6709999,2024-02-01,2024-02-01,,2026-06-30,incheon_elderly | michuhol_elderly | nhis_ltc,국민건강보험공단_장기요양기관 시설별 현황_20260610 | 인천광역시 미추홀구_노인복지시설_20250620 | 인천광역시_노인복지시설 현황_20260630,incheon_elderly_welfare_facilities_20260630.xlsx | michuhol_elderly_welfare_facilities.csv | nhis_long_term_care_facilities_20260610.xlsx,22817700651,3,3,exact_normalized_district_name_address
fac_16d7a7af54ddaaed,햇살재가복지센터,미추홀구,관교동,"인천광역시 미추홀구 경원대로640번길 20-7, 102호 (관교동)",032-427-3962,노인복지,방문목욕 | 방문요양 | 재가노인복지시설 | 재가노인복지시설 방문목욕 | 재가노인복지시설 방문요양,장기요양기관 | 재가복지,,,55,37.44093701,126.6949495,2022-09-01,2022-09-01,,2026-06-30,incheon_elderly | michuhol_elderly | nhis_ltc,국민건강보험공단_장기요양기관 시설별 현황_20260610 | 인천광역시 미추홀구_노인복지시설_20250620 | 인천광역시_노인복지시설 현황_20260630,incheon_elderly_welfare_facilities_20260630.xlsx | michuhol_elderly_welfare_facilities.csv | nhis_long_term_care_facilities_20260610.xlsx,22817700580,5,3,exact_normalized_district_name_address
fac_17946cf7af8b65f6,행복드림요양원,미추홀구,주안동,"인천광역시 미추홀구 인주대로 495, 5층 (주안동)",0324381999,노인복지,노인요양공동생활가정 | 노인의료복지시설,의료복지 | 장기요양기관,9,,8,37.45090942,126.6918313,2014-12-01,2014-12-01,,2026-06-30,incheon_elderly | michuhol_elderly | nhis_ltc,국민건강보험공단_장기요양기관 시설별 현황_20260610 | 인천광역시 미추홀구_노인복지시설_20250620 | 인천광역시_노인복지시설 현황_20260630,incheon_elderly_welfare_facilities_20260630.xlsx | michuhol_elderly_welfare_facilities.csv | nhis_long_term_care_facilities_20260610.xlsx,12817000267,3,3,exact_normalized_district_name_address
fac_185dd87064081d71,인천통합복지 사회적협동조합,미추홀구,주안동,"인천광역시 미추홀구 미추홀대로 516, 2층 201호 (주안동)",032-864-1006,노인복지,방문간호 | 방문목욕 | 방문요양 | 재가노인복지시설 | 재가노인복지시설 방문간호 | 재가노인복지시설 방문목욕 | 재가노인복지시설 방문요양,장기요양기관 | 재가복지,,,138,37.44335536,126.6791046,2020-06-30,2020-06-30,,2026-06-30,incheon_elderly | michuhol_elderly | nhis_ltc,국민건강보험공단_장기요양기관 시설별 현황_20260610 | 인천광역시 미추홀구_노인복지시설_20250620 | 인천광역시_노인복지시설 현황_20260630,incheon_elderly_welfare_facilities_20260630.xlsx | michuhol_elderly_welfare_facilities.csv | nhis_long_term_care_facilities_20260610.xlsx,22817700493,7,3,exact_normalized_district_name_address
fac_18fccafae787b2db,늘곁에방문요양센터,미추홀구,도화동,인천광역시 미추홀구 경인로 313-1 (도화동),032-227-1919,노인복지,재가노인복지시설,,,,,37.459841,126.675483,2024-09-01,,,2025-06-20,michuhol_elderly,인천광역시 미추홀구_노인복지시설_20250620,michuhol_elderly_welfare_facilities.csv,,1,1,exact_normalized_district_name_address
fac_1ac6f6ffb5e98126,주안노인복지센터,미추홀구,주안동,인천광역시 미추홀구 주승로 129 (주안동),032-437-2070,노인복지,방문요양 | 재가노인복지시설 | 재가노인복지시설 단기보호 | 재가노인복지시설 방문요양 | 재가노인복지시설 주야간보호 | 주야간보호,장기요양기관 | 재가복지,56,,18,37.44579636,126.6847222,2012-01-11,2012-01-11,,2026-06-30,incheon_elderly | michuhol_elderly | nhis_ltc,국민건강보험공단_장기요양기관 시설별 현황_20260610 | 인천광역시 미추홀구_노인복지시설_20250620 | 인천광역시_노인복지시설 현황_20260630,incheon_elderly_welfare_facilities_20260630.xlsx | michuhol_elderly_welfare_facilities.csv | nhis_long_term_care_facilities_20260610.xlsx,22817000200,6,3,exact_normalized_district_name_address
fac_1bb7482858a4b5c1,주안해피타운,미추홀구,주안동,인천광역시 미추홀구 주승로 129 (주안동),0324322070,노인복지,노인요양시설 | 노인요양시설(개정법) | 노인의료복지시설,의료복지 | 장기요양기관,55,,37,37.44579636,126.6847222,2008-05-30,2007-12-05,,2026-06-30,incheon_elderly | michuhol_elderly | nhis_ltc,국민건강보험공단_장기요양기관 시설별 현황_20260610 | 인천광역시 미추홀구_노인복지시설_20250620 | 인천광역시_노인복지시설 현황_20260630,incheon_elderly_welfare_facilities_20260630.xlsx | michuhol_elderly_welfare_facilities.csv | nhis_long_term_care_facilities_20260610.xlsx,12817000005,3,3,exact_normalized_district_name_address
fac_1bcfbb09768c7219,좋은아침간호센터,미추홀구,용현동,"인천광역시 미추홀구 토금북로11번길 20, 304호 (용현동, 정다운오피스텔)",,노인복지,재가노인복지시설,,,,,37.45592766,126.6365521,2024-02-01,,,2025-06-20,michuhol_elderly,인천광역시 미추홀구_노인복지시설_20250620,michuhol_elderly_welfare_facilities.csv,,1,1,exact_normalized_district_name_address
fac_1c362a4b4c88a4d5,봄날 복지용구,미추홀구,용현동,"인천광역시 미추홀구 낙섬중로 68, 102호 (용현동)",032-710-1350,노인복지,재가노인복지시설,,,,,37.45380291,126.6393195,2024-07-01,,,2025-06-20,michuhol_elderly,인천광역시 미추홀구_노인복지시설_20250620,michuhol_elderly_welfare_facilities.csv,,1,1,exact_normalized_district_name_address
fac_1ebbab14c7370fae,선학2공동생활가정,연수구,청학동,인천광역시 연수구 청능말로 22번길 6(청학동 459-10 101호),032-818-5414,장애인복지,장애인 거주시설,장애인 거주시설,4,3,1,37.416941,126.668001,,1999-04-20,,2026-03-09,yeonsu_disabled,인천광역시 연수구_장애인 복지시설 현황_20260309,yeonsu_disabled_facilities_20260316.csv,,1,1,exact_normalized_district_name_address
fac_1ed5f4739b928fbb,두드림노인복지센터,미추홀구,관교동,"인천광역시 미추홀구 주승로 229, 상가동 105호 (관교동)",032-813-3381,노인복지,방문간호 | 방문목욕 | 방문요양 | 재가노인복지시설 | 재가노인복지시설 방문간호 | 재가노인복지시설 방문목욕 | 재가노인복지시설 방문요양,장기요양기관 | 재가복지,,,50,37.44276692,126.6946851,2023-08-01,2023-08-01,,2026-06-30,incheon_elderly | michuhol_elderly | nhis_ltc,국민건강보험공단_장기요양기관 시설별 현황_20260610 | 인천광역시 미추홀구_노인복지시설_20250620 | 인천광역시_노인복지시설 현황_20260630,incheon_elderly_welfare_facilities_20260630.xlsx | michuhol_elderly_welfare_facilities.csv | nhis_long_term_care_facilities_20260610.xlsx,22817700630,7,3,exact_normalized_district_name_address
fac_1ffd5a8bfbea488d,그린 재가노인복지센터,미추홀구,주안동,"인천광역시 미추홀구 주안로 226 중심상가동202호 (주안동, 주안더월드스테이트1트단지)",032-221-0905,노인복지,재가노인복지시설 | 재가노인복지시설 방문목욕 | 재가노인복지시설 방문요양,장기요양기관,,,45,37.46300627,126.6952992,2022-11-01,2022-11-01,,2026-06-10,michuhol_elderly | nhis_ltc,국민건강보험공단_장기요양기관 시설별 현황_20260610 | 인천광역시 미추홀구_노인복지시설_20250620,michuhol_elderly_welfare_facilities.csv | nhis_long_term_care_facilities_20260610.xlsx,22817700589,3,2,exact_normalized_district_name_address
fac_2000da3bdecf3bea,포도나무요양원,미추홀구,학익동,"인천광역시 미추홀구 주승로 22, 2층 (학익동)",0328661191,노인복지,노인요양시설 | 노인요양시설(개정법) | 노인의료복지시설,의료복지 | 장기요양기관,15,,9,37.44365373,126.6727799,2019-06-24,2019-06-24,,2026-06-30,incheon_elderly | michuhol_elderly | nhis_ltc,국민건강보험공단_장기요양기관 시설별 현황_20260610 | 인천광역시 미추홀구_노인복지시설_20250620 | 인천광역시_노인복지시설 현황_20260630,incheon_elderly_welfare_facilities_20260630.xlsx | michuhol_elderly_welfare_facilities.csv | nhis_long_term_care_facilities_20260610.xlsx,12817700434,3,3,exact_normalized_district_name_address
fac_22cbd76fb3ec6d93,청학공동생활가정,연수구,청학동,인천광역시 연수구 청능말로8번길 9 101호(청학동 458-4 101호),032-575-5675,장애인복지,장애인 거주시설,장애인 거주시설,4,3,1,37.417499,126.667855,,2001-01-27,,2026-03-09,yeonsu_disabled,인천광역시 연수구_장애인 복지시설 현황_20260309,yeonsu_disabled_facilities_20260316.csv,,1,1,exact_normalized_district_name_address
fac_239cb1e6efb5355b,대한어머니회재가노인지원서비스센터,미추홀구,숭의동,"인천광역시 미추홀구 독배로 443, 2층 280호 (숭의동, 삼화복합빌딩)",032-868-9207,노인복지,방문목욕 | 방문요양 | 재가노인복지시설 | 재가노인복지시설 방문목욕 | 재가노인복지시설 방문요양 | 재가노인지원서비스,이용 | 장기요양기관 | 재가복지,,,8,37.4588359,126.6481512,2008-05-29,2008-05-23,,2026-06-30,incheon_elderly | incheon_welfare | michuhol_elderly | nhis_ltc,국민건강보험공단_장기요양기관 시설별 현황_20260610 | 인천광역시 미추홀구_노인복지시설_20250620 | 인천광역시_노인복지시설 현황_20260630 | 인천광역시_사회복지시설 현황_20250131,incheon_elderly_welfare_facilities_20260630.xlsx | incheon_welfare_facilities_20250131.csv | michuhol_elderly_welfare_facilities.csv | nhis_long_term_care_facilities_20260610.xlsx,22817000008,7,4,exact_normalized_district_name_address
fac_241ab22eac376e46,노아요양원,미추홀구,주안동,"인천광역시 미추홀구 경원대로 892, 2층 (주안동)",032-424-8188,노인복지,노인의료복지시설,,79,,,37.46243974,126.6901112,2012-06-27,,,2025-06-20,michuhol_elderly,인천광역시 미추홀구_노인복지시설_20250620,michuhol_elderly_welfare_facilities.csv,,1,1,exact_normalized_district_name_address
fac_29ad14ec98a4cb87,케어네이션 방문요양센터 인천 미추홀점,미추홀구,학익동,"인천광역시 미추홀구 주승로 22, 101-5,6호 (학익동)",032-432-9748,노인복지,재가노인복지시설,,,,,37.443862,126.672927,2025-06-01,,,2025-06-20,michuhol_elderly,인천광역시 미추홀구_노인복지시설_20250620,michuhol_elderly_welfare_facilities.csv,,1,1,exact_normalized_district_name_address
fac_2a5a02cb37d020ab,가가호호노인복지센터,미추홀구,주안동,"인천광역시 미추홀구 구월로19번길 6-37, 가동 5호 (주안동, 한성상가)",032-433-8377,노인복지,방문목욕 | 방문요양 | 재가노인복지시설 | 재가노인복지시설 방문목욕 | 재가노인복지시설 방문요양,장기요양기관 | 재가복지,,,25,37.45805219,126.6938449,2021-08-01,2021-08-01,,2026-06-30,incheon_elderly | michuhol_elderly | nhis_ltc,국민건강보험공단_장기요양기관 시설별 현황_20260610 | 인천광역시 미추홀구_노인복지시설_20250620 | 인천광역시_노인복지시설 현황_20260630,incheon_elderly_welfare_facilities_20260630.xlsx | michuhol_elderly_welfare_facilities.csv | nhis_long_term_care_facilities_20260610.xlsx,22817700529,5,3,exact_normalized_district_name_address
fac_2a7a0461ab34d663,평안재가복지센터,미추홀구,주안동,"인천광역시 미추홀구 미추홀대로 516, 2층 201호 (주안동)",032-428-5553,노인복지,재가노인복지시설,,,,,37.443469,126.679238,2024-12-01,,,2025-06-20,michuhol_elderly,인천광역시 미추홀구_노인복지시설_20250620,michuhol_elderly_welfare_facilities.csv,,1,1,exact_normalized_district_name_address
fac_2ac2dee060f5e883,제일요양원,미추홀구,학익동,"인천광역시 미추홀구 학익소로 19, B1,2,5~7층 (학익동)",0328763230,노인복지,노인요양시설 | 노인요양시설(개정법) | 노인의료복지시설,의료복지 | 장기요양기관,80,,56,37.44548374,126.6689827,2015-11-09,2015-11-09,,2026-06-30,incheon_elderly | michuhol_elderly | nhis_ltc,국민건강보험공단_장기요양기관 시설별 현황_20260610 | 인천광역시 미추홀구_노인복지시설_20250620 | 인천광역시_노인복지시설 현황_20260630,incheon_elderly_welfare_facilities_20260630.xlsx | michuhol_elderly_welfare_facilities.csv | nhis_long_term_care_facilities_20260610.xlsx,12817000300,3,3,exact_normalized_district_name_address
fac_2ae1cc98305f2904,효담채요양원,미추홀구,숭의동,인천광역시 미추홀구 경인로 109 (숭의동),0328822200,노인복지,노인요양시설 | 노인요양시설(개정법) | 노인의료복지시설,의료복지 | 장기요양기관,80,,49,37.46648688,126.6546836,2016-01-29,2016-01-29,,2026-06-30,incheon_elderly | michuhol_elderly | nhis_ltc,국민건강보험공단_장기요양기관 시설별 현황_20260610 | 인천광역시 미추홀구_노인복지시설_20250620 | 인천광역시_노인복지시설 현황_20260630,incheon_elderly_welfare_facilities_20260630.xlsx | michuhol_elderly_welfare_facilities.csv | nhis_long_term_care_facilities_20260610.xlsx,12817000309,3,3,exact_normalized_district_name_address
fac_2c12430c682560f3,주안돌봄 재가노인복지센터,미추홀구,주안동,"인천광역시 미추홀구 미추홀대로626번길 51, 1층 (주안동)",032-423-1222,노인복지,방문목욕 | 방문요양 | 재가노인복지시설 | 재가노인복지시설 방문목욕 | 재가노인복지시설 방문요양,장기요양기관 | 재가복지,,,23,37.45320779,126.6828336,2024-04-01,2024-04-01,,2026-06-30,incheon_elderly | michuhol_elderly | nhis_ltc,국민건강보험공단_장기요양기관 시설별 현황_20260610 | 인천광역시 미추홀구_노인복지시설_20250620 | 인천광역시_노인복지시설 현황_20260630,incheon_elderly_welfare_facilities_20260630.xlsx | michuhol_elderly_welfare_facilities.csv | nhis_long_term_care_facilities_20260610.xlsx,22817700656,5,3,exact_normalized_district_name_address
fac_2d5f7205e4ee4c5c,온유한재가복지센터,미추홀구,용현동,"인천광역시 미추홀구 인주대로 93-63, 202호 (용현동)",032-873-2553,노인복지,방문목욕 | 방문요양 | 재가노인복지시설 | 재가노인복지시설 방문목욕 | 재가노인복지시설 방문요양,장기요양기관 | 재가복지,,,74,37.45773307,126.6476395,2021-07-01,2021-07-01,,2026-06-30,incheon_elderly | michuhol_elderly | nhis_ltc,국민건강보험공단_장기요양기관 시설별 현황_20260610 | 인천광역시 미추홀구_노인복지시설_20250620 | 인천광역시_노인복지시설 현황_20260630,incheon_elderly_welfare_facilities_20260630.xlsx | michuhol_elderly_welfare_facilities.csv | nhis_long_term_care_facilities_20260610.xlsx,22817700524,5,3,exact_normalized_district_name_address
fac_2e36c28b18a7b877,연수허브단기보호센터,연수구,선학동,인천광역시 연수구 선학2로 13 선학시영 상가내 (선학동 347),032-817-2092,장애인복지,장애인 거주시설,장애인 거주시설,14,5,10,37.43338,126.698362,,2002-03-01,,2026-03-09,yeonsu_disabled,인천광역시 연수구_장애인 복지시설 현황_20260309,yeonsu_disabled_facilities_20260316.csv,,1,1,exact_normalized_district_name_address
fac_305b9a3299908f7b,좋은방문요양복지센터,미추홀구,문학동,"인천광역시 미추홀구 매소홀로535번길 8-1, 102호 (문학동)",070-4647-3279,노인복지,재가노인복지시설,,,,,37.439382,126.68138,2025-02-01,,,2025-06-20,michuhol_elderly,인천광역시 미추홀구_노인복지시설_20250620,michuhol_elderly_welfare_facilities.csv,,1,1,exact_normalized_district_name_address
fac_3198b4f11463e6b7,온맘케어 재가복지센터,미추홀구,문학동,"인천광역시 미추홀구 소성로 333, 3층 (문학동)",032-421-5111,노인복지,재가노인복지시설,,,,,37.43760258,126.6842562,2023-09-01,,,2025-06-20,michuhol_elderly,인천광역시 미추홀구_노인복지시설_20250620,michuhol_elderly_welfare_facilities.csv,,1,1,exact_normalized_district_name_address
fac_32794841ca602416,신기의료기(인천점),미추홀구,용현동,"인천광역시 미추홀구 인주대로 194, 1층 (용현동)",032-872-2407,노인복지,재가노인복지시설,,,,,37.45498997,126.6582643,2022-03-01,,,2025-06-20,michuhol_elderly,인천광역시 미추홀구_노인복지시설_20250620,michuhol_elderly_welfare_facilities.csv,,1,1,exact_normalized_district_name_address
fac_333be0a84956cfdc,좋은아침복지용구,미추홀구,도화동,"인천광역시 미추홀구 연송로 59, 1층 1호 (도화동)",,노인복지,재가노인복지시설,,,,,37.477723,126.656611,2025-05-01,,,2025-06-20,michuhol_elderly,인천광역시 미추홀구_노인복지시설_20250620,michuhol_elderly_welfare_facilities.csv,,1,1,exact_normalized_district_name_address
fac_33c98f2f2df2681e,소울노인복지센터,미추홀구,도화동,"인천광역시 미추홀구 석정로324번길 14, 1층 (도화동)",032-874-4090,노인복지,방문목욕 | 방문요양 | 재가노인복지시설 | 재가노인복지시설 방문목욕 | 재가노인복지시설 방문요양,장기요양기관 | 재가복지,,,21,37.46711224,126.6711934,2021-12-20,2021-12-20,,2026-06-30,incheon_elderly | michuhol_elderly | nhis_ltc,국민건강보험공단_장기요양기관 시설별 현황_20260610 | 인천광역시 미추홀구_노인복지시설_20250620 | 인천광역시_노인복지시설 현황_20260630,incheon_elderly_welfare_facilities_20260630.xlsx | michuhol_elderly_welfare_facilities.csv | nhis_long_term_care_facilities_20260610.xlsx,22817700548,5,3,exact_normalized_district_name_address
fac_350af45996385750,인천광역시 사회서비스원 미추홀종합재가센터,미추홀구,도화동,"인천광역시 미추홀구 경인로 221, 101동 102호 (도화동, 나산아파트)",032-715-4974,노인복지,재가노인복지시설,,,,,37.465206,126.667136,2024-09-01,,,2025-06-20,michuhol_elderly,인천광역시 미추홀구_노인복지시설_20250620,michuhol_elderly_welfare_facilities.csv,,1,1,exact_normalized_district_name_address
fac_35e42f45f52d1c12,참조은요양원,미추홀구,숭의동,"인천광역시 미추홀구 독정이로100번길 13, 2호 (숭의동)",032-861-3111,노인복지,노인의료복지시설,,29,,,37.464753,126.651029,2024-11-01,,,2025-06-20,michuhol_elderly,인천광역시 미추홀구_노인복지시설_20250620,michuhol_elderly_welfare_facilities.csv,,1,1,exact_normalized_district_name_address
fac_367f696b5c3a41c7,정다운복지센터,미추홀구,문학동,"인천광역시 미추홀구 소성로 329, 2층 202호 (문학동, 경진상가주택)",032-221-1005,노인복지,방문목욕 | 방문요양 | 재가노인복지시설 | 재가노인복지시설 방문목욕 | 재가노인복지시설 방문요양,장기요양기관 | 재가복지,,,44,37.43762726,126.6839496,2020-05-06,2020-05-06,,2026-06-30,incheon_elderly | michuhol_elderly | nhis_ltc,국민건강보험공단_장기요양기관 시설별 현황_20260610 | 인천광역시 미추홀구_노인복지시설_20250620 | 인천광역시_노인복지시설 현황_20260630,incheon_elderly_welfare_facilities_20260630.xlsx | michuhol_elderly_welfare_facilities.csv | nhis_long_term_care_facilities_20260610.xlsx,22817700488,5,3,exact_normalized_district_name_address
fac_375b183270bd6085,성운복지용구,미추홀구,학익동,인천광역시 미추홀구 한나루로411번길 82-38 (학익동),032-872-9995,노인복지,재가노인복지시설,,,,,37.44684189,126.6608344,2022-01-01,,,2025-06-20,michuhol_elderly,인천광역시 미추홀구_노인복지시설_20250620,michuhol_elderly_welfare_facilities.csv,,1,1,exact_normalized_district_name_address
fac_375f0096b2cf01c5,봄봄재가복지센터,미추홀구,주안동,인천광역시 미추홀구 미추홀대로 636 (주안동),032-471-9455,노인복지,방문요양 | 재가노인복지시설 | 재가노인복지시설 방문요양,장기요양기관 | 재가복지,,,12,37.45403034,126.6801309,2023-01-02,2023-01-02,,2026-06-30,incheon_elderly | michuhol_elderly | nhis_ltc,국민건강보험공단_장기요양기관 시설별 현황_20260610 | 인천광역시 미추홀구_노인복지시설_20250620 | 인천광역시_노인복지시설 현황_20260630,incheon_elderly_welfare_facilities_20260630.xlsx | michuhol_elderly_welfare_facilities.csv | nhis_long_term_care_facilities_20260610.xlsx,22817700602,3,3,exact_normalized_district_name_address
fac_395eccbc702151ce,연수공동생활가정,연수구,청학동,인천광역시 연수구 청능말로8번길 9 301호(청학동 458-4 301호),032-472-8148,장애인복지,장애인 거주시설,장애인 거주시설,4,2,1,37.417499,126.667855,,2013-07-12,,2026-03-09,yeonsu_disabled,인천광역시 연수구_장애인 복지시설 현황_20260309,yeonsu_disabled_facilities_20260316.csv,,1,1,exact_normalized_district_name_address
fac_3acc7bb15f8261ec,대한어머니회재가노인지원서비스센터,미추홀구,학익동,인천광역시 미추홀구 매소홀로386번길 32 (학익동),032-868-9207,노인복지,재가노인복지시설,,,,,37.438773,126.664549,2008-05-29,,,2025-06-20,michuhol_elderly,인천광역시 미추홀구_노인복지시설_20250620,michuhol_elderly_welfare_facilities.csv,,1,1,exact_normalized_district_name_address
fac_3bcfed781e5b9b7b,(재활)도울주야간보호센터,미추홀구,주안동,"인천광역시 미추홀구 경인로 433, 10층 1001호 (주안동)",032-423-3723,노인복지,방문요양 | 재가노인복지시설 | 재가노인복지시설 방문요양 | 재가노인복지시설 주야간보호 | 주야간보호,장기요양기관 | 재가복지,42,,27,37.45823827,126.6884075,2022-05-06,2022-05-06,,2026-06-30,incheon_elderly | michuhol_elderly | nhis_ltc,국민건강보험공단_장기요양기관 시설별 현황_20260610 | 인천광역시 미추홀구_노인복지시설_20250620 | 인천광역시_노인복지시설 현황_20260630,incheon_elderly_welfare_facilities_20260630.xlsx | michuhol_elderly_welfare_facilities.csv | nhis_long_term_care_facilities_20260610.xlsx,22817700567,5,3,exact_normalized_district_name_address
fac_3d7599e13789c3ff,한빛재가복지센터,미추홀구,주안동,인천광역시 미추홀구 한나루로490번길 85 (주안동),032-212-6206,노인복지,방문목욕 | 방문요양 | 재가노인복지시설,재가복지,,,,37.4503158,126.6720633,2020-10-08,,,2026-06-30,incheon_elderly | michuhol_elderly,인천광역시 미추홀구_노인복지시설_20250620 | 인천광역시_노인복지시설 현황_20260630,incheon_elderly_welfare_facilities_20260630.xlsx | michuhol_elderly_welfare_facilities.csv,,3,2,exact_normalized_district_name_address
fac_3e49f94ed462f0e5,온케어 재가복지센터,미추홀구,용현동,"인천광역시 미추홀구 능해길 12, 205호 (용현동)",032-891-6958,노인복지,방문요양 | 재가노인복지시설 | 재가노인복지시설 방문요양,장기요양기관 | 재가복지,,,48,37.45932019,126.6383925,2024-07-01,2024-07-01,,2026-06-30,incheon_elderly | michuhol_elderly | nhis_ltc,국민건강보험공단_장기요양기관 시설별 현황_20260610 | 인천광역시 미추홀구_노인복지시설_20250620 | 인천광역시_노인복지시설 현황_20260630,incheon_elderly_welfare_facilities_20260630.xlsx | michuhol_elderly_welfare_facilities.csv | nhis_long_term_care_facilities_20260610.xlsx,22817700669,3,3,exact_normalized_district_name_address
fac_42ea77b65e17975b,두손모아 재가복지센터,미추홀구,주안동,"인천광역시 미추홀구 인주대로407번길 71, 1층 (주안동)",,노인복지,재가노인복지시설,,,,,37.45465415,126.6818823,2024-04-01,,,2025-06-20,michuhol_elderly,인천광역시 미추홀구_노인복지시설_20250620,michuhol_elderly_welfare_facilities.csv,,1,1,exact_normalized_district_name_address
fac_43a0c278c8a669a2,케어블 커뮤니티케어 인천 미추홀점,미추홀구,숭의동,"인천광역시 미추홀구 경인로 33, 2층 (숭의동, 행복아파트)",032-256-2000,노인복지,재가노인복지시설 | 재가노인복지시설 주야간보호 | 주야간보호,장기요양기관 | 재가복지,36,,11,37.46399176,126.6467421,2023-10-01,2023-10-01,,2026-06-30,incheon_elderly | michuhol_elderly | nhis_ltc,국민건강보험공단_장기요양기관 시설별 현황_20260610 | 인천광역시 미추홀구_노인복지시설_20250620 | 인천광역시_노인복지시설 현황_20260630,incheon_elderly_welfare_facilities_20260630.xlsx | michuhol_elderly_welfare_facilities.csv | nhis_long_term_care_facilities_20260610.xlsx,22817700634,3,3,exact_normalized_district_name_address
fac_4401beefeb2c0601,다조아플러스노인복지센터,미추홀구,주안동,"인천광역시 미추홀구 인주대로 405-1, 2층 (주안동)",,노인복지,재가노인복지시설,,,,,37.451679,126.681714,2025-04-01,,,2025-06-20,michuhol_elderly,인천광역시 미추홀구_노인복지시설_20250620,michuhol_elderly_welfare_facilities.csv,,1,1,exact_normalized_district_name_address
fac_4497e8e6ec847e04,한가족재활요양원,미추홀구,도화동,"인천광역시 미추홀구 수봉북로12번길 28, 1층 (도화동)",032-872-5001,노인복지,노인의료복지시설,,29,,,37.46503188,126.6619557,2023-10-01,,,2025-06-20,michuhol_elderly,인천광역시 미추홀구_노인복지시설_20250620,michuhol_elderly_welfare_facilities.csv,,1,1,exact_normalized_district_name_address
fac_45cfc51f1b664a13,디엠디케이 복지센터,미추홀구,주안동,"인천광역시 미추홀구 구월로37번길 46, 3층 (주안동)",032-428-2004,노인복지,방문간호 | 방문목욕 | 방문요양 | 복지용구 | 재가노인복지시설 | 재가노인복지시설 방문간호 | 재가노인복지시설 방문목욕 | 재가노인복지시설 방문요양 | 재가노인복지시설 복지용구,장기요양기관 | 재가복지,,,160,37.45950428,126.6941699,2023-06-01,2023-06-01,,2026-06-30,incheon_elderly | michuhol_elderly | nhis_ltc,국민건강보험공단_장기요양기관 시설별 현황_20260610 | 인천광역시 미추홀구_노인복지시설_20250620 | 인천광역시_노인복지시설 현황_20260630,incheon_elderly_welfare_facilities_20260630.xlsx | michuhol_elderly_welfare_facilities.csv | nhis_long_term_care_facilities_20260610.xlsx,22817700621,9,3,exact_normalized_district_name_address
fac_46a7124be71215db,나섬재가복지센터,미추홀구,도화동,"인천광역시 미추홀구 염전로128번길 46, 1층 (도화동)",032-766-3178,노인복지,방문요양 | 재가노인복지시설 | 재가노인복지시설 방문요양,장기요양기관 | 재가복지,,,30,37.47807983,126.6555412,2023-03-02,2023-03-02,,2026-06-30,incheon_elderly | michuhol_elderly | nhis_ltc,국민건강보험공단_장기요양기관 시설별 현황_20260610 | 인천광역시 미추홀구_노인복지시설_20250620 | 인천광역시_노인복지시설 현황_20260630,incheon_elderly_welfare_facilities_20260630.xlsx | michuhol_elderly_welfare_facilities.csv | nhis_long_term_care_facilities_20260610.xlsx,22817700612,3,3,exact_normalized_district_name_address
fac_4702e85483ded5be,푸름재가노인복지센터,미추홀구,주안동,"인천광역시 미추홀구 인주대로251번길 76-3, 1층 101호 (주안동, 삼성탑스빌)",032-873-5300,노인복지,방문목욕 | 방문요양 | 재가노인복지시설 | 재가노인복지시설 방문목욕 | 재가노인복지시설 방문요양,장기요양기관 | 재가복지,,,26,37.45463847,126.6681197,2024-08-01,2024-08-01,,2026-06-30,incheon_elderly | michuhol_elderly | nhis_ltc,국민건강보험공단_장기요양기관 시설별 현황_20260610 | 인천광역시 미추홀구_노인복지시설_20250620 | 인천광역시_노인복지시설 현황_20260630,incheon_elderly_welfare_facilities_20260630.xlsx | michuhol_elderly_welfare_facilities.csv | nhis_long_term_care_facilities_20260610.xlsx,22817700670,5,3,exact_normalized_district_name_address
fac_49e32918ad317662,바른방문요양센터,미추홀구,관교동,"인천광역시 미추홀구 주승로 216-14, 102호 (관교동)",032-215-8182,노인복지,방문요양 | 재가노인복지시설 | 재가노인복지시설 방문요양,장기요양기관 | 재가복지,,,40,37.44348982,126.6931266,2023-05-01,2023-05-01,,2026-06-30,incheon_elderly | michuhol_elderly | nhis_ltc,국민건강보험공단_장기요양기관 시설별 현황_20260610 | 인천광역시 미추홀구_노인복지시설_20250620 | 인천광역시_노인복지시설 현황_20260630,incheon_elderly_welfare_facilities_20260630.xlsx | michuhol_elderly_welfare_facilities.csv | nhis_long_term_care_facilities_20260610.xlsx,22817700614,3,3,exact_normalized_district_name_address
fac_49e9832add9f40e8,행복한요양원,미추홀구,주안동,"인천광역시 미추홀구 경원대로 858 (주안동,씨티프라자 7층)",0324356300,노인복지,노인요양시설 | 노인요양시설(개정법) | 노인의료복지시설,의료복지 | 장기요양기관,42,,25,37.4593647,126.6898433,2010-03-01,2010-03-01,,2026-06-30,incheon_elderly | michuhol_elderly | nhis_ltc,국민건강보험공단_장기요양기관 시설별 현황_20260610 | 인천광역시 미추홀구_노인복지시설_20250620 | 인천광역시_노인복지시설 현황_20260630,incheon_elderly_welfare_facilities_20260630.xlsx | michuhol_elderly_welfare_facilities.csv | nhis_long_term_care_facilities_20260610.xlsx,12817000153,3,3,exact_normalized_district_name_address
fac_4d01fcf0a1921b33,해내기주간보호센터,연수구,동춘동,인천광역시 연수구 앵고개로 130(동춘동 산29-1),032-833-3051,장애인복지,장애인 지역사회 재활시설,장애인 지역사회 재활시설,15,15,6,37.412465,126.661116,,1994-07-01,,2026-03-09,yeonsu_disabled,인천광역시 연수구_장애인 복지시설 현황_20260309,yeonsu_disabled_facilities_20260316.csv,,1,1,exact_normalized_district_name_address
fac_4d1e7a7a39f2258f,수정노인복지센터,미추홀구,주안동,"인천광역시 미추홀구 인주대로 405-1, 2층 (주안동)",032-421-1204,노인복지,재가노인복지시설,,,,,37.45152778,126.6817304,2021-02-01,,,2025-06-20,michuhol_elderly,인천광역시 미추홀구_노인복지시설_20250620,michuhol_elderly_welfare_facilities.csv,,1,1,exact_normalized_district_name_address
fac_4e54d98dfec99351,한사랑노인복지센터,미추홀구,주안동,"인천광역시 미추홀구 미추홀대로578번길 26, 1층 (주안동)",032-233-0111,노인복지,방문목욕 | 방문요양 | 재가노인복지시설 | 재가노인복지시설 방문목욕 | 재가노인복지시설 방문요양,장기요양기관 | 재가복지,,,48,37.44876812,126.6812778,2023-06-01,2023-06-01,,2026-06-30,incheon_elderly | michuhol_elderly | nhis_ltc,국민건강보험공단_장기요양기관 시설별 현황_20260610 | 인천광역시 미추홀구_노인복지시설_20250620 | 인천광역시_노인복지시설 현황_20260630,incheon_elderly_welfare_facilities_20260630.xlsx | michuhol_elderly_welfare_facilities.csv | nhis_long_term_care_facilities_20260610.xlsx,22817700622,5,3,exact_normalized_district_name_address
fac_4f56cd27b3611e48,카네이션재가복지센터 (주)카네이션토탈케어,미추홀구,주안동,"인천광역시 미추홀구 주안로 108, 201호 (주안동)",032-425-0707,노인복지,방문목욕 | 방문요양 | 재가노인복지시설 | 재가노인복지시설 방문목욕 | 재가노인복지시설 방문요양,장기요양기관 | 재가복지,,,5,37.46366077,126.6817327,2024-01-01,2024-01-01,,2026-06-30,incheon_elderly | michuhol_elderly | nhis_ltc,국민건강보험공단_장기요양기관 시설별 현황_20260610 | 인천광역시 미추홀구_노인복지시설_20250620 | 인천광역시_노인복지시설 현황_20260630,incheon_elderly_welfare_facilities_20260630.xlsx | michuhol_elderly_welfare_facilities.csv | nhis_long_term_care_facilities_20260610.xlsx,22817700647,5,3,exact_normalized_district_name_address
fac_51bfb7cc2f8bc914,미추홀효요양원,미추홀구,주안동,"인천광역시 미추홀구 경원대로864번길 10, 3층 4층 (주안동)",0324268090,노인복지,노인요양시설 | 노인요양시설(개정법) | 노인의료복지시설,의료복지 | 장기요양기관,45,,29,37.45956503,126.6902005,2019-12-16,2019-12-16,,2026-06-30,incheon_elderly | michuhol_elderly | nhis_ltc,국민건강보험공단_장기요양기관 시설별 현황_20260610 | 인천광역시 미추홀구_노인복지시설_20250620 | 인천광역시_노인복지시설 현황_20260630,incheon_elderly_welfare_facilities_20260630.xlsx | michuhol_elderly_welfare_facilities.csv | nhis_long_term_care_facilities_20260610.xlsx,12817700475,3,3,exact_normalized_district_name_address
fac_524935e11db7507d,인천수봉요양원,미추홀구,도화동,인천광역시 미추홀구 수봉북로 28 (도화동),0322555100,노인복지,노인요양시설 | 노인요양시설(개정법) | 노인의료복지시설,의료복지 | 장기요양기관,99,,66,37.46326625,126.6633084,2022-11-01,2022-11-01,,2026-06-30,incheon_elderly | michuhol_elderly | nhis_ltc,국민건강보험공단_장기요양기관 시설별 현황_20260610 | 인천광역시 미추홀구_노인복지시설_20250620 | 인천광역시_노인복지시설 현황_20260630,incheon_elderly_welfare_facilities_20260630.xlsx | michuhol_elderly_welfare_facilities.csv | nhis_long_term_care_facilities_20260610.xlsx,12817700587,3,3,exact_normalized_district_name_address
fac_5323b8ec713b0dff,세심요양원,미추홀구,도화동,인천광역시 미추홀구 경인로 270-1 (도화동),0324729626,노인복지,노인요양시설 | 노인요양시설(개정법) | 노인의료복지시설,의료복지 | 장기요양기관,95,,61,37.46199148,126.6712693,2016-12-26,2016-12-26,,2026-06-30,incheon_elderly | michuhol_elderly | nhis_ltc,국민건강보험공단_장기요양기관 시설별 현황_20260610 | 인천광역시 미추홀구_노인복지시설_20250620 | 인천광역시_노인복지시설 현황_20260630,incheon_elderly_welfare_facilities_20260630.xlsx | michuhol_elderly_welfare_facilities.csv | nhis_long_term_care_facilities_20260610.xlsx,12817000341,3,3,exact_normalized_district_name_address
fac_540ef17594566097,봄날재가복지센터,미추홀구,학익동,"인천광역시 미추홀구 소성로 173, 203호 (학익동)",032-241-8892,노인복지,재가노인복지시설,,,,,37.441952,126.667779,2025-02-01,,,2025-06-20,michuhol_elderly,인천광역시 미추홀구_노인복지시설_20250620,michuhol_elderly_welfare_facilities.csv,,1,1,exact_normalized_district_name_address
fac_5580bc1f5569f989,우슬재가노인복지센터,미추홀구,주안동,"인천광역시 미추홀구 미추홀대로586번길 51, 1층 (주안동)",032-426-0929,노인복지,방문요양 | 재가노인복지시설 | 재가노인복지시설 방문요양,장기요양기관 | 재가복지,,,3,37.4494451,126.682773,2024-05-01,2024-05-01,,2026-06-30,incheon_elderly | michuhol_elderly | nhis_ltc,국민건강보험공단_장기요양기관 시설별 현황_20260610 | 인천광역시 미추홀구_노인복지시설_20250620 | 인천광역시_노인복지시설 현황_20260630,incheon_elderly_welfare_facilities_20260630.xlsx | michuhol_elderly_welfare_facilities.csv | nhis_long_term_care_facilities_20260610.xlsx,22817700662,3,3,exact_normalized_district_name_address
fac_558d90ad1a225339,가연노인복지센터,미추홀구,숭의동,"인천광역시 미추홀구 미추로 62, 3층 (숭의동)",032-428-0529,노인복지,재가노인복지시설,,,,,37.46540496,126.645858,2020-08-03,,,2025-06-20,michuhol_elderly,인천광역시 미추홀구_노인복지시설_20250620,michuhol_elderly_welfare_facilities.csv,,1,1,exact_normalized_district_name_address
fac_5600c0e5f72a41ff,온누리참빛종합재가노인복지센터,미추홀구,숭의동,"인천광역시 미추홀구 경인로 120, 2층 19-1호 (숭의동)",032-432-5107,노인복지,재가노인복지시설,,,,,37.460793,126.658197,2025-04-01,,,2025-06-20,michuhol_elderly,인천광역시 미추홀구_노인복지시설_20250620,michuhol_elderly_welfare_facilities.csv,,1,1,exact_normalized_district_name_address
fac_56f63cf762e0a4a7,태양노인주야간보호센터,미추홀구,숭의동,"인천광역시 미추홀구 독배로 494, 2층 (숭의동)",032-886-5006,노인복지,재가노인복지시설,,70,,,37.46173239,126.6443383,2021-04-01,,,2025-06-20,michuhol_elderly,인천광역시 미추홀구_노인복지시설_20250620,michuhol_elderly_welfare_facilities.csv,,1,1,exact_normalized_district_name_address
fac_5797d05251174dc0,행복재가노인복지센터,미추홀구,학익동,"인천광역시 미추홀구 소성로 173, 203호 (학익동)",032-872-2006,노인복지,방문목욕 | 방문요양 | 재가노인복지시설 | 재가노인복지시설 방문목욕 | 재가노인복지시설 방문요양,장기요양기관 | 재가복지,,,16,37.44170403,126.6677391,2020-11-18,2020-11-18,,2026-06-30,incheon_elderly | michuhol_elderly | nhis_ltc,국민건강보험공단_장기요양기관 시설별 현황_20260610 | 인천광역시 미추홀구_노인복지시설_20250620 | 인천광역시_노인복지시설 현황_20260630,incheon_elderly_welfare_facilities_20260630.xlsx | michuhol_elderly_welfare_facilities.csv | nhis_long_term_care_facilities_20260610.xlsx,22817700498,5,3,exact_normalized_district_name_address
fac_599dbe6a11a1466e,희망나눔재가노인복지센터,미추홀구,용현동,"인천광역시 미추홀구 토금중로40번길 25, 2층 (용현동)",032-885-8319,노인복지,방문목욕 | 방문요양 | 재가노인복지시설 | 재가노인복지시설 방문목욕 | 재가노인복지시설 방문요양,장기요양기관 | 재가복지,,,9,37.45158148,126.6370845,2021-12-01,2021-12-01,,2026-06-30,incheon_elderly | michuhol_elderly | nhis_ltc,국민건강보험공단_장기요양기관 시설별 현황_20260610 | 인천광역시 미추홀구_노인복지시설_20250620 | 인천광역시_노인복지시설 현황_20260630,incheon_elderly_welfare_facilities_20260630.xlsx | michuhol_elderly_welfare_facilities.csv | nhis_long_term_care_facilities_20260610.xlsx,22817700546,5,3,exact_normalized_district_name_address
fac_5a18fe51dee080de,더나은재가복지센터,미추홀구,학익동,"인천광역시 미추홀구 주승로 22, 106호 (학익동, 정진프라자)",032-562-9832,노인복지,재가노인복지시설,,,,,37.44365373,126.6727799,2021-09-01,,,2025-06-20,michuhol_elderly,인천광역시 미추홀구_노인복지시설_20250620,michuhol_elderly_welfare_facilities.csv,,1,1,exact_normalized_district_name_address
fac_5a4f7bc4390fe216,평화의집,연수구,선학동,인천광역시 연수구 경원대로 588번길 5(선학동 33-6),032-427-4145,장애인복지,장애인 거주시설,장애인 거주시설,12,10,5,37.436514,126.69696,,2006-09-06,,2026-03-09,yeonsu_disabled,인천광역시 연수구_장애인 복지시설 현황_20260309,yeonsu_disabled_facilities_20260316.csv,,1,1,exact_normalized_district_name_address
fac_5ac563f71d386060,The 숲 요양원,미추홀구,숭의동,인천광역시 미추홀구 미추로 53 (숭의동),0327100086,노인복지,노인요양시설 | 노인요양시설(개정법) | 노인의료복지시설,의료복지 | 장기요양기관,49,,29,37.46466676,126.6457359,2021-08-01,2021-08-01,,2026-06-30,incheon_elderly | michuhol_elderly | nhis_ltc,국민건강보험공단_장기요양기관 시설별 현황_20260610 | 인천광역시 미추홀구_노인복지시설_20250620 | 인천광역시_노인복지시설 현황_20260630,incheon_elderly_welfare_facilities_20260630.xlsx | michuhol_elderly_welfare_facilities.csv | nhis_long_term_care_facilities_20260610.xlsx,12817700523,3,3,exact_normalized_district_name_address
fac_5b40004ebc7ddf75,가히노인복지센터,미추홀구,주안동,"인천광역시 미추홀구 인하로298번길 29, 상가동 203호 (주안동)",032-424-2022,노인복지,방문목욕 | 방문요양 | 재가노인복지시설 | 재가노인복지시설 방문목욕 | 재가노인복지시설 방문요양,장기요양기관 | 재가복지,,,23,37.44660848,126.6814752,2022-08-01,2022-08-01,,2026-06-30,incheon_elderly | michuhol_elderly | nhis_ltc,국민건강보험공단_장기요양기관 시설별 현황_20260610 | 인천광역시 미추홀구_노인복지시설_20250620 | 인천광역시_노인복지시설 현황_20260630,incheon_elderly_welfare_facilities_20260630.xlsx | michuhol_elderly_welfare_facilities.csv | nhis_long_term_care_facilities_20260610.xlsx,22817700574,5,3,exact_normalized_district_name_address
fac_5b6de25e64afd983,수 재가복지센터,미추홀구,학익동,"인천광역시 미추홀구 재넘이길9번길 61, 1층 (학익동)",032-710-3652,노인복지,방문요양 | 재가노인복지시설 | 재가노인복지시설 방문요양,장기요양기관 | 재가복지,,,33,37.4446338,126.6648821,2024-05-01,2024-05-01,,2026-06-30,incheon_elderly | michuhol_elderly | nhis_ltc,국민건강보험공단_장기요양기관 시설별 현황_20260610 | 인천광역시 미추홀구_노인복지시설_20250620 | 인천광역시_노인복지시설 현황_20260630,incheon_elderly_welfare_facilities_20260630.xlsx | michuhol_elderly_welfare_facilities.csv | nhis_long_term_care_facilities_20260610.xlsx,22817700660,3,3,exact_normalized_district_name_address
fac_5c88108c446d76c5,예사랑재가노인복지센터,미추홀구,문학동,"인천광역시 미추홀구 매소홀로535번길 8-1, 102호 (문학동)",032-433-7934,노인복지,방문간호 | 방문목욕 | 방문요양 | 재가노인복지시설 | 재가노인복지시설 방문간호 | 재가노인복지시설 방문목욕 | 재가노인복지시설 방문요양,장기요양기관 | 재가복지,,,24,37.43922991,126.681374,2020-12-29,2020-12-29,,2026-06-30,incheon_elderly | michuhol_elderly | nhis_ltc,국민건강보험공단_장기요양기관 시설별 현황_20260610 | 인천광역시 미추홀구_노인복지시설_20250620 | 인천광역시_노인복지시설 현황_20260630,incheon_elderly_welfare_facilities_20260630.xlsx | michuhol_elderly_welfare_facilities.csv | nhis_long_term_care_facilities_20260610.xlsx,22817700505,7,3,exact_normalized_district_name_address
fac_5d62e98eaf7822a4,경인의료재활센터병원,연수구,연수동,인천광역시 연수구 원인재로 263(연수동 220),032-899-4000,장애인복지,장애인 의료재활시설,장애인 의료재활시설,150,0,113,37.418596,126.688837,,2010-11-22,,2026-03-09,yeonsu_disabled,인천광역시 연수구_장애인 복지시설 현황_20260309,yeonsu_disabled_facilities_20260316.csv,,1,1,exact_normalized_district_name_address
fac_5d7be6382134eb7f,사랑나눔주간보호센터,연수구,선학동,인천광역시 연수구 선학2로 13 선학시영 상가내 (선학동 347),032-818-2075,장애인복지,장애인 지역사회 재활시설,장애인 지역사회 재활시설,12,11,5,37.43338,126.698362,,2006-03-17,,2026-03-09,yeonsu_disabled,인천광역시 연수구_장애인 복지시설 현황_20260309,yeonsu_disabled_facilities_20260316.csv,,1,1,exact_normalized_district_name_address
fac_5e339fb1b9a953b6,성심요양원,미추홀구,주안동,"인천광역시 미추홀구 미추홀대로657번길 1, 2층 (주안동)",032-872-9248,노인복지,노인의료복지시설,,46,,,37.4560139,126.6797616,2019-05-21,,,2025-06-20,michuhol_elderly,인천광역시 미추홀구_노인복지시설_20250620,michuhol_elderly_welfare_facilities.csv,,1,1,exact_normalized_district_name_address
fac_5e9561311140876b,미추홀돌봄의집,미추홀구,숭의동,"인천광역시 미추홀구 경인로34번길 20, 6층 (숭의동)",032-883-0310,노인복지,재가노인복지시설,,48,,,37.46303566,126.6472695,2022-08-01,,,2025-06-20,michuhol_elderly,인천광역시 미추홀구_노인복지시설_20250620,michuhol_elderly_welfare_facilities.csv,,1,1,exact_normalized_district_name_address
fac_5eb1e759fe788b61,가은재가복지센터,미추홀구,주안동,"인천광역시 미추홀구 경인로 372 (주안동, 아인애비뉴 2층 2150호)",032-721-5000,노인복지,재가노인복지시설 | 재가노인복지시설 방문간호 | 재가노인복지시설 방문목욕 | 재가노인복지시설 방문요양,장기요양기관,,,98,37.4580182,126.6811632,2023-05-01,2023-05-01,,2026-06-10,michuhol_elderly | nhis_ltc,국민건강보험공단_장기요양기관 시설별 현황_20260610 | 인천광역시 미추홀구_노인복지시설_20250620,michuhol_elderly_welfare_facilities.csv | nhis_long_term_care_facilities_20260610.xlsx,22817700617,4,2,exact_normalized_district_name_address
fac_5eee7bdd74f7e656,행복드림 어르신주야간보호센터,미추홀구,주안동,"인천광역시 미추홀구 주안로 86, 301호 (주안동, 우신빌딩)",032-866-9797,노인복지,재가노인복지시설 | 재가노인복지시설 주야간보호 | 주야간보호,장기요양기관 | 재가복지,55,,14,37.46385022,126.6792217,2023-01-16,2023-01-16,,2026-06-30,incheon_elderly | michuhol_elderly | nhis_ltc,국민건강보험공단_장기요양기관 시설별 현황_20260610 | 인천광역시 미추홀구_노인복지시설_20250620 | 인천광역시_노인복지시설 현황_20260630,incheon_elderly_welfare_facilities_20260630.xlsx | michuhol_elderly_welfare_facilities.csv | nhis_long_term_care_facilities_20260610.xlsx,22817700606,3,3,exact_normalized_district_name_address
fac_5fc61a1ace47587e,동심원,연수구,동춘동,인천광역시 연수구 봉재산로 68(동춘동 325-4),032-818-4737,장애인복지,장애인 거주시설,장애인 거주시설,50,31,30,37.406015,126.665079,,2001-02-05,,2026-03-09,yeonsu_disabled,인천광역시 연수구_장애인 복지시설 현황_20260309,yeonsu_disabled_facilities_20260316.csv,,1,1,exact_normalized_district_name_address
fac_603004a394153385,인천간호센터,미추홀구,숭의동,"인천광역시 미추홀구 석정로 6, 2층 (숭의동, 인천한방병원)",032-554-7582,노인복지,재가노인복지시설,,,,,37.46028518,126.6420936,2023-01-02,,,2025-06-20,michuhol_elderly,인천광역시 미추홀구_노인복지시설_20250620,michuhol_elderly_welfare_facilities.csv,,1,1,exact_normalized_district_name_address
fac_63121372fe7705b9,인천은혜요양원,미추홀구,주안동,인천광역시 미추홀구 길파로29번길 53 (주안동),0328687076,노인복지,노인요양시설 | 노인요양시설(개정법) | 노인의료복지시설,의료복지 | 장기요양기관,61,,39,37.46871997,126.6766709,2008-05-30,2006-09-01,,2026-06-30,incheon_elderly | michuhol_elderly | nhis_ltc,국민건강보험공단_장기요양기관 시설별 현황_20260610 | 인천광역시 미추홀구_노인복지시설_20250620 | 인천광역시_노인복지시설 현황_20260630,incheon_elderly_welfare_facilities_20260630.xlsx | michuhol_elderly_welfare_facilities.csv | nhis_long_term_care_facilities_20260610.xlsx,12817000004,3,3,exact_normalized_district_name_address
fac_63167f9304aafbcc,연세재활주야간보호센터,미추홀구,주안동,"인천광역시 미추홀구 구월로 17, 8층(주안동)",032-433-7001,노인복지,재가노인복지시설 | 재가노인복지시설 주야간보호 | 주야간보호,장기요양기관 | 재가복지,72,,10,37.45798834,126.6923315,2019-10-14,2019-10-14,,2026-06-30,incheon_elderly | michuhol_elderly | nhis_ltc,국민건강보험공단_장기요양기관 시설별 현황_20260610 | 인천광역시 미추홀구_노인복지시설_20250620 | 인천광역시_노인복지시설 현황_20260630,incheon_elderly_welfare_facilities_20260630.xlsx | michuhol_elderly_welfare_facilities.csv | nhis_long_term_care_facilities_20260610.xlsx,22817700448,3,3,exact_normalized_district_name_address
fac_65d91d1cd9322772,삼성한가족복지센터,미추홀구,용현동,인천광역시 미추홀구 한나루로501번길 15 (용현동),032-866-1977,노인복지,재가노인복지시설,,,,,37.451983,126.666376,2025-04-01,,,2025-06-20,michuhol_elderly,인천광역시 미추홀구_노인복지시설_20250620,michuhol_elderly_welfare_facilities.csv,,1,1,exact_normalized_district_name_address
fac_669a05cf2fe85257,예사랑요양원,미추홀구,숭의동,인천광역시 미추홀구 미추로 1 (숭의동),0328838511,노인복지,노인요양시설 | 노인요양시설(개정법) | 노인의료복지시설,의료복지 | 장기요양기관,55,,35,37.46030261,126.6478681,2015-12-01,2015-12-01,,2026-06-30,incheon_elderly | michuhol_elderly | nhis_ltc,국민건강보험공단_장기요양기관 시설별 현황_20260610 | 인천광역시 미추홀구_노인복지시설_20250620 | 인천광역시_노인복지시설 현황_20260630,incheon_elderly_welfare_facilities_20260630.xlsx | michuhol_elderly_welfare_facilities.csv | nhis_long_term_care_facilities_20260610.xlsx,12817000302,3,3,exact_normalized_district_name_address
fac_66fc9e2ee4d8f142,사랑드림노인복지센터,미추홀구,주안동,"인천광역시 미추홀구 한나루로 548-1, A동 1층 (주안동)",032-865-0008,노인복지,방문목욕 | 방문요양 | 재가노인복지시설 | 재가노인복지시설 방문목욕 | 재가노인복지시설 방문요양,장기요양기관 | 재가복지,,,35,37.45528619,126.6701092,2020-07-20,2020-07-20,,2026-06-30,incheon_elderly | michuhol_elderly | nhis_ltc,국민건강보험공단_장기요양기관 시설별 현황_20260610 | 인천광역시 미추홀구_노인복지시설_20250620 | 인천광역시_노인복지시설 현황_20260630,incheon_elderly_welfare_facilities_20260630.xlsx | michuhol_elderly_welfare_facilities.csv | nhis_long_term_care_facilities_20260610.xlsx,22817700494,5,3,exact_normalized_district_name_address
fac_6856c77a782e154e,하임재가복지센터,미추홀구,관교동,"인천광역시 미추홀구 인하로406번길 30, 1층 102호 (관교동)",032-429-8090,노인복지,방문목욕 | 방문요양 | 재가노인복지시설 | 재가노인복지시설 방문목욕 | 재가노인복지시설 방문요양,장기요양기관 | 재가복지,,,44,37.44606855,126.6917229,2022-04-01,2022-04-01,,2026-06-30,incheon_elderly | michuhol_elderly | nhis_ltc,국민건강보험공단_장기요양기관 시설별 현황_20260610 | 인천광역시 미추홀구_노인복지시설_20250620 | 인천광역시_노인복지시설 현황_20260630,incheon_elderly_welfare_facilities_20260630.xlsx | michuhol_elderly_welfare_facilities.csv | nhis_long_term_care_facilities_20260610.xlsx,22817700563,5,3,exact_normalized_district_name_address
fac_68f77f10050b9591,연수허브주간보호센터,연수구,선학동,인천광역시 연수구 선학2로 13 선학시영 상가내 (선학동 347),032-817-2091,장애인복지,장애인 지역사회 재활시설,장애인 지역사회 재활시설,16,15,6,37.43338,126.698362,,2000-09-28,,2026-03-09,yeonsu_disabled,인천광역시 연수구_장애인 복지시설 현황_20260309,yeonsu_disabled_facilities_20260316.csv,,1,1,exact_normalized_district_name_address
fac_691031f7d35dcdbb,시잡인재가복지센터,미추홀구,주안동,인천광역시 미추홀구 인하로 385 (주안동),032-441-8361,노인복지,방문요양 | 재가노인복지시설 | 재가노인복지시설 방문요양,장기요양기관 | 재가복지,,,34,37.44832667,126.6911718,2021-03-01,2021-03-01,,2026-06-30,incheon_elderly | michuhol_elderly | nhis_ltc,국민건강보험공단_장기요양기관 시설별 현황_20260610 | 인천광역시 미추홀구_노인복지시설_20250620 | 인천광역시_노인복지시설 현황_20260630,incheon_elderly_welfare_facilities_20260630.xlsx | michuhol_elderly_welfare_facilities.csv | nhis_long_term_care_facilities_20260610.xlsx,22817700512,3,3,exact_normalized_district_name_address
fac_6ae9eb8af769688e,이레재가노인복지센터,미추홀구,학익동,"인천광역시 미추홀구 학익소로 55, 2층 202호 (학익동, 청솔빌딩)",032-887-8583,노인복지,재가노인복지시설,,,,,37.442943,126.670564,2025-06-01,,,2025-06-20,michuhol_elderly,인천광역시 미추홀구_노인복지시설_20250620,michuhol_elderly_welfare_facilities.csv,,1,1,exact_normalized_district_name_address
fac_72d523b0046fbbce,고은재가복지센터,미추홀구,숭의동,"인천광역시 미추홀구 경인로 120, 2층 19-1호 (숭의동)",032-872-8999,노인복지,방문목욕 | 방문요양 | 재가노인복지시설 | 재가노인복지시설 방문목욕 | 재가노인복지시설 방문요양,장기요양기관 | 재가복지,,,56,37.46593362,126.6559052,2021-01-01,2021-01-01,,2026-06-30,incheon_elderly | michuhol_elderly | nhis_ltc,국민건강보험공단_장기요양기관 시설별 현황_20260610 | 인천광역시 미추홀구_노인복지시설_20250620 | 인천광역시_노인복지시설 현황_20260630,incheon_elderly_welfare_facilities_20260630.xlsx | michuhol_elderly_welfare_facilities.csv | nhis_long_term_care_facilities_20260610.xlsx,22817700504,5,3,exact_normalized_district_name_address
fac_7317fa6b20534c38,대교뉴이프 데이케어센터 인천미추홀센터,미추홀구,학익동,"인천광역시 미추홀구 매소홀로 442, 2층 (학익동, 인천향교회관)",032-861-9114,노인복지,방문요양 | 재가노인복지시설 | 재가노인복지시설 방문요양 | 재가노인복지시설 주야간보호 | 주야간보호,장기요양기관 | 재가복지,35,,9,37.43953362,126.6710362,2023-12-01,2023-12-01,,2026-06-30,incheon_elderly | michuhol_elderly | nhis_ltc,국민건강보험공단_장기요양기관 시설별 현황_20260610 | 인천광역시 미추홀구_노인복지시설_20250620 | 인천광역시_노인복지시설 현황_20260630,incheon_elderly_welfare_facilities_20260630.xlsx | michuhol_elderly_welfare_facilities.csv | nhis_long_term_care_facilities_20260610.xlsx,22817700643,5,3,exact_normalized_district_name_address
fac_73e927bfed2779cc,평화노인복지센터,미추홀구,주안동,"인천광역시 미추홀구 주안로 40, 201호 (주안동, 앙상블1차)",032-421-2228,노인복지,방문목욕 | 방문요양 | 재가노인복지시설 | 재가노인복지시설 방문목욕 | 재가노인복지시설 방문요양,장기요양기관 | 재가복지,,,19,37.46397482,126.6740162,2022-12-12,2022-12-12,,2026-06-30,incheon_elderly | michuhol_elderly | nhis_ltc,국민건강보험공단_장기요양기관 시설별 현황_20260610 | 인천광역시 미추홀구_노인복지시설_20250620 | 인천광역시_노인복지시설 현황_20260630,incheon_elderly_welfare_facilities_20260630.xlsx | michuhol_elderly_welfare_facilities.csv | nhis_long_term_care_facilities_20260610.xlsx,22817700600,5,3,exact_normalized_district_name_address
fac_7826a181767baacb,라라요양원,미추홀구,관교동,인천광역시 미추홀구 경원대로652번길 19-15 (관교동),0327217753,노인복지,노인요양시설 | 노인요양시설(개정법) | 노인의료복지시설,의료복지 | 장기요양기관,60,,30,37.44210368,126.6939521,2021-12-01,2021-12-01,,2026-06-30,incheon_elderly | michuhol_elderly | nhis_ltc,국민건강보험공단_장기요양기관 시설별 현황_20260610 | 인천광역시 미추홀구_노인복지시설_20250620 | 인천광역시_노인복지시설 현황_20260630,incheon_elderly_welfare_facilities_20260630.xlsx | michuhol_elderly_welfare_facilities.csv | nhis_long_term_care_facilities_20260610.xlsx,12817700543,3,3,exact_normalized_district_name_address
fac_7b37d73fccb216f2,미추홀늘푸른요양원,미추홀구,용현동,"인천광역시 미추홀구 토금중로40번길 25, 2층 (용현동)",032-423-8870,노인복지,노인의료복지시설,,29,,,37.45175,126.637072,2024-12-01,,,2025-06-20,michuhol_elderly,인천광역시 미추홀구_노인복지시설_20250620,michuhol_elderly_welfare_facilities.csv,,1,1,exact_normalized_district_name_address
fac_7c2d27327d615ed6,가희노인복지센터,미추홀구,문학동,"인천광역시 미추홀구 문학길 38, 101호 (문학동, 대산주택)",032-213-2405,노인복지,재가노인복지시설,,,,,37.43683555,126.680969,2022-01-01,,,2025-06-20,michuhol_elderly,인천광역시 미추홀구_노인복지시설_20250620,michuhol_elderly_welfare_facilities.csv,,1,1,exact_normalized_district_name_address
fac_7c9c84f0e0cd28f8,시온재가장기요양센터,미추홀구,주안동,"인천광역시 미추홀구 동주길67번길 8-2, 1층 101호 (주안동)",032-246-5007,노인복지,방문목욕 | 방문요양 | 재가노인복지시설 | 재가노인복지시설 방문목욕 | 재가노인복지시설 방문요양,장기요양기관 | 재가복지,,,27,37.45448918,126.6844036,2023-06-01,2023-06-01,,2026-06-30,incheon_elderly | michuhol_elderly | nhis_ltc,국민건강보험공단_장기요양기관 시설별 현황_20260610 | 인천광역시 미추홀구_노인복지시설_20250620 | 인천광역시_노인복지시설 현황_20260630,incheon_elderly_welfare_facilities_20260630.xlsx | michuhol_elderly_welfare_facilities.csv | nhis_long_term_care_facilities_20260610.xlsx,22817700623,5,3,exact_normalized_district_name_address
fac_7d9cf19625719e0d,함께가는재가복지센터,미추홀구,주안동,"인천광역시 미추홀구 미추홀대로614번길 3, 5층 (주안동, 씨티프라자)",032-872-1979,노인복지,재가노인복지시설,,,,,37.452445,126.680185,2024-10-01,,,2025-06-20,michuhol_elderly,인천광역시 미추홀구_노인복지시설_20250620,michuhol_elderly_welfare_facilities.csv,,1,1,exact_normalized_district_name_address
fac_7ddf63f6a301cc12,백세재가복지센터,미추홀구,주안동,"인천광역시 미추홀구 인주대로408번길 16, 1층 (주안동)",032-244-1003,노인복지,방문목욕 | 방문요양 | 재가노인복지시설 | 재가노인복지시설 방문목욕 | 재가노인복지시설 방문요양,장기요양기관 | 재가복지,,,25,37.45042534,126.6816113,2024-05-01,2024-05-01,,2026-06-30,incheon_elderly | michuhol_elderly | nhis_ltc,국민건강보험공단_장기요양기관 시설별 현황_20260610 | 인천광역시 미추홀구_노인복지시설_20250620 | 인천광역시_노인복지시설 현황_20260630,incheon_elderly_welfare_facilities_20260630.xlsx | michuhol_elderly_welfare_facilities.csv | nhis_long_term_care_facilities_20260610.xlsx,22817700658,5,3,exact_normalized_district_name_address
fac_7eb65138a7189e74,인천재가노인지원서비스센터,미추홀구,학익동,인천광역시 미추홀구 매소홀로386번길 32 (학익동),032-872-9088,노인복지,방문요양 | 재가노인복지시설 | 재가노인복지시설 방문요양 | 재가노인지원서비스,이용 | 장기요양기관 | 재가복지,,,3,37.43863229,126.6645458,2008-06-02,2008-05-23,,2026-06-30,incheon_elderly | incheon_welfare | michuhol_elderly | nhis_ltc,국민건강보험공단_장기요양기관 시설별 현황_20260610 | 인천광역시 미추홀구_노인복지시설_20250620 | 인천광역시_노인복지시설 현황_20260630 | 인천광역시_사회복지시설 현황_20250131,incheon_elderly_welfare_facilities_20260630.xlsx | incheon_welfare_facilities_20250131.csv | michuhol_elderly_welfare_facilities.csv | nhis_long_term_care_facilities_20260610.xlsx,22817000013,5,4,exact_normalized_district_name_address
fac_811fdc20579021e6,가람노인복지센터,미추홀구,용현동,"인천광역시 미추홀구 인주대로266번길 28-6, 101호 (용현동)",032-876-7898,노인복지,방문목욕 | 방문요양 | 재가노인복지시설 | 재가노인복지시설 방문목욕 | 재가노인복지시설 방문요양,장기요양기관 | 재가복지,,,20,37.45167033,126.665169,2022-11-01,2022-11-01,,2026-06-30,incheon_elderly | michuhol_elderly | nhis_ltc,국민건강보험공단_장기요양기관 시설별 현황_20260610 | 인천광역시 미추홀구_노인복지시설_20250620 | 인천광역시_노인복지시설 현황_20260630,incheon_elderly_welfare_facilities_20260630.xlsx | michuhol_elderly_welfare_facilities.csv | nhis_long_term_care_facilities_20260610.xlsx,22817700592,5,3,exact_normalized_district_name_address
fac_8146c7c97eef8dc7,신경인재활주간보호센터,미추홀구,주안동,"인천광역시 미추홀구 경원대로 865, 메디프렌드 주안센터동 4층 (주안동)",032-433-3457,노인복지,재가노인복지시설,,44,,,37.46005415,126.6891204,2021-01-01,,,2025-06-20,michuhol_elderly,인천광역시 미추홀구_노인복지시설_20250620,michuhol_elderly_welfare_facilities.csv,,1,1,exact_normalized_district_name_address
fac_844f742e665559ec,돌보미재가복지센터,미추홀구,주안동,"인천광역시 미추홀구 경원대로 890, B11호 (주안동, 보미 리즌빌)",032-715-8428,노인복지,방문목욕 | 방문요양 | 재가노인복지시설 | 재가노인복지시설 방문목욕 | 재가노인복지시설 방문요양,장기요양기관 | 재가복지,,,47,37.46215949,126.6902375,2022-09-01,2022-09-01,,2026-06-30,incheon_elderly | michuhol_elderly | nhis_ltc,국민건강보험공단_장기요양기관 시설별 현황_20260610 | 인천광역시 미추홀구_노인복지시설_20250620 | 인천광역시_노인복지시설 현황_20260630,incheon_elderly_welfare_facilities_20260630.xlsx | michuhol_elderly_welfare_facilities.csv | nhis_long_term_care_facilities_20260610.xlsx,22817700581,5,3,exact_normalized_district_name_address
fac_846c3cff6211c663,미추홀구 구립 치매전담형 주간보호센터 미추홀돌봄의집,미추홀구,숭의동,"인천광역시 미추홀구 독배로 443, 2층 280호 (숭의동, 삼화복합빌딩)",032-883-0310,노인복지,재가노인복지시설,,48,,,37.464582,126.658705,2022-08-01,,,2025-06-20,michuhol_elderly,인천광역시 미추홀구_노인복지시설_20250620,michuhol_elderly_welfare_facilities.csv,,1,1,exact_normalized_district_name_address
fac_89a56843e4d5f311,그린1요양원,미추홀구,주안동,"인천광역시 미추홀구 주안로213번길 10-1, 6층 (주안동)",0324229114,노인복지,노인요양공동생활가정 | 노인의료복지시설,의료복지 | 장기요양기관,9,,6,37.46388213,126.6939349,2025-11-01,2025-11-01,,2026-06-30,incheon_elderly | michuhol_elderly | nhis_ltc,국민건강보험공단_장기요양기관 시설별 현황_20260610 | 인천광역시 미추홀구_노인복지시설_20250620 | 인천광역시_노인복지시설 현황_20260630,incheon_elderly_welfare_facilities_20260630.xlsx | michuhol_elderly_welfare_facilities.csv | nhis_long_term_care_facilities_20260610.xlsx,12817700720,3,3,exact_normalized_district_name_address
fac_8b102aefab59b643,가람요양원,미추홀구,용현동,"인천광역시 미추홀구 매소홀로 81-1, 6층 (용현동)",0328866700,노인복지,노인요양공동생활가정 | 노인의료복지시설,의료복지 | 장기요양기관,9,,6,37.4491909,126.6347668,2024-04-01,2024-04-01,,2026-06-30,incheon_elderly | michuhol_elderly | nhis_ltc,국민건강보험공단_장기요양기관 시설별 현황_20260610 | 인천광역시 미추홀구_노인복지시설_20250620 | 인천광역시_노인복지시설 현황_20260630,incheon_elderly_welfare_facilities_20260630.xlsx | michuhol_elderly_welfare_facilities.csv | nhis_long_term_care_facilities_20260610.xlsx,12817700657,3,3,exact_normalized_district_name_address
fac_8b2e8f1d39c028a8,생명수요양원,미추홀구,주안동,인천광역시 미추홀구 인하로 193 (주안동),0328747070,노인복지,노인요양시설 | 노인요양시설(개정법) | 노인의료복지시설,의료복지 | 장기요양기관,41,,25,37.4489507,126.6694842,2019-09-23,2019-09-23,,2026-06-30,incheon_elderly | michuhol_elderly | nhis_ltc,국민건강보험공단_장기요양기관 시설별 현황_20260610 | 인천광역시 미추홀구_노인복지시설_20250620 | 인천광역시_노인복지시설 현황_20260630,incheon_elderly_welfare_facilities_20260630.xlsx | michuhol_elderly_welfare_facilities.csv | nhis_long_term_care_facilities_20260610.xlsx,12817700443,3,3,exact_normalized_district_name_address
fac_8b4a53bb34027cc6,행복플러스방문요양센터,미추홀구,숭의동,"인천광역시 미추홀구 독배로 494, 2~3층 (숭의동)",032-888-0045,노인복지,재가노인복지시설,,,,,37.46195,126.644321,2025-05-01,,,2025-06-20,michuhol_elderly,인천광역시 미추홀구_노인복지시설_20250620,michuhol_elderly_welfare_facilities.csv,,1,1,exact_normalized_district_name_address
fac_8c2932e1c7a842cd,해피하우스요양원,미추홀구,학익동,"인천광역시 미추홀구 학익소로61번길 21-11, 2층 (학익동)",0328768899,노인복지,노인요양시설 | 노인요양시설(개정법) | 노인의료복지시설,의료복지 | 장기요양기관,25,,16,37.44298848,126.6711091,2021-06-01,2021-06-01,,2026-06-30,incheon_elderly | michuhol_elderly | nhis_ltc,국민건강보험공단_장기요양기관 시설별 현황_20260610 | 인천광역시 미추홀구_노인복지시설_20250620 | 인천광역시_노인복지시설 현황_20260630,incheon_elderly_welfare_facilities_20260630.xlsx | michuhol_elderly_welfare_facilities.csv | nhis_long_term_care_facilities_20260610.xlsx,12817700517,3,3,exact_normalized_district_name_address
fac_8e0b137e287d05ce,소망재가노인복지센터,미추홀구,도화동,"인천광역시 미추홀구 연송로86번길 64-14, 102호 (도화동)",032-777-8808,노인복지,방문목욕 | 방문요양 | 재가노인복지시설 | 재가노인복지시설 방문목욕 | 재가노인복지시설 방문요양,장기요양기관 | 재가복지,,,2,37.47789327,126.6551518,2021-04-01,2021-04-01,,2026-06-30,incheon_elderly | michuhol_elderly | nhis_ltc,국민건강보험공단_장기요양기관 시설별 현황_20260610 | 인천광역시 미추홀구_노인복지시설_20250620 | 인천광역시_노인복지시설 현황_20260630,incheon_elderly_welfare_facilities_20260630.xlsx | michuhol_elderly_welfare_facilities.csv | nhis_long_term_care_facilities_20260610.xlsx,22817700513,5,3,exact_normalized_district_name_address
fac_8ea91d14e673acf2,진요양원,미추홀구,학익동,"인천광역시 미추홀구 학익소로 67, 7층 (학익동, 신세계빌딩)",0328649902,노인복지,노인요양공동생활가정 | 노인의료복지시설,의료복지 | 장기요양기관,9,,8,37.44171042,126.6707648,2021-11-05,2021-11-05,,2026-06-30,incheon_elderly | michuhol_elderly | nhis_ltc,국민건강보험공단_장기요양기관 시설별 현황_20260610 | 인천광역시 미추홀구_노인복지시설_20250620 | 인천광역시_노인복지시설 현황_20260630,incheon_elderly_welfare_facilities_20260630.xlsx | michuhol_elderly_welfare_facilities.csv | nhis_long_term_care_facilities_20260610.xlsx,12817700537,3,3,exact_normalized_district_name_address
fac_8f71a1695805167f,인화 재가노인복지센터,미추홀구,용현동,"인천광역시 미추홀구 인주대로252번길 28, 102호 (용현동)",032-861-3390,노인복지,방문목욕 | 방문요양 | 재가노인복지시설 | 재가노인복지시설 방문목욕 | 재가노인복지시설 방문요양,장기요양기관 | 재가복지,,,104,37.45198638,126.6637945,2022-12-01,2022-12-01,,2026-06-30,incheon_elderly | michuhol_elderly | nhis_ltc,국민건강보험공단_장기요양기관 시설별 현황_20260610 | 인천광역시 미추홀구_노인복지시설_20250620 | 인천광역시_노인복지시설 현황_20260630,incheon_elderly_welfare_facilities_20260630.xlsx | michuhol_elderly_welfare_facilities.csv | nhis_long_term_care_facilities_20260610.xlsx,22817700594,5,3,exact_normalized_district_name_address
fac_8f9631089f252724,푸른솔재가노인복지센터,미추홀구,관교동,"인천광역시 미추홀구 경원대로696번길 12, 1층 (관교동)",032-279-6149,노인복지,재가노인복지시설,,,,,37.44467132,126.6908806,2022-03-01,,,2025-06-20,michuhol_elderly,인천광역시 미추홀구_노인복지시설_20250620,michuhol_elderly_welfare_facilities.csv,,1,1,exact_normalized_district_name_address
fac_9055896e808d07e1,주안愛요양원,미추홀구,주안동,"인천광역시 미추홀구 주안중로50번길 3 (주안동, 부건프라자 5,6층)",0324423114,노인복지,노인요양시설 | 노인요양시설(개정법) | 노인의료복지시설,의료복지 | 장기요양기관,41,,14,37.46308776,126.6830834,2013-07-23,2013-07-23,,2026-06-30,incheon_elderly | michuhol_elderly | nhis_ltc,국민건강보험공단_장기요양기관 시설별 현황_20260610 | 인천광역시 미추홀구_노인복지시설_20250620 | 인천광역시_노인복지시설 현황_20260630,incheon_elderly_welfare_facilities_20260630.xlsx | michuhol_elderly_welfare_facilities.csv | nhis_long_term_care_facilities_20260610.xlsx,12817000240,3,3,exact_normalized_district_name_address
fac_905ba84bf3cdce3d,새봄재활주야간보호센터,미추홀구,주안동,"인천광역시 미추홀구 미추홀대로614번길 3, 5층 (주안동, 씨티프라자)",032-437-0101,노인복지,재가노인복지시설,,18,,,37.45217768,126.6800618,2020-05-06,,,2025-06-20,michuhol_elderly,인천광역시 미추홀구_노인복지시설_20250620,michuhol_elderly_welfare_facilities.csv,,1,1,exact_normalized_district_name_address
fac_90bd48a7b772b259,미추홀재가노인지원서비스센터,미추홀구,주안동,인천광역시 미추홀구 염창로 97 (주안동),032-876-8182,노인복지,방문요양 | 재가노인복지시설 | 재가노인복지시설 방문요양 | 재가노인지원서비스,이용 | 장기요양기관 | 재가복지,,,11,37.46559847,126.6849558,2023-04-01,2023-04-01,,2026-06-30,incheon_elderly | incheon_welfare | michuhol_elderly | nhis_ltc,국민건강보험공단_장기요양기관 시설별 현황_20260610 | 인천광역시 미추홀구_노인복지시설_20250620 | 인천광역시_노인복지시설 현황_20260630 | 인천광역시_사회복지시설 현황_20250131,incheon_elderly_welfare_facilities_20260630.xlsx | incheon_welfare_facilities_20250131.csv | michuhol_elderly_welfare_facilities.csv | nhis_long_term_care_facilities_20260610.xlsx,22817700616,5,4,exact_normalized_district_name_address
fac_916dd0901fc63705,힘찬재활주간보호센터,미추홀구,주안동,"인천광역시 미추홀구 주안로 115, 5층 (주안동)",032-426-2801,노인복지,재가노인복지시설 | 재가노인복지시설 주야간보호 | 주야간보호,장기요양기관 | 재가복지,54,,11,37.46422654,126.6825809,2024-07-01,2024-07-01,,2026-06-30,incheon_elderly | michuhol_elderly | nhis_ltc,국민건강보험공단_장기요양기관 시설별 현황_20260610 | 인천광역시 미추홀구_노인복지시설_20250620 | 인천광역시_노인복지시설 현황_20260630,incheon_elderly_welfare_facilities_20260630.xlsx | michuhol_elderly_welfare_facilities.csv | nhis_long_term_care_facilities_20260610.xlsx,22817700664,3,3,exact_normalized_district_name_address
fac_91a21be604c031f7,이원건강의료기 인천보훈점,미추홀구,용현동,"인천광역시 미추홀구 인주대로132번길 14, 1층 (용현동)",032-886-9744,노인복지,재가노인복지시설,,,,,37.45571564,126.6517815,2022-10-01,,,2025-06-20,michuhol_elderly,인천광역시 미추홀구_노인복지시설_20250620,michuhol_elderly_welfare_facilities.csv,,1,1,exact_normalized_district_name_address
fac_94ec8fc4ce48c04a,그룹홈안젤로2호,연수구,,"인천광역시 연수구 청학로28번길 14,301호",032-832-8325,장애인복지,장애인 거주시설,장애인 거주시설,4,3,1,37.429808,126.664155,,2014-05-12,,2026-03-09,yeonsu_disabled,인천광역시 연수구_장애인 복지시설 현황_20260309,yeonsu_disabled_facilities_20260316.csv,,1,1,exact_normalized_district_name_address
fac_9676c6b767c5b4f8,연사랑노인복지센터,미추홀구,도화동,"인천광역시 미추홀구 석정로 303, 1층 2호 (도화동)",032-428-2290,노인복지,재가노인복지시설,,,,,37.46835,126.669356,2025-06-01,,,2025-06-20,michuhol_elderly,인천광역시 미추홀구_노인복지시설_20250620,michuhol_elderly_welfare_facilities.csv,,1,1,exact_normalized_district_name_address
fac_96ee6395f1654bf9,그린 재가노인복지센터,미추홀구,숭의동,"인천광역시 미추홀구 경인로34번길 20, 6~7층 (숭의동)",032-221-0905,노인복지,재가노인복지시설,,,,,37.46313,126.647322,2022-11-01,,,2025-06-20,michuhol_elderly,인천광역시 미추홀구_노인복지시설_20250620,michuhol_elderly_welfare_facilities.csv,,1,1,exact_normalized_district_name_address
fac_987fd8d361eb6d8d,행복드림요양원2,미추홀구,주안동,"인천광역시 미추홀구 인주대로 495, 4층 (주안동)",0324381999,노인복지,노인요양공동생활가정 | 노인의료복지시설,의료복지 | 장기요양기관,9,,6,37.45090942,126.6918313,2014-12-01,2014-12-01,,2026-06-30,incheon_elderly | michuhol_elderly | nhis_ltc,국민건강보험공단_장기요양기관 시설별 현황_20260610 | 인천광역시 미추홀구_노인복지시설_20250620 | 인천광역시_노인복지시설 현황_20260630,incheon_elderly_welfare_facilities_20260630.xlsx | michuhol_elderly_welfare_facilities.csv | nhis_long_term_care_facilities_20260610.xlsx,12817000268,3,3,exact_normalized_district_name_address
fac_9912c227e453923b,부모사랑요양센터,미추홀구,주안동,인천광역시 미추홀구 인하로367번길 16 (주안동),032-423-8850,노인복지,방문간호 | 방문목욕 | 방문요양 | 재가노인복지시설 | 재가노인복지시설 방문간호 | 재가노인복지시설 방문목욕 | 재가노인복지시설 방문요양,장기요양기관 | 재가복지,,,45,37.448992,126.6893248,2021-03-01,2021-03-01,,2026-06-30,incheon_elderly | michuhol_elderly | nhis_ltc,국민건강보험공단_장기요양기관 시설별 현황_20260610 | 인천광역시 미추홀구_노인복지시설_20250620 | 인천광역시_노인복지시설 현황_20260630,incheon_elderly_welfare_facilities_20260630.xlsx | michuhol_elderly_welfare_facilities.csv | nhis_long_term_care_facilities_20260610.xlsx,22817700510,7,3,exact_normalized_district_name_address
fac_9963307210eca47c,사랑나눔 노인복지센터,미추홀구,주안동,"인천광역시 미추홀구 미추홀대로646번길 70, 102호 (주안동)",032-228-2580,노인복지,재가노인복지시설,,,,,37.45477954,126.6839851,2022-10-18,,,2025-06-20,michuhol_elderly,인천광역시 미추홀구_노인복지시설_20250620,michuhol_elderly_welfare_facilities.csv,,1,1,exact_normalized_district_name_address
fac_9bca196c43ef6cc8,하림재가복지센터,미추홀구,도화동,인천광역시 미추홀구 경인로252번안길 27-1 (도화동),070-4320-1003,노인복지,재가노인복지시설,,,,,37.46241677,126.667825,2023-10-01,,,2025-06-20,michuhol_elderly,인천광역시 미추홀구_노인복지시설_20250620,michuhol_elderly_welfare_facilities.csv,,1,1,exact_normalized_district_name_address
fac_9bde2bb9c59de633,비타민 재가노인복지센터,미추홀구,학익동,"인천광역시 미추홀구 한나루로 400, 167호 (학익동)",032-858-4331,노인복지,재가노인복지시설,,,,,37.44351498,126.6649652,2022-12-01,,,2025-06-20,michuhol_elderly,인천광역시 미추홀구_노인복지시설_20250620,michuhol_elderly_welfare_facilities.csv,,1,1,exact_normalized_district_name_address
fac_9bf0430890eb8617,사랑품은 요양원,미추홀구,용현동,"인천광역시 미추홀구 토금남로 2, 704호 (용현동, 노블레스빌딩)",032-888-3363,노인복지,노인의료복지시설,,24,,,37.45289894,126.632915,2022-11-09,,,2025-06-20,michuhol_elderly,인천광역시 미추홀구_노인복지시설_20250620,michuhol_elderly_welfare_facilities.csv,,1,1,exact_normalized_district_name_address
fac_9cce44305fded5b1,한방재활요양원,미추홀구,주안동,인천광역시 미추홀구 한나루로586번길 80 (주안동),032-255-8809,노인복지,노인의료복지시설,,29,,,37.457897,126.676337,2024-09-01,,,2025-06-20,michuhol_elderly,인천광역시 미추홀구_노인복지시설_20250620,michuhol_elderly_welfare_facilities.csv,,1,1,exact_normalized_district_name_address
fac_9d5cb07d65dccb10,가족사랑재가노인복지센터,미추홀구,도화동,"인천광역시 미추홀구 연송로86번길 64-14, 102호 (도화동)",032-889-2928,노인복지,재가노인복지시설,,,,,37.478034,126.655216,2025-05-01,,,2025-06-20,michuhol_elderly,인천광역시 미추홀구_노인복지시설_20250620,michuhol_elderly_welfare_facilities.csv,,1,1,exact_normalized_district_name_address
fac_9d6e28d2d12e27c4,다온노인재가복지센터,미추홀구,주안동,인천광역시 미추홀구 인하로 385 (주안동),032-423-5274,노인복지,재가노인복지시설,,,,,37.448502,126.691224,2025-05-01,,,2025-06-20,michuhol_elderly,인천광역시 미추홀구_노인복지시설_20250620,michuhol_elderly_welfare_facilities.csv,,1,1,exact_normalized_district_name_address
fac_9f034d96806fe436,김간호사 재활주간보호 재가복지센터,미추홀구,도화동,"인천광역시 미추홀구 경인로 221, 101동 102호 (도화동, 나산아파트)",032-724-9434,노인복지,재가노인복지시설 | 재가노인복지시설 방문간호 | 재가노인복지시설 방문요양 | 재가노인복지시설 주야간보호 | 주야간보호,장기요양기관 | 재가복지,72,,15,37.46523237,126.6675197,2019-12-04,2019-12-04,,2026-06-30,incheon_elderly | michuhol_elderly | nhis_ltc,국민건강보험공단_장기요양기관 시설별 현황_20260610 | 인천광역시 미추홀구_노인복지시설_20250620 | 인천광역시_노인복지시설 현황_20260630,incheon_elderly_welfare_facilities_20260630.xlsx | michuhol_elderly_welfare_facilities.csv | nhis_long_term_care_facilities_20260610.xlsx,22817700474,5,3,exact_normalized_district_name_address
fac_9fde39499aabf154,케어닥 방문요양돌봄센터 용현파트너점,미추홀구,용현동,"인천광역시 미추홀구 낙섬중로 129, 상가4동 206호 (용현동, 엘에이치미추홀3단지)",032-888-2654,노인복지,방문요양 | 재가노인복지시설 | 재가노인복지시설 방문요양,장기요양기관 | 재가복지,,,28,37.4582401,126.6427291,2023-09-01,2023-09-01,,2026-06-30,incheon_elderly | michuhol_elderly | nhis_ltc,국민건강보험공단_장기요양기관 시설별 현황_20260610 | 인천광역시 미추홀구_노인복지시설_20250620 | 인천광역시_노인복지시설 현황_20260630,incheon_elderly_welfare_facilities_20260630.xlsx | michuhol_elderly_welfare_facilities.csv | nhis_long_term_care_facilities_20260610.xlsx,22817700632,3,3,exact_normalized_district_name_address
fac_a099f9976cbb1655,그린2요양원,미추홀구,주안동,"인천광역시 미추홀구 주안로213번길 10-1, 7층 (주안동)",0324229114,노인복지,노인요양공동생활가정 | 노인의료복지시설,의료복지 | 장기요양기관,9,,4,37.46388213,126.6939349,2025-11-01,2025-11-01,,2026-06-30,incheon_elderly | michuhol_elderly | nhis_ltc,국민건강보험공단_장기요양기관 시설별 현황_20260610 | 인천광역시 미추홀구_노인복지시설_20250620 | 인천광역시_노인복지시설 현황_20260630,incheon_elderly_welfare_facilities_20260630.xlsx | michuhol_elderly_welfare_facilities.csv | nhis_long_term_care_facilities_20260610.xlsx,12817700721,3,3,exact_normalized_district_name_address
fac_a2dd014790c84f13,경인노인요양공동생활가정,미추홀구,주안동,"인천광역시 미추홀구 석정로 411, 5층 (주안동)",032-868-9998,노인복지,노인의료복지시설,,9,,,37.46693467,126.6813625,2024-06-01,,,2025-06-20,michuhol_elderly,인천광역시 미추홀구_노인복지시설_20250620,michuhol_elderly_welfare_facilities.csv,,1,1,exact_normalized_district_name_address
fac_a66f2f4a3f51bc37,학익주야간보호센터,미추홀구,학익동,"인천광역시 미추홀구 학익소로23번길 1, 2층 (학익동)",032-866-3310,노인복지,재가노인복지시설 | 재가노인복지시설 주야간보호 | 주야간보호,장기요양기관 | 재가복지,35,,7,37.44526712,126.6694258,2024-06-01,2024-06-01,,2026-06-30,incheon_elderly | michuhol_elderly | nhis_ltc,국민건강보험공단_장기요양기관 시설별 현황_20260610 | 인천광역시 미추홀구_노인복지시설_20250620 | 인천광역시_노인복지시설 현황_20260630,incheon_elderly_welfare_facilities_20260630.xlsx | michuhol_elderly_welfare_facilities.csv | nhis_long_term_care_facilities_20260610.xlsx,22817700663,3,3,exact_normalized_district_name_address
fac_a682823b6a47ce4d,천사의집노인요양원,미추홀구,문학동,인천광역시 미추홀구 소성로318번길 30 (문학동),0324359257,노인복지,노인요양시설 | 노인요양시설(개정법) | 노인의료복지시설,의료복지 | 장기요양기관,60,,35,37.43638829,126.6820731,2009-09-02,2009-09-02,,2026-06-30,incheon_elderly | michuhol_elderly | nhis_ltc,국민건강보험공단_장기요양기관 시설별 현황_20260610 | 인천광역시 미추홀구_노인복지시설_20250620 | 인천광역시_노인복지시설 현황_20260630,incheon_elderly_welfare_facilities_20260630.xlsx | michuhol_elderly_welfare_facilities.csv | nhis_long_term_care_facilities_20260610.xlsx,12817000102,3,3,exact_normalized_district_name_address
fac_a7928bee5f6d114f,매화요양원,미추홀구,숭의동,인천광역시 미추홀구 제물량로4번길 34-33 (숭의동),032-891-0121,노인복지,노인의료복지시설,,42,,,37.46216188,126.6401043,2021-03-01,,,2025-06-20,michuhol_elderly,인천광역시 미추홀구_노인복지시설_20250620,michuhol_elderly_welfare_facilities.csv,,1,1,exact_normalized_district_name_address
fac_a8274045b16b0bdc,햇살노인전문요양원,미추홀구,숭의동,인천광역시 미추홀구 인중로 13 (숭의동),0328919555,노인복지,노인요양시설 | 노인의료복지시설,의료복지,95,,,37.46247938,126.6410163,2008-09-23,,,2026-06-30,incheon_elderly | michuhol_elderly,인천광역시 미추홀구_노인복지시설_20250620 | 인천광역시_노인복지시설 현황_20260630,incheon_elderly_welfare_facilities_20260630.xlsx | michuhol_elderly_welfare_facilities.csv,,2,2,exact_normalized_district_name_address
fac_a950375eeb981d2c,공감노인복지재가센터,미추홀구,용현동,"인천광역시 미추홀구 토금중로 61, 상가동 202호 (용현동)",032-891-8693,노인복지,방문목욕 | 방문요양 | 재가노인복지시설,재가복지,,,,37.45173372,126.6398736,2022-08-01,,,2026-06-30,incheon_elderly | michuhol_elderly,인천광역시 미추홀구_노인복지시설_20250620 | 인천광역시_노인복지시설 현황_20260630,incheon_elderly_welfare_facilities_20260630.xlsx | michuhol_elderly_welfare_facilities.csv,,3,2,exact_normalized_district_name_address
fac_aa067bda15ad3bdf,인일효요양원,미추홀구,도화동,"인천광역시 미추홀구 한나루로 604, 1801호 (도화동, 롯데월드타워)",0328686000,노인복지,노인요양시설 | 노인요양시설(개정법) | 노인의료복지시설,의료복지 | 장기요양기관,29,,25,37.45984908,126.6729642,2013-03-19,2013-03-19,,2026-06-30,incheon_elderly | michuhol_elderly | nhis_ltc,국민건강보험공단_장기요양기관 시설별 현황_20260610 | 인천광역시 미추홀구_노인복지시설_20250620 | 인천광역시_노인복지시설 현황_20260630,incheon_elderly_welfare_facilities_20260630.xlsx | michuhol_elderly_welfare_facilities.csv | nhis_long_term_care_facilities_20260610.xlsx,12817000231,3,3,exact_normalized_district_name_address
fac_aa89fd5c0ecdb396,건강재활주간보호센터,미추홀구,학익동,"인천광역시 미추홀구 매소홀로 482, 201호 (학익동)",032-873-3650,노인복지,방문목욕 | 방문요양 | 재가노인복지시설 | 재가노인복지시설 방문목욕 | 재가노인복지시설 방문요양 | 재가노인복지시설 주야간보호 | 주야간보호 | 주야간보호내치매전담1실,장기요양기관 | 재가복지,51,,43,37.43927001,126.6755116,2024-03-27,2024-03-27,,2026-06-30,incheon_elderly | michuhol_elderly | nhis_ltc,국민건강보험공단_장기요양기관 시설별 현황_20260610 | 인천광역시 미추홀구_노인복지시설_20250620 | 인천광역시_노인복지시설 현황_20260630,incheon_elderly_welfare_facilities_20260630.xlsx | michuhol_elderly_welfare_facilities.csv | nhis_long_term_care_facilities_20260610.xlsx,22817700654,8,3,exact_normalized_district_name_address
fac_aac697d82420fbb0,보금자리요양원,미추홀구,도화동,"인천광역시 미추홀구 한나루로 604, 908호 (도화동, 롯데월드타워)",032-724-8424,노인복지,노인의료복지시설,,14,,,37.45984908,126.6729642,2023-02-01,,,2025-06-20,michuhol_elderly,인천광역시 미추홀구_노인복지시설_20250620,michuhol_elderly_welfare_facilities.csv,,1,1,exact_normalized_district_name_address
fac_ad744e3c73cae4bb,반석방문요양센터,미추홀구,관교동,"인천광역시 미추홀구 인하로 446, 1층 101호 (관교동, 삼환아파트 상가동)",032-888-2307,노인복지,재가노인복지시설,,,,,37.443914,126.695698,2025-06-01,,,2025-06-20,michuhol_elderly,인천광역시 미추홀구_노인복지시설_20250620,michuhol_elderly_welfare_facilities.csv,,1,1,exact_normalized_district_name_address
fac_ae25a484a7e8adc7,인일휴노인복지센터,미추홀구,용현동,"인천광역시 미추홀구 토금북로11번길 20, 203호 (용현동)",032-881-8456,노인복지,방문목욕 | 방문요양 | 재가노인복지시설 | 재가노인복지시설 방문목욕 | 재가노인복지시설 방문요양,장기요양기관 | 재가복지,,,44,37.45592766,126.6365521,2022-06-01,2022-06-01,,2026-06-30,incheon_elderly | michuhol_elderly | nhis_ltc,국민건강보험공단_장기요양기관 시설별 현황_20260610 | 인천광역시 미추홀구_노인복지시설_20250620 | 인천광역시_노인복지시설 현황_20260630,incheon_elderly_welfare_facilities_20260630.xlsx | michuhol_elderly_welfare_facilities.csv | nhis_long_term_care_facilities_20260610.xlsx,22817700571,5,3,exact_normalized_district_name_address
fac_ae826c94106dd3aa,세종재가복지센터,미추홀구,주안동,"인천광역시 미추홀구 미추홀대로 532, 2층 (주안동)",032-244-6033,노인복지,방문목욕 | 방문요양 | 재가노인복지시설 | 재가노인복지시설 방문목욕 | 재가노인복지시설 방문요양,장기요양기관 | 재가복지,,,40,37.44486893,126.6791231,2022-05-01,2022-05-01,,2026-06-30,incheon_elderly | michuhol_elderly | nhis_ltc,국민건강보험공단_장기요양기관 시설별 현황_20260610 | 인천광역시 미추홀구_노인복지시설_20250620 | 인천광역시_노인복지시설 현황_20260630,incheon_elderly_welfare_facilities_20260630.xlsx | michuhol_elderly_welfare_facilities.csv | nhis_long_term_care_facilities_20260610.xlsx,22817700566,5,3,exact_normalized_district_name_address
fac_b1210297e3ed67cb,해내기보호작업장,연수구,동춘동,인천광역시 연수구 앵고개로 130(동춘동 산29-1),032-833-7074,장애인복지,장애인 직업재활시설,장애인 직업재활시설,40,38,10,37.412465,126.661116,,2010-11-22,,2026-03-09,yeonsu_disabled,인천광역시 연수구_장애인 복지시설 현황_20260309,yeonsu_disabled_facilities_20260316.csv,,1,1,exact_normalized_district_name_address
fac_b4680f5dd48013ac,인천어르신재가복지센터,미추홀구,도화동,"인천광역시 미추홀구 연송로 59, 1층 1호 (도화동)",070-7543-7234,노인복지,방문목욕 | 방문요양 | 재가노인복지시설 | 재가노인복지시설 방문목욕 | 재가노인복지시설 방문요양,장기요양기관 | 재가복지,,,23,37.47751781,126.656507,2021-07-01,2021-07-01,,2026-06-30,incheon_elderly | michuhol_elderly | nhis_ltc,국민건강보험공단_장기요양기관 시설별 현황_20260610 | 인천광역시 미추홀구_노인복지시설_20250620 | 인천광역시_노인복지시설 현황_20260630,incheon_elderly_welfare_facilities_20260630.xlsx | michuhol_elderly_welfare_facilities.csv | nhis_long_term_care_facilities_20260610.xlsx,22817700525,5,3,exact_normalized_district_name_address
fac_b4ca94b871d1a0a5,보람방문요양센터,미추홀구,주안동,"인천광역시 미추홀구 경인로 354, 4층 (주안동)",032-567-8901,노인복지,재가노인복지시설,,,,,37.45828531,126.6791157,2023-05-01,,,2025-06-20,michuhol_elderly,인천광역시 미추홀구_노인복지시설_20250620,michuhol_elderly_welfare_facilities.csv,,1,1,exact_normalized_district_name_address
fac_b7ce1215259069e7,다온요양원,미추홀구,학익동,인천광역시 미추홀구 매소홀로 490 (학익동),0328622200,노인복지,노인요양시설 | 노인요양시설(개정법) | 노인의료복지시설,의료복지 | 장기요양기관,63,,36,37.43926525,126.6766694,2023-03-01,2023-03-01,,2026-06-30,incheon_elderly | michuhol_elderly | nhis_ltc,국민건강보험공단_장기요양기관 시설별 현황_20260610 | 인천광역시 미추홀구_노인복지시설_20250620 | 인천광역시_노인복지시설 현황_20260630,incheon_elderly_welfare_facilities_20260630.xlsx | michuhol_elderly_welfare_facilities.csv | nhis_long_term_care_facilities_20260610.xlsx,12817700611,3,3,exact_normalized_district_name_address
fac_b92b84242019abeb,이레재가복지센터,미추홀구,주안동,인천광역시 미추홀구 경원대로 882 205호 (주안동),032-876-9955,노인복지,재가노인복지시설 | 재가노인복지시설 방문요양,장기요양기관,,,0,37.46132153,126.6899169,2024-06-01,2024-06-01,,2026-06-10,michuhol_elderly | nhis_ltc,국민건강보험공단_장기요양기관 시설별 현황_20260610 | 인천광역시 미추홀구_노인복지시설_20250620,michuhol_elderly_welfare_facilities.csv | nhis_long_term_care_facilities_20260610.xlsx,22817700667,2,2,exact_normalized_district_name_address
fac_ba4a797230ed0afc,믿음요양원,미추홀구,문학동,"인천광역시 미추홀구 매소홀로 507, 3층 (문학동, 스카이빌딩)",0324351020,노인복지,노인요양시설 | 노인요양시설(개정법) | 노인의료복지시설,의료복지 | 장기요양기관,39,,28,37.43967891,126.6786527,2016-08-26,2016-08-26,,2026-06-30,incheon_elderly | michuhol_elderly | nhis_ltc,국민건강보험공단_장기요양기관 시설별 현황_20260610 | 인천광역시 미추홀구_노인복지시설_20250620 | 인천광역시_노인복지시설 현황_20260630,incheon_elderly_welfare_facilities_20260630.xlsx | michuhol_elderly_welfare_facilities.csv | nhis_long_term_care_facilities_20260610.xlsx,12817000331,3,3,exact_normalized_district_name_address
fac_ba984ade7c6bdb10,좋은 이웃 재가 복지센터,미추홀구,문학동,"인천광역시 미추홀구 매소홀로561번길 3-21, 102호 (문학동)",032-422-0882,노인복지,방문요양 | 재가노인복지시설 | 재가노인복지시설 방문목욕 | 재가노인복지시설 방문요양,장기요양기관 | 재가복지,,,8,37.43917286,126.6840874,2024-05-01,2024-05-01,,2026-06-30,incheon_elderly | michuhol_elderly | nhis_ltc,국민건강보험공단_장기요양기관 시설별 현황_20260610 | 인천광역시 미추홀구_노인복지시설_20250620 | 인천광역시_노인복지시설 현황_20260630,incheon_elderly_welfare_facilities_20260630.xlsx | michuhol_elderly_welfare_facilities.csv | nhis_long_term_care_facilities_20260610.xlsx,22817700659,4,3,exact_normalized_district_name_address
fac_bc220206b278a402,(인천)에벤에셀요양원,미추홀구,용현동,"인천광역시 미추홀구 아암대로29번길 48, 301호,204-5호 (용현동)",0328821001,노인복지,노인요양시설 | 노인요양시설(개정법) | 노인의료복지시설,의료복지 | 장기요양기관,72,,34,37.45711259,126.6390546,2024-02-01,2024-02-01,,2026-06-30,incheon_elderly | michuhol_elderly | nhis_ltc,국민건강보험공단_장기요양기관 시설별 현황_20260610 | 인천광역시 미추홀구_노인복지시설_20250620 | 인천광역시_노인복지시설 현황_20260630,incheon_elderly_welfare_facilities_20260630.xlsx | michuhol_elderly_welfare_facilities.csv | nhis_long_term_care_facilities_20260610.xlsx,12817700652,3,3,exact_normalized_district_name_address
fac_bd07215c8d48c965,한마음복지센터,미추홀구,용현동,"인천광역시 미추홀구 인주대로 162, 603호 (용현동, 삼성빌딩)",032-465-8088,노인복지,방문목욕 | 방문요양 | 재가노인복지시설 | 재가노인복지시설 방문목욕 | 재가노인복지시설 방문요양,장기요양기관 | 재가복지,,,62,37.45590088,126.6549397,2022-01-01,2022-01-01,,2026-06-30,incheon_elderly | michuhol_elderly | nhis_ltc,국민건강보험공단_장기요양기관 시설별 현황_20260610 | 인천광역시 미추홀구_노인복지시설_20250620 | 인천광역시_노인복지시설 현황_20260630,incheon_elderly_welfare_facilities_20260630.xlsx | michuhol_elderly_welfare_facilities.csv | nhis_long_term_care_facilities_20260610.xlsx,22817700553,5,3,exact_normalized_district_name_address
fac_bdc6bbb64dedb121,새보미재가노인복지센터,미추홀구,숭의동,"인천광역시 미추홀구 독배로 443, 240호,241호 (숭의동, 삼화복합빌딩)",032-437-0095,노인복지,재가노인복지시설,,,,,37.4588359,126.6481512,2022-01-01,,,2025-06-20,michuhol_elderly,인천광역시 미추홀구_노인복지시설_20250620,michuhol_elderly_welfare_facilities.csv,,1,1,exact_normalized_district_name_address
fac_c116c14068020aab,나눔과기쁨 노인복지센터,미추홀구,용현동,"인천광역시 미추홀구 능해길 70, 2층 (용현동)",032-882-0675,노인복지,방문목욕 | 방문요양 | 재가노인복지시설 | 재가노인복지시설 방문목욕 | 재가노인복지시설 방문요양,장기요양기관 | 재가복지,,,44,37.45807347,126.641142,2023-08-01,2023-08-01,,2026-06-30,incheon_elderly | michuhol_elderly | nhis_ltc,국민건강보험공단_장기요양기관 시설별 현황_20260610 | 인천광역시 미추홀구_노인복지시설_20250620 | 인천광역시_노인복지시설 현황_20260630,incheon_elderly_welfare_facilities_20260630.xlsx | michuhol_elderly_welfare_facilities.csv | nhis_long_term_care_facilities_20260610.xlsx,22817700629,5,3,exact_normalized_district_name_address
fac_c25508bb2a901cdc,온유한요양원,미추홀구,주안동,인천광역시 미추홀구 주안로 150 (주안동),0324427583,노인복지,노인요양시설 | 노인요양시설(개정법) | 노인의료복지시설,의료복지 | 장기요양기관,106,,53,37.46348396,126.6864388,2011-07-29,2011-07-29,,2026-06-30,incheon_elderly | michuhol_elderly | nhis_ltc,국민건강보험공단_장기요양기관 시설별 현황_20260610 | 인천광역시 미추홀구_노인복지시설_20250620 | 인천광역시_노인복지시설 현황_20260630,incheon_elderly_welfare_facilities_20260630.xlsx | michuhol_elderly_welfare_facilities.csv | nhis_long_term_care_facilities_20260610.xlsx,12817000192,3,3,exact_normalized_district_name_address
fac_c445b6049818eff7,도화요양원,미추홀구,도화동,"인천광역시 미추홀구 한나루로 604, 10층 (도화동, 롯데월드타워)",0324225161,노인복지,노인요양시설 | 노인요양시설(개정법) | 노인의료복지시설,의료복지 | 장기요양기관,68,,27,37.45984908,126.6729642,2019-12-16,2019-12-16,,2026-06-30,incheon_elderly | michuhol_elderly | nhis_ltc,국민건강보험공단_장기요양기관 시설별 현황_20260610 | 인천광역시 미추홀구_노인복지시설_20250620 | 인천광역시_노인복지시설 현황_20260630,incheon_elderly_welfare_facilities_20260630.xlsx | michuhol_elderly_welfare_facilities.csv | nhis_long_term_care_facilities_20260610.xlsx,12817700482,3,3,exact_normalized_district_name_address
fac_c5c5a9d527b88433,인하요양원,미추홀구,학익동,인천광역시 미추홀구 한나루로456번길 8 (학익동),0328752255,노인복지,노인요양시설 | 노인요양시설(개정법) | 노인의료복지시설,의료복지 | 장기요양기관,89,,55,37.4472043,126.668078,2018-03-15,2018-03-15,,2026-06-30,incheon_elderly | michuhol_elderly | nhis_ltc,국민건강보험공단_장기요양기관 시설별 현황_20260610 | 인천광역시 미추홀구_노인복지시설_20250620 | 인천광역시_노인복지시설 현황_20260630,incheon_elderly_welfare_facilities_20260630.xlsx | michuhol_elderly_welfare_facilities.csv | nhis_long_term_care_facilities_20260610.xlsx,12817000387,3,3,exact_normalized_district_name_address
fac_c6b0e5a4f3b8b2df,온유재가노인복지센터,미추홀구,주안동,인천광역시 미추홀구 인하로367번길 16 (주안동),032-874-1575,노인복지,재가노인복지시설,,,,,37.449158,126.689347,2025-05-01,,,2025-06-20,michuhol_elderly,인천광역시 미추홀구_노인복지시설_20250620,michuhol_elderly_welfare_facilities.csv,,1,1,exact_normalized_district_name_address
fac_c72a65d4855fdce5,효담재가복지센터,미추홀구,학익동,"인천광역시 미추홀구 매소홀로 262, 제13층 13014호 (학익동, 시티필드)",032-721-5600,노인복지,재가노인복지시설,,,,,37.44425946,126.6524737,2023-07-01,,,2025-06-20,michuhol_elderly,인천광역시 미추홀구_노인복지시설_20250620,michuhol_elderly_welfare_facilities.csv,,1,1,exact_normalized_district_name_address
fac_c736d7c8dcf28727,팔팔한재가복지센터,미추홀구,관교동,"인천광역시 미추홀구 인하로 446, 1층 101호 (관교동, 삼환아파트 상가동)",032-424-4743,노인복지,방문목욕 | 방문요양 | 재가노인복지시설 | 재가노인복지시설 방문목욕 | 재가노인복지시설 방문요양,장기요양기관 | 재가복지,,,35,37.44435212,126.6962105,2021-10-01,2021-10-01,,2026-06-30,incheon_elderly | michuhol_elderly | nhis_ltc,국민건강보험공단_장기요양기관 시설별 현황_20260610 | 인천광역시 미추홀구_노인복지시설_20250620 | 인천광역시_노인복지시설 현황_20260630,incheon_elderly_welfare_facilities_20260630.xlsx | michuhol_elderly_welfare_facilities.csv | nhis_long_term_care_facilities_20260610.xlsx,22817700531,5,3,exact_normalized_district_name_address
fac_c87f246efc6f6bf7,남구늘푸른노인요양원,미추홀구,학익동,"인천광역시 미추홀구 소성로 193-26 (학익동, 동남빌딩 2~5층)",032-423-8870,노인복지,노인의료복지시설,,29,,,37.4414108,126.6701712,2014-06-02,,,2025-06-20,michuhol_elderly,인천광역시 미추홀구_노인복지시설_20250620,michuhol_elderly_welfare_facilities.csv,,1,1,exact_normalized_district_name_address
fac_c92c351818fafd1a,해찬방문노인복지센터,미추홀구,관교동,"인천광역시 미추홀구 주승로 247, 203호 (관교동, 동부아파트상가)",032-724-9971,노인복지,방문요양 | 재가노인복지시설 | 재가노인복지시설 방문요양,장기요양기관 | 재가복지,,,22,37.44129096,126.6956246,2023-09-01,2023-09-01,,2026-06-30,incheon_elderly | michuhol_elderly | nhis_ltc,국민건강보험공단_장기요양기관 시설별 현황_20260610 | 인천광역시 미추홀구_노인복지시설_20250620 | 인천광역시_노인복지시설 현황_20260630,incheon_elderly_welfare_facilities_20260630.xlsx | michuhol_elderly_welfare_facilities.csv | nhis_long_term_care_facilities_20260610.xlsx,22817700631,3,3,exact_normalized_district_name_address
fac_ca63c701dba68f84,아리아케어 방문요양 미추홀 주안센터,미추홀구,주안동,인천광역시 미추홀구 한나루로586번길 80 (주안동),032-228-2580,노인복지,방문목욕 | 방문요양 | 재가노인복지시설 | 재가노인복지시설 방문목욕 | 재가노인복지시설 방문요양,장기요양기관 | 재가복지,,,16,37.45778874,126.676332,2021-10-01,2021-10-01,,2026-06-30,incheon_elderly | michuhol_elderly | nhis_ltc,국민건강보험공단_장기요양기관 시설별 현황_20260610 | 인천광역시 미추홀구_노인복지시설_20250620 | 인천광역시_노인복지시설 현황_20260630,incheon_elderly_welfare_facilities_20260630.xlsx | michuhol_elderly_welfare_facilities.csv | nhis_long_term_care_facilities_20260610.xlsx,22817700539,5,3,exact_normalized_district_name_address
fac_caf5dcb5216309e7,인천장애인복지관,연수구,동춘동,인천광역시 연수구 앵고개로 130(동춘동 산29-1),032-833-3051,장애인복지,장애인 지역사회 재활시설,장애인 지역사회 재활시설,,0,48,37.412465,126.661116,,1994-07-01,,2026-03-09,yeonsu_disabled,인천광역시 연수구_장애인 복지시설 현황_20260309,yeonsu_disabled_facilities_20260316.csv,,1,1,exact_normalized_district_name_address
fac_cb45910be4d5f4dc,선 재가노인복지센터,미추홀구,주안동,"인천광역시 미추홀구 신기길72번길 57, 2동 101호 (주안동, 대성씨티빌)",032-434-3131,노인복지,재가노인복지시설,,,,,37.44458647,126.6734984,2023-12-01,,,2025-06-20,michuhol_elderly,인천광역시 미추홀구_노인복지시설_20250620,michuhol_elderly_welfare_facilities.csv,,1,1,exact_normalized_district_name_address
fac_cb5401155fe78a05,한가족재활주간보호센터,미추홀구,도화동,인천광역시 미추홀구 수봉북로12번길 28 4층 (도화동),032-872-5001,노인복지,재가노인복지시설 | 재가노인복지시설 주야간보호,장기요양기관,23,,9,37.46503188,126.6619557,2023-10-01,2023-10-01,,2026-06-10,michuhol_elderly | nhis_ltc,국민건강보험공단_장기요양기관 시설별 현황_20260610 | 인천광역시 미추홀구_노인복지시설_20250620,michuhol_elderly_welfare_facilities.csv | nhis_long_term_care_facilities_20260610.xlsx,22817700637,2,2,exact_normalized_district_name_address
fac_cb8c1326ccbd8a84,케어닥 방문요양돌봄센터 주안파트너점,미추홀구,용현동,"인천광역시 미추홀구 인주대로 93-63, 202호 (용현동)",032-863-8630,노인복지,재가노인복지시설,,,,,37.457836,126.647666,2025-06-01,,,2025-06-20,michuhol_elderly,인천광역시 미추홀구_노인복지시설_20250620,michuhol_elderly_welfare_facilities.csv,,1,1,exact_normalized_district_name_address
fac_d066821ae83aeff0,어르신을부탁해 방문요양센터,미추홀구,학익동,"인천광역시 미추홀구 학익소로 55 202호 (학익동, 청솔빌딩)",032-425-4998,노인복지,재가노인복지시설 | 재가노인복지시설 방문목욕 | 재가노인복지시설 방문요양,장기요양기관,,,27,37.44280267,126.6705855,2021-09-01,2021-09-01,,2026-06-10,michuhol_elderly | nhis_ltc,국민건강보험공단_장기요양기관 시설별 현황_20260610 | 인천광역시 미추홀구_노인복지시설_20250620,michuhol_elderly_welfare_facilities.csv | nhis_long_term_care_facilities_20260610.xlsx,22817700534,3,2,exact_normalized_district_name_address
fac_d06f3308243c8c25,굿모닝인천 데이케어센터,미추홀구,주안동,"인천광역시 미추홀구 석정로 433, 202호 (주안동, 영일빌딩)",032-874-8777,노인복지,재가노인복지시설 | 재가노인복지시설 주야간보호 | 주야간보호,장기요양기관 | 재가복지,47,,12,37.4667456,126.6836647,2023-04-01,2023-04-01,,2026-06-30,incheon_elderly | michuhol_elderly | nhis_ltc,국민건강보험공단_장기요양기관 시설별 현황_20260610 | 인천광역시 미추홀구_노인복지시설_20250620 | 인천광역시_노인복지시설 현황_20260630,incheon_elderly_welfare_facilities_20260630.xlsx | michuhol_elderly_welfare_facilities.csv | nhis_long_term_care_facilities_20260610.xlsx,22817700615,3,3,exact_normalized_district_name_address
fac_d0e550e19d074fb8,해사랑재가복지센터,미추홀구,숭의동,인천광역시 미추홀구 독정이로100번길 13 2층 (숭의동),032-889-0102,노인복지,재가노인복지시설 | 재가노인복지시설 방문목욕 | 재가노인복지시설 방문요양,장기요양기관,,,6,37.46460136,126.6511019,2021-12-01,2021-12-01,,2026-06-10,michuhol_elderly | nhis_ltc,국민건강보험공단_장기요양기관 시설별 현황_20260610 | 인천광역시 미추홀구_노인복지시설_20250620,michuhol_elderly_welfare_facilities.csv | nhis_long_term_care_facilities_20260610.xlsx,22817700545,3,2,exact_normalized_district_name_address
fac_d161084e38a16af8,정성노인복지센터,미추홀구,주안동,"인천광역시 미추홀구 신기길58번길 36, 1층 (주안동)",032-424-8708,노인복지,방문목욕 | 방문요양 | 재가노인복지시설 | 재가노인복지시설 방문목욕 | 재가노인복지시설 방문요양,장기요양기관 | 재가복지,,,53,37.44563717,126.674722,2020-05-06,2020-05-06,,2026-06-30,incheon_elderly | michuhol_elderly | nhis_ltc,국민건강보험공단_장기요양기관 시설별 현황_20260610 | 인천광역시 미추홀구_노인복지시설_20250620 | 인천광역시_노인복지시설 현황_20260630,incheon_elderly_welfare_facilities_20260630.xlsx | michuhol_elderly_welfare_facilities.csv | nhis_long_term_care_facilities_20260610.xlsx,22817700489,5,3,exact_normalized_district_name_address
fac_d28ef5a066760ccf,효방문요양센터,미추홀구,도화동,"인천광역시 미추홀구 석정로 303, 1층 2호 (도화동)",032-719-3901,노인복지,방문목욕 | 방문요양 | 재가노인복지시설 | 재가노인복지시설 방문목욕 | 재가노인복지시설 방문요양,장기요양기관 | 재가복지,,,32,37.46815199,126.6692532,2021-10-01,2021-10-01,,2026-06-30,incheon_elderly | michuhol_elderly | nhis_ltc,국민건강보험공단_장기요양기관 시설별 현황_20260610 | 인천광역시 미추홀구_노인복지시설_20250620 | 인천광역시_노인복지시설 현황_20260630,incheon_elderly_welfare_facilities_20260630.xlsx | michuhol_elderly_welfare_facilities.csv | nhis_long_term_care_facilities_20260610.xlsx,22817700530,5,3,exact_normalized_district_name_address
fac_d32c35e18f028887,수림재활요양원,미추홀구,도화동,"인천광역시 미추홀구 경인로 321 (도화동, 수림빌딩)",0322461000,노인복지,노인요양시설 | 노인요양시설(개정법) | 노인의료복지시설,의료복지 | 장기요양기관,136,,77,37.45928897,126.6759889,2022-10-01,2022-10-01,,2026-06-30,incheon_elderly | michuhol_elderly | nhis_ltc,국민건강보험공단_장기요양기관 시설별 현황_20260610 | 인천광역시 미추홀구_노인복지시설_20250620 | 인천광역시_노인복지시설 현황_20260630,incheon_elderly_welfare_facilities_20260630.xlsx | michuhol_elderly_welfare_facilities.csv | nhis_long_term_care_facilities_20260610.xlsx,12817700586,3,3,exact_normalized_district_name_address
fac_d35013d7e34aef14,공감재가센터,미추홀구,주안동,인천광역시 미추홀구 석정로 375 (주안동),032-528-5330,노인복지,재가노인복지시설 | 재가노인복지시설 방문목욕 | 재가노인복지시설 방문요양,장기요양기관,,,28,37.4673168,126.6771877,2022-10-01,2022-10-01,,2026-06-10,michuhol_elderly | nhis_ltc,국민건강보험공단_장기요양기관 시설별 현황_20260610 | 인천광역시 미추홀구_노인복지시설_20250620,michuhol_elderly_welfare_facilities.csv | nhis_long_term_care_facilities_20260610.xlsx,22817700583,3,2,exact_normalized_district_name_address
fac_d4937bd697f92efd,효원 재가복지센터,미추홀구,주안동,"인천광역시 미추홀구 주승로 99, 1층 (주안동)",032-710-2898,노인복지,방문요양 | 재가노인복지시설 | 재가노인복지시설 방문요양,장기요양기관 | 재가복지,,,24,37.44509974,126.6814451,2024-02-01,2024-02-01,,2026-06-30,incheon_elderly | michuhol_elderly | nhis_ltc,국민건강보험공단_장기요양기관 시설별 현황_20260610 | 인천광역시 미추홀구_노인복지시설_20250620 | 인천광역시_노인복지시설 현황_20260630,incheon_elderly_welfare_facilities_20260630.xlsx | michuhol_elderly_welfare_facilities.csv | nhis_long_term_care_facilities_20260610.xlsx,22817700648,3,3,exact_normalized_district_name_address
fac_d4b090e7a232ecc8,미추홀재활장기요양기관,미추홀구,문학동,"인천광역시 미추홀구 소성로 329, 2층 202호 (문학동, 경진상가주택)",032-433-3457,노인복지,재가노인복지시설,,9,,,37.437815,126.683976,2024-10-01,,,2025-06-20,michuhol_elderly,인천광역시 미추홀구_노인복지시설_20250620,michuhol_elderly_welfare_facilities.csv,,1,1,exact_normalized_district_name_address
fac_d5655c0ce25e6d52,수봉요양원,미추홀구,용현동,"인천광역시 미추홀구 수봉남로6번길 52-10, 2층 (용현동, 대진아파트)",0328726722,노인복지,노인요양시설 | 노인요양시설(개정법) | 노인의료복지시설,의료복지 | 장기요양기관,16,,9,37.4555027,126.6585015,2023-06-14,2023-06-14,,2026-06-30,incheon_elderly | michuhol_elderly | nhis_ltc,국민건강보험공단_장기요양기관 시설별 현황_20260610 | 인천광역시 미추홀구_노인복지시설_20250620 | 인천광역시_노인복지시설 현황_20260630,incheon_elderly_welfare_facilities_20260630.xlsx | michuhol_elderly_welfare_facilities.csv | nhis_long_term_care_facilities_20260610.xlsx,12817700624,3,3,exact_normalized_district_name_address
fac_d5fcc5bc54542ec4,카네이션재가복지센터 (주)카네이션토탈케어,미추홀구,주안동,인천광역시 미추홀구 주승로 129 (주안동),032-425-0707,노인복지,재가노인복지시설,,,,,37.445996,126.684765,2024-01-01,,,2025-06-20,michuhol_elderly,인천광역시 미추홀구_노인복지시설_20250620,michuhol_elderly_welfare_facilities.csv,,1,1,exact_normalized_district_name_address
fac_d6edbbd8f5ca50ba,구구팔팔재가복지센터,미추홀구,주안동,"인천광역시 미추홀구 길파로35번길 30, 101호 (주안동)",032-872-0828,노인복지,방문목욕 | 방문요양 | 재가노인복지시설 | 재가노인복지시설 방문목욕 | 재가노인복지시설 방문요양,장기요양기관 | 재가복지,,,21,37.46928549,126.678039,2023-07-01,2023-07-01,,2026-06-30,incheon_elderly | michuhol_elderly | nhis_ltc,국민건강보험공단_장기요양기관 시설별 현황_20260610 | 인천광역시 미추홀구_노인복지시설_20250620 | 인천광역시_노인복지시설 현황_20260630,incheon_elderly_welfare_facilities_20260630.xlsx | michuhol_elderly_welfare_facilities.csv | nhis_long_term_care_facilities_20260610.xlsx,22817700626,5,3,exact_normalized_district_name_address
fac_d9d241f03481c727,한방재활주간보호센터,미추홀구,주안동,"인천광역시 미추홀구 미추홀대로 707, 4층 (주안동)",032-868-8675,노인복지,재가노인복지시설 | 재가노인복지시설 주야간보호 | 주야간보호,장기요양기관 | 재가복지,54,,11,37.46052744,126.6798378,2025-01-01,2025-01-01,,2026-06-30,incheon_elderly | michuhol_elderly | nhis_ltc,국민건강보험공단_장기요양기관 시설별 현황_20260610 | 인천광역시 미추홀구_노인복지시설_20250620 | 인천광역시_노인복지시설 현황_20260630,incheon_elderly_welfare_facilities_20260630.xlsx | michuhol_elderly_welfare_facilities.csv | nhis_long_term_care_facilities_20260610.xlsx,22817700687,3,3,exact_normalized_district_name_address
fac_db3468bc2a8da338,지안요양원,미추홀구,주안동,"인천광역시 미추홀구 석정로 409, 1층, 3~6층 (주안동)",0328739988,노인복지,노인요양시설 | 노인요양시설(개정법) | 노인의료복지시설,의료복지 | 장기요양기관,99,,59,37.46713129,126.6809692,2021-09-23,2021-09-23,,2026-06-30,incheon_elderly | michuhol_elderly | nhis_ltc,국민건강보험공단_장기요양기관 시설별 현황_20260610 | 인천광역시 미추홀구_노인복지시설_20250620 | 인천광역시_노인복지시설 현황_20260630,incheon_elderly_welfare_facilities_20260630.xlsx | michuhol_elderly_welfare_facilities.csv | nhis_long_term_care_facilities_20260610.xlsx,12817700538,3,3,exact_normalized_district_name_address
fac_dd7e9d97ab617ab8,장수재가복지센터,미추홀구,주안동,"인천광역시 미추홀구 인하로209번길 10, 1층 1호 (주안동)",032-716-6206,노인복지,방문목욕 | 방문요양 | 재가노인복지시설 | 재가노인복지시설 방문목욕 | 재가노인복지시설 방문요양,장기요양기관 | 재가복지,,,42,37.4491259,126.6715005,2024-01-01,2024-01-01,,2026-06-30,incheon_elderly | michuhol_elderly | nhis_ltc,국민건강보험공단_장기요양기관 시설별 현황_20260610 | 인천광역시 미추홀구_노인복지시설_20250620 | 인천광역시_노인복지시설 현황_20260630,incheon_elderly_welfare_facilities_20260630.xlsx | michuhol_elderly_welfare_facilities.csv | nhis_long_term_care_facilities_20260610.xlsx,22817700649,5,3,exact_normalized_district_name_address
fac_dda4970436c5d944,아가페노인복지센터,미추홀구,주안동,"인천광역시 미추홀구 경인로 422-1, 201호 (주안동)",032-433-9987,노인복지,방문목욕 | 방문요양 | 재가노인복지시설 | 재가노인복지시설 방문목욕 | 재가노인복지시설 방문요양,장기요양기관 | 재가복지,,,32,37.45780329,126.6869847,2023-10-01,2023-10-01,,2026-06-30,incheon_elderly | michuhol_elderly | nhis_ltc,국민건강보험공단_장기요양기관 시설별 현황_20260610 | 인천광역시 미추홀구_노인복지시설_20250620 | 인천광역시_노인복지시설 현황_20260630,incheon_elderly_welfare_facilities_20260630.xlsx | michuhol_elderly_welfare_facilities.csv | nhis_long_term_care_facilities_20260610.xlsx,22817700635,5,3,exact_normalized_district_name_address
fac_de593522c75b4c15,지팡이돌봄복지센터,미추홀구,주안동,"인천광역시 미추홀구 석정로 409, 202호 (주안동, 동아프라자)",032-433-8383,노인복지,재가노인복지시설,,,,,37.467326,126.680969,2025-06-01,,,2025-06-20,michuhol_elderly,인천광역시 미추홀구_노인복지시설_20250620,michuhol_elderly_welfare_facilities.csv,,1,1,exact_normalized_district_name_address
fac_e04b061048343558,다가치보호작업장,연수구,,"인천광역시 연수구 새말로 146, 2층",032-815-0208,장애인복지,장애인 직업재활시설,장애인 직업재활시설,14,14,3,37.4168039,126.6847071,,2024-02-08,,2026-03-09,yeonsu_disabled,인천광역시 연수구_장애인 복지시설 현황_20260309,yeonsu_disabled_facilities_20260316.csv,,1,1,exact_normalized_district_name_address
fac_e05f3e27fdb934a7,미추홀재가방문요양센터,미추홀구,주안동,"인천광역시 미추홀구 신기길30번길 34, 1층 (주안동)",032-872-8761,노인복지,방문목욕 | 방문요양 | 재가노인복지시설 | 재가노인복지시설 방문목욕 | 재가노인복지시설 방문요양,장기요양기관 | 재가복지,,,46,37.44685597,126.6746892,2023-06-01,2023-06-01,,2026-06-30,incheon_elderly | michuhol_elderly | nhis_ltc,국민건강보험공단_장기요양기관 시설별 현황_20260610 | 인천광역시 미추홀구_노인복지시설_20250620 | 인천광역시_노인복지시설 현황_20260630,incheon_elderly_welfare_facilities_20260630.xlsx | michuhol_elderly_welfare_facilities.csv | nhis_long_term_care_facilities_20260610.xlsx,22817700619,5,3,exact_normalized_district_name_address
fac_e182d1cc21d9da91,금강방문요양센터,미추홀구,숭의동,"인천광역시 미추홀구 경인로42번길 81, 1층 (숭의동)",032-522-3094,노인복지,방문목욕 | 방문요양 | 재가노인복지시설 | 재가노인복지시설 방문목욕 | 재가노인복지시설 방문요양,장기요양기관 | 재가복지,,,8,37.46081954,126.6497241,2022-06-01,2022-06-01,,2026-06-30,incheon_elderly | michuhol_elderly | nhis_ltc,국민건강보험공단_장기요양기관 시설별 현황_20260610 | 인천광역시 미추홀구_노인복지시설_20250620 | 인천광역시_노인복지시설 현황_20260630,incheon_elderly_welfare_facilities_20260630.xlsx | michuhol_elderly_welfare_facilities.csv | nhis_long_term_care_facilities_20260610.xlsx,22817700572,5,3,exact_normalized_district_name_address
fac_e247354489e98d33,주안요양원,미추홀구,주안동,"인천광역시 미추홀구 석바위로 68, 601호 (주안동, 주안필프라자)",0324335675,노인복지,노인요양시설 | 노인의료복지시설,의료복지,34,,,37.46085744,126.6806235,2015-12-11,,,2026-06-30,incheon_elderly | michuhol_elderly,인천광역시 미추홀구_노인복지시설_20250620 | 인천광역시_노인복지시설 현황_20260630,incheon_elderly_welfare_facilities_20260630.xlsx | michuhol_elderly_welfare_facilities.csv,,2,2,exact_normalized_district_name_address
fac_e3570c09aeaafd0f,자미원요양원,미추홀구,숭의동,인천광역시 미추홀구 참외전로 341 (숭의동),0328883688,노인복지,노인요양시설 | 노인요양시설(개정법) | 노인의료복지시설,의료복지 | 장기요양기관,29,,15,37.4664822,126.6521062,2019-12-01,2019-12-01,,2026-06-30,incheon_elderly | michuhol_elderly | nhis_ltc,국민건강보험공단_장기요양기관 시설별 현황_20260610 | 인천광역시 미추홀구_노인복지시설_20250620 | 인천광역시_노인복지시설 현황_20260630,incheon_elderly_welfare_facilities_20260630.xlsx | michuhol_elderly_welfare_facilities.csv | nhis_long_term_care_facilities_20260610.xlsx,12817700459,3,3,exact_normalized_district_name_address
fac_e38128a6b993b406,365인천노인주야간보호센터,미추홀구,숭의동,"인천광역시 미추홀구 미추로 62, 3층 (숭의동)",032-427-0365,노인복지,재가노인복지시설,,58,,,37.46559,126.645932,2024-12-01,,,2025-06-20,michuhol_elderly,인천광역시 미추홀구_노인복지시설_20250620,michuhol_elderly_welfare_facilities.csv,,1,1,exact_normalized_district_name_address
fac_e658736b3495542d,소리노인장기요양기관,미추홀구,주안동,"인천광역시 미추홀구 구월로 17, 8층 (주안동)",032-887-8852,노인복지,재가노인복지시설,,,,,37.45836,126.692162,2024-09-01,,,2025-06-20,michuhol_elderly,인천광역시 미추홀구_노인복지시설_20250620,michuhol_elderly_welfare_facilities.csv,,1,1,exact_normalized_district_name_address
fac_e6fdd0348c146462,희망재가센터,미추홀구,숭의동,"인천광역시 미추홀구 수봉로 41, 지하1층 (숭의동)",032-882-3468,노인복지,재가노인복지시설,,,,,37.46267233,126.6572677,2022-05-01,,,2025-06-20,michuhol_elderly,인천광역시 미추홀구_노인복지시설_20250620,michuhol_elderly_welfare_facilities.csv,,1,1,exact_normalized_district_name_address
fac_e7abe28cd26cf030,주안하주요양원,미추홀구,주안동,인천광역시 미추홀구 경인로435번길 23 (주안동),0327154455,노인복지,노인요양시설 | 노인요양시설(개정법) | 노인의료복지시설,의료복지 | 장기요양기관,41,,23,37.45915485,126.6885723,2019-10-01,2019-10-01,,2026-06-30,incheon_elderly | michuhol_elderly | nhis_ltc,국민건강보험공단_장기요양기관 시설별 현황_20260610 | 인천광역시 미추홀구_노인복지시설_20250620 | 인천광역시_노인복지시설 현황_20260630,incheon_elderly_welfare_facilities_20260630.xlsx | michuhol_elderly_welfare_facilities.csv | nhis_long_term_care_facilities_20260610.xlsx,12817700445,3,3,exact_normalized_district_name_address
fac_ea99cf94e6c21830,주안愛노인복지센터,미추홀구,주안동,"인천광역시 미추홀구 인주대로470번길 9, 101호 (주안동)",032-710-4479,노인복지,재가노인복지시설,,,,,37.45032517,126.6888604,2021-12-20,,,2025-06-20,michuhol_elderly,인천광역시 미추홀구_노인복지시설_20250620,michuhol_elderly_welfare_facilities.csv,,1,1,exact_normalized_district_name_address
fac_eb9362c8b9d71a40,경인실버복지센터,미추홀구,문학동,"인천광역시 미추홀구 소성로350번길 53, 1층 (문학동)",032-721-3855,노인복지,재가노인복지시설,,,,,37.43491878,126.6859318,2024-05-01,,,2025-06-20,michuhol_elderly,인천광역시 미추홀구_노인복지시설_20250620,michuhol_elderly_welfare_facilities.csv,,1,1,exact_normalized_district_name_address
fac_ee199f84c17f9422,사미노인복지센터,미추홀구,주안동,인천광역시 미추홀구 한나루로490번길 85 (주안동),032-868-8151,노인복지,재가노인복지시설,,,,,37.450523,126.672082,2024-12-01,,,2025-06-20,michuhol_elderly,인천광역시 미추홀구_노인복지시설_20250620,michuhol_elderly_welfare_facilities.csv,,1,1,exact_normalized_district_name_address
fac_eec2e0065fea0800,이음실버케어센터,미추홀구,주안동,"인천광역시 미추홀구 미추홀대로697번길 22 425호,426호 (주안동, 롯데하이텔)",032-205-9246,노인복지,재가노인복지시설 | 재가노인복지시설 방문간호 | 재가노인복지시설 방문목욕 | 재가노인복지시설 방문요양 | 재가노인복지시설 주야간보호,장기요양기관,70,,92,37.4599399,126.6785806,2023-02-01,2023-02-01,,2026-06-10,michuhol_elderly | nhis_ltc,국민건강보험공단_장기요양기관 시설별 현황_20260610 | 인천광역시 미추홀구_노인복지시설_20250620,michuhol_elderly_welfare_facilities.csv | nhis_long_term_care_facilities_20260610.xlsx,22817700610,5,2,exact_normalized_district_name_address
fac_ef12ec8d93c85ea4,보훈복지용구,미추홀구,용현동,"인천광역시 미추홀구 인주대로 141, 101호 (용현동)",032-891-1777,노인복지,복지용구 | 재가노인복지시설 | 재가노인복지시설 복지용구,장기요양기관 | 재가복지,,,1,37.45669209,126.6528618,2023-03-02,2023-03-02,,2026-06-30,incheon_elderly | michuhol_elderly | nhis_ltc,국민건강보험공단_장기요양기관 시설별 현황_20260610 | 인천광역시 미추홀구_노인복지시설_20250620 | 인천광역시_노인복지시설 현황_20260630,incheon_elderly_welfare_facilities_20260630.xlsx | michuhol_elderly_welfare_facilities.csv | nhis_long_term_care_facilities_20260610.xlsx,22817700613,3,3,exact_normalized_district_name_address
fac_ef2023d593dbc778,참사랑요양원,미추홀구,주안동,인천광역시 미추홀구 주안로 157-1 (주안동),0324647802,노인복지,노인요양시설 | 노인요양시설(개정법) | 노인의료복지시설,의료복지 | 장기요양기관,49,,36,37.46392981,126.6873702,2018-12-05,2018-12-05,,2026-06-30,incheon_elderly | michuhol_elderly | nhis_ltc,국민건강보험공단_장기요양기관 시설별 현황_20260610 | 인천광역시 미추홀구_노인복지시설_20250620 | 인천광역시_노인복지시설 현황_20260630,incheon_elderly_welfare_facilities_20260630.xlsx | michuhol_elderly_welfare_facilities.csv | nhis_long_term_care_facilities_20260610.xlsx,12817700408,3,3,exact_normalized_district_name_address
fac_ef4a5ed0680dc2c2,경인노인주야간보호센터,미추홀구,주안동,"인천광역시 미추홀구 석정로 411, 5층 (주안동)",032-868-9998,노인복지,재가노인복지시설,,34,,,37.46693467,126.6813625,2024-06-01,,,2025-06-20,michuhol_elderly,인천광역시 미추홀구_노인복지시설_20250620,michuhol_elderly_welfare_facilities.csv,,1,1,exact_normalized_district_name_address
fac_efea64d94b0001b1,숭의요양원,미추홀구,숭의동,인천광역시 미추홀구 경인로 42 (숭의동),0328836999,노인복지,노인요양시설 | 노인요양시설(개정법) | 노인의료복지시설,의료복지 | 장기요양기관,49,,29,37.46410079,126.6479805,2026-05-01,2026-05-01,,2026-06-30,incheon_elderly | michuhol_elderly | nhis_ltc,국민건강보험공단_장기요양기관 시설별 현황_20260610 | 인천광역시 미추홀구_노인복지시설_20250620 | 인천광역시_노인복지시설 현황_20260630,incheon_elderly_welfare_facilities_20260630.xlsx | michuhol_elderly_welfare_facilities.csv | nhis_long_term_care_facilities_20260610.xlsx,12817700738,3,3,exact_normalized_district_name_address
fac_f00dfbd355945acc,선학1공동생활가정,연수구,청학동,인천광역시 연수구 청능말로14번길 10(청학동 458-11 101호),032-818-5810,장애인복지,장애인 거주시설,장애인 거주시설,4,3,1,37.417387,126.667786,,1996-04-23,,2026-03-09,yeonsu_disabled,인천광역시 연수구_장애인 복지시설 현황_20260309,yeonsu_disabled_facilities_20260316.csv,,1,1,exact_normalized_district_name_address
fac_f258ca7c042d34e7,효다함요양원,미추홀구,숭의동,"인천광역시 미추홀구 독배로 443, 411호 (숭의동)",0328848883,노인복지,노인요양시설 | 노인요양시설(개정법) | 노인의료복지시설,의료복지 | 장기요양기관,42,,27,37.4588359,126.6481512,2011-02-08,2011-02-08,,2026-06-30,incheon_elderly | michuhol_elderly | nhis_ltc,국민건강보험공단_장기요양기관 시설별 현황_20260610 | 인천광역시 미추홀구_노인복지시설_20250620 | 인천광역시_노인복지시설 현황_20260630,incheon_elderly_welfare_facilities_20260630.xlsx | michuhol_elderly_welfare_facilities.csv | nhis_long_term_care_facilities_20260610.xlsx,12817000182,3,3,exact_normalized_district_name_address
fac_f57eedd094d1a1ce,비타민재가방문요양센터,미추홀구,학익동,"인천광역시 미추홀구 매소홀로 262, 15002호 (학익동)",032-858-4331,노인복지,재가노인복지시설,,,,,37.444443,126.652395,2025-01-01,,,2025-06-20,michuhol_elderly,인천광역시 미추홀구_노인복지시설_20250620,michuhol_elderly_welfare_facilities.csv,,1,1,exact_normalized_district_name_address
fac_f58ca4f12460a8bf,효신노인복지센터,미추홀구,용현동,인천광역시 미추홀구 비룡길78번길 4-21 (용현동),032-883-7979,노인복지,방문목욕 | 방문요양 | 재가노인복지시설 | 재가노인복지시설 방문목욕 | 재가노인복지시설 방문요양,장기요양기관 | 재가복지,,,12,37.45407042,126.65338,2023-10-01,2023-10-01,,2026-06-30,incheon_elderly | michuhol_elderly | nhis_ltc,국민건강보험공단_장기요양기관 시설별 현황_20260610 | 인천광역시 미추홀구_노인복지시설_20250620 | 인천광역시_노인복지시설 현황_20260630,incheon_elderly_welfare_facilities_20260630.xlsx | michuhol_elderly_welfare_facilities.csv | nhis_long_term_care_facilities_20260610.xlsx,22817700639,5,3,exact_normalized_district_name_address
fac_f65a3ac015d715c6,한결재가복지센터,미추홀구,주안동,"인천광역시 미추홀구 구월로19번길 6-37, 가동 5호 (주안동, 한성상가)",032-422-0810,노인복지,재가노인복지시설,,,,,37.458236,126.693744,2025-06-01,,,2025-06-20,michuhol_elderly,인천광역시 미추홀구_노인복지시설_20250620,michuhol_elderly_welfare_facilities.csv,,1,1,exact_normalized_district_name_address
fac_f72e786f812b60f3,밝은마음,연수구,동춘동,인천광역시 연수구 봉재산로 68(동춘동 325-4),032-817-2070,장애인복지,장애인 거주시설,장애인 거주시설,50,50,43,37.406015,126.665079,,1991-06-04,,2026-03-09,yeonsu_disabled,인천광역시 연수구_장애인 복지시설 현황_20260309,yeonsu_disabled_facilities_20260316.csv,,1,1,exact_normalized_district_name_address
fac_f85873fcc4e684e8,조은재가복지센터,미추홀구,주안동,"인천광역시 미추홀구 경원대로821번길 58, 1층 (주안동)",032-439-7103,노인복지,방문간호 | 방문목욕 | 방문요양 | 재가노인복지시설 | 재가노인복지시설 방문간호 | 재가노인복지시설 방문목욕 | 재가노인복지시설 방문요양,장기요양기관 | 재가복지,,,70,37.45608218,126.6862039,2022-04-01,2022-04-01,,2026-06-30,incheon_elderly | michuhol_elderly | nhis_ltc,국민건강보험공단_장기요양기관 시설별 현황_20260610 | 인천광역시 미추홀구_노인복지시설_20250620 | 인천광역시_노인복지시설 현황_20260630,incheon_elderly_welfare_facilities_20260630.xlsx | michuhol_elderly_welfare_facilities.csv | nhis_long_term_care_facilities_20260610.xlsx,22817700560,7,3,exact_normalized_district_name_address
fac_fa2a01482d3733c5,즐거운복지센터,미추홀구,주안동,"인천광역시 미추홀구 학익소로37번길 22, 201호 (주안동)",032-213-1255,노인복지,재가노인복지시설,,,,,37.44448639,126.6715905,2023-12-01,,,2025-06-20,michuhol_elderly,인천광역시 미추홀구_노인복지시설_20250620,michuhol_elderly_welfare_facilities.csv,,1,1,exact_normalized_district_name_address
fac_fa94592d99ba6dff,천사랑 방문요양센터,미추홀구,주안동,"인천광역시 미추홀구 경원대로833번길 25-1, 102호 (주안동)",032-422-1459,노인복지,방문목욕 | 방문요양 | 재가노인복지시설 | 재가노인복지시설 방문목욕 | 재가노인복지시설 방문요양,장기요양기관 | 재가복지,,,36,37.45706446,126.6877694,2023-01-02,2023-01-02,,2026-06-30,incheon_elderly | michuhol_elderly | nhis_ltc,국민건강보험공단_장기요양기관 시설별 현황_20260610 | 인천광역시 미추홀구_노인복지시설_20250620 | 인천광역시_노인복지시설 현황_20260630,incheon_elderly_welfare_facilities_20260630.xlsx | michuhol_elderly_welfare_facilities.csv | nhis_long_term_care_facilities_20260610.xlsx,22817700605,5,3,exact_normalized_district_name_address
fac_fb0ceae0e4fcd44f,샬롬재가노인복지센터,미추홀구,용현동,"인천광역시 미추홀구 독정이로9번길 64, 107호 (용현동)",032-881-3834,노인복지,방문목욕 | 방문요양 | 재가노인복지시설 | 재가노인복지시설 방문목욕 | 재가노인복지시설 방문요양,장기요양기관 | 재가복지,,,41,37.45708925,126.6512374,2023-07-01,2023-07-01,,2026-06-30,incheon_elderly | michuhol_elderly | nhis_ltc,국민건강보험공단_장기요양기관 시설별 현황_20260610 | 인천광역시 미추홀구_노인복지시설_20250620 | 인천광역시_노인복지시설 현황_20260630,incheon_elderly_welfare_facilities_20260630.xlsx | michuhol_elderly_welfare_facilities.csv | nhis_long_term_care_facilities_20260610.xlsx,22817700628,5,3,exact_normalized_district_name_address
fac_fb5b699f48ae2424,효담채주야간보호센터,미추홀구,도화동,인천광역시 미추홀구 경인로 313-1 (도화동),032-833-4828,노인복지,재가노인복지시설 | 재가노인복지시설 주야간보호 | 주야간보호,장기요양기관 | 재가복지,42,,9,37.45966158,126.6754812,2019-10-16,2019-10-16,,2026-06-30,incheon_elderly | michuhol_elderly | nhis_ltc,국민건강보험공단_장기요양기관 시설별 현황_20260610 | 인천광역시 미추홀구_노인복지시설_20250620 | 인천광역시_노인복지시설 현황_20260630,incheon_elderly_welfare_facilities_20260630.xlsx | michuhol_elderly_welfare_facilities.csv | nhis_long_term_care_facilities_20260610.xlsx,22817700449,3,3,exact_normalized_district_name_address
fac_fbf18737559d45c0,성문재가노인복지센터,미추홀구,주안동,"인천광역시 미추홀구 한나루로490번길 9, 1층 (주안동)",032-715-7239,노인복지,재가노인복지시설,,,,,37.45059151,126.6679019,2023-06-01,,,2025-06-20,michuhol_elderly,인천광역시 미추홀구_노인복지시설_20250620,michuhol_elderly_welfare_facilities.csv,,1,1,exact_normalized_district_name_address
fac_fc521e9233a40575,햇살누리요양센터,미추홀구,용현동,인천광역시 미추홀구 독배로 431 (용현동),0328919588,노인복지,노인요양시설 | 노인요양시설(개정법) | 노인의료복지시설,의료복지 | 장기요양기관,46,,29,37.45792912,126.6489993,2013-03-01,2013-03-01,,2026-06-30,incheon_elderly | michuhol_elderly | nhis_ltc,국민건강보험공단_장기요양기관 시설별 현황_20260610 | 인천광역시 미추홀구_노인복지시설_20250620 | 인천광역시_노인복지시설 현황_20260630,incheon_elderly_welfare_facilities_20260630.xlsx | michuhol_elderly_welfare_facilities.csv | nhis_long_term_care_facilities_20260610.xlsx,12817000227,3,3,exact_normalized_district_name_address
fac_fcac8c604f67d65a,햇살노인복지센터,미추홀구,주안동,"인천광역시 미추홀구 한나루로 548-1, A동 1층 (주안동)",032-772-0116,노인복지,재가노인복지시설,,,,,37.455497,126.670188,2024-12-01,,,2025-06-20,michuhol_elderly,인천광역시 미추홀구_노인복지시설_20250620,michuhol_elderly_welfare_facilities.csv,,1,1,exact_normalized_district_name_address
fac_fe4e71c8a283f3e6,연수구장애인주간보호센터,연수구,옥련동,인천광역시 연수구 청량로185번길 31(옥련동 SM프라자 201호),032-749-6891,장애인복지,장애인 지역사회 재활시설,장애인 지역사회 재활시설,24,20,7,37.422973,126.651085,,2014-02-01,,2026-03-09,yeonsu_disabled,인천광역시 연수구_장애인 복지시설 현황_20260309,yeonsu_disabled_facilities_20260316.csv,,1,1,exact_normalized_district_name_address
