geometry_zone_id,geometry_adm_cd_20250630,geometry_district_name_20250630,geometry_dong_name_20250630,geometry_base_date,current_district_names_20260701,current_dong_names_20260701,map_unit_status,integrated_building_geometry_features,integrated_gis_ids_with_feature_in_zone,linked_gis_ids_used_by_assigned_age_records,age_building_register_records_assigned,age_valid_records,age_missing_or_invalid_records,age_coverage_pct,age_30_plus_records,age_30_plus_share_valid_pct,age_40_plus_records,age_40_plus_share_valid_pct,residential_records,residential_age_valid_records,residential_age_missing_or_invalid_records,residential_age_coverage_pct,residential_age_30_plus_records,residential_age_30_plus_share_valid_pct,residential_age_40_plus_records,residential_age_40_plus_share_valid_pct,metric_grain,spatial_assignment_method,age_data_as_of_date
vworld_sgis_20250630:23010520,23010520,중구,연안동,20250630,제물포구,연안동,exact,3516,1757,336,465,350,115,75.2688,181,51.7143,97,27.7143,129,42,87,32.5581,40,95.2381,33,78.5714,normalized_building_register_record,AL_D010_A1_representative_point_within_20250630_zone,2026-08-05
vworld_sgis_20250630:23010530,23010530,중구,신포동,20250630,제물포구,신포동,exact,4159,2080,617,909,486,423,53.4653,361,74.2798,292,60.0823,565,226,339,40.0000,178,78.7611,143,63.2743,normalized_building_register_record,AL_D010_A1_representative_point_within_20250630_zone,2026-08-05
vworld_sgis_20250630:23010540,23010540,중구,신흥동,20250630,제물포구,신흥동,exact,4933,2466,826,1067,764,303,71.6026,426,55.7592,298,39.0052,478,229,249,47.9079,182,79.4760,131,57.2052,normalized_building_register_record,AL_D010_A1_representative_point_within_20250630_zone,2026-08-05
vworld_sgis_20250630:23010560,23010560,중구,도원동,20250630,제물포구,도원동,exact,1588,794,204,298,230,68,77.1812,202,87.8261,106,46.0870,202,150,52,74.2574,132,88.0000,44,29.3333,normalized_building_register_record,AL_D010_A1_representative_point_within_20250630_zone,2026-08-05
vworld_sgis_20250630:23010570,23010570,중구,율목동,20250630,제물포구,율목동,exact,1564,782,130,188,122,66,64.8936,109,89.3443,61,50.0000,154,101,53,65.5844,92,91.0891,48,47.5248,normalized_building_register_record,AL_D010_A1_representative_point_within_20250630_zone,2026-08-05
vworld_sgis_20250630:23010580,23010580,중구,동인천동,20250630,제물포구,동인천동,exact,4044,2022,675,979,743,236,75.8938,655,88.1561,554,74.5626,605,429,176,70.9091,381,88.8112,328,76.4569,normalized_building_register_record,AL_D010_A1_representative_point_within_20250630_zone,2026-08-05
vworld_sgis_20250630:23010630,23010630,중구,용유동,20250630,영종구,용유동,exact,3898,3897,1463,1463,1393,70,95.2153,350,25.1256,325,23.3309,572,533,39,93.1818,282,52.9081,271,50.8443,normalized_building_register_record,AL_D010_A1_representative_point_within_20250630_zone,2026-08-05
vworld_sgis_20250630:23010640,23010640,중구,운서동,20250630,영종구,운서1동|운서2동,aggregated_split,4303,4303,1235,1235,1232,3,99.7571,9,0.7305,1,0.0812,1057,1054,3,99.7162,1,0.0949,1,0.0949,normalized_building_register_record,AL_D010_A1_representative_point_within_20250630_zone,2026-08-05
vworld_sgis_20250630:23010650,23010650,중구,영종동,20250630,영종구,영종동,exact,6075,6073,2624,2593,2386,207,92.0170,68,2.8500,43,1.8022,1726,1568,158,90.8459,37,2.3597,20,1.2755,normalized_building_register_record,AL_D010_A1_representative_point_within_20250630_zone,2026-08-05
vworld_sgis_20250630:23010670,23010670,중구,개항동,20250630,제물포구,개항동,exact,6074,3045,691,978,681,297,69.6319,546,80.1762,417,61.2335,715,451,264,63.0769,405,89.8004,309,68.5144,normalized_building_register_record,AL_D010_A1_representative_point_within_20250630_zone,2026-08-05
vworld_sgis_20250630:23010681,23010681,중구,영종1동,20250630,영종구,영종1동,exact,540,540,19,19,19,0,100.0000,0,0.0000,0,0.0000,0,0,0,,0,,0,,normalized_building_register_record,AL_D010_A1_representative_point_within_20250630_zone,2026-08-05
vworld_sgis_20250630:23010691,23010691,중구,영종2동,20250630,영종구,영종2동,exact,1066,1066,47,47,42,5,89.3617,0,0.0000,0,0.0000,14,11,3,78.5714,0,0.0000,0,0.0000,normalized_building_register_record,AL_D010_A1_representative_point_within_20250630_zone,2026-08-05
vworld_sgis_20250630:23020510,23020510,동구,만석동,20250630,제물포구,만석동,exact,1421,1312,436,511,413,98,80.8219,183,44.3099,129,31.2349,200,150,50,75.0000,116,77.3333,89,59.3333,normalized_building_register_record,AL_D010_A1_representative_point_within_20250630_zone,2026-08-05
vworld_sgis_20250630:23020520,23020520,동구,화수1·화평동,20250630,제물포구,화수1.화평동,exact,1436,1309,257,405,231,174,57.0370,159,68.8312,112,48.4848,306,162,144,52.9412,110,67.9012,76,46.9136,normalized_building_register_record,AL_D010_A1_representative_point_within_20250630_zone,2026-08-05
vworld_sgis_20250630:23020530,23020530,동구,화수2동,20250630,제물포구,화수2동,exact,851,799,162,226,187,39,82.7434,138,73.7968,87,46.5241,115,83,32,72.1739,66,79.5181,28,33.7349,normalized_building_register_record,AL_D010_A1_representative_point_within_20250630_zone,2026-08-05
vworld_sgis_20250630:23020550,23020550,동구,송현1·2동,20250630,제물포구,송현1.2동,exact,622,598,177,252,175,77,69.4444,107,61.1429,91,52.0000,144,84,60,58.3333,49,58.3333,46,54.7619,normalized_building_register_record,AL_D010_A1_representative_point_within_20250630_zone,2026-08-05
vworld_sgis_20250630:23020570,23020570,동구,송현3동,20250630,제물포구,송현3동,exact,1179,1121,307,466,356,110,76.3948,204,57.3034,107,30.0562,90,74,16,82.2222,73,98.6486,63,85.1351,normalized_building_register_record,AL_D010_A1_representative_point_within_20250630_zone,2026-08-05
vworld_sgis_20250630:23020580,23020580,동구,송림1동,20250630,제물포구,송림1동,exact,578,555,184,186,98,88,52.6882,85,86.7347,56,57.1429,139,66,73,47.4820,63,95.4545,38,57.5758,normalized_building_register_record,AL_D010_A1_representative_point_within_20250630_zone,2026-08-05
vworld_sgis_20250630:23020590,23020590,동구,송림2동,20250630,제물포구,송림2동,exact,1149,1067,255,391,257,134,65.7289,233,90.6615,168,65.3696,316,203,113,64.2405,191,94.0887,134,66.0099,normalized_building_register_record,AL_D010_A1_representative_point_within_20250630_zone,2026-08-05
vworld_sgis_20250630:23020600,23020600,동구,송림3·5동,20250630,제물포구,송림3·5동,exact,1944,1846,313,378,212,166,56.0847,147,69.3396,126,59.4340,265,133,132,50.1887,101,75.9398,91,68.4211,normalized_building_register_record,AL_D010_A1_representative_point_within_20250630_zone,2026-08-05
vworld_sgis_20250630:23020610,23020610,동구,송림4동,20250630,제물포구,송림4동,exact,960,870,137,142,133,9,93.6620,60,45.1128,14,10.5263,33,28,5,84.8485,8,28.5714,8,28.5714,normalized_building_register_record,AL_D010_A1_representative_point_within_20250630_zone,2026-08-05
vworld_sgis_20250630:23020630,23020630,동구,송림6동,20250630,제물포구,송림6동,exact,1309,1278,321,404,347,57,85.8911,229,65.9942,182,52.4496,186,166,20,89.2473,137,82.5301,103,62.0482,normalized_building_register_record,AL_D010_A1_representative_point_within_20250630_zone,2026-08-05
vworld_sgis_20250630:23020640,23020640,동구,금창동,20250630,제물포구,금창동,exact,1521,1371,293,459,231,228,50.3268,181,78.3550,141,61.0390,370,165,205,44.5946,140,84.8485,109,66.0606,normalized_building_register_record,AL_D010_A1_representative_point_within_20250630_zone,2026-08-05
vworld_sgis_20250630:23040510,23040510,연수구,옥련1동,20250630,연수구,옥련1동,exact,2466,2466,957,956,945,11,98.8494,622,65.8201,250,26.4550,589,584,5,99.1511,414,70.8904,183,31.3356,normalized_building_register_record,AL_D010_A1_representative_point_within_20250630_zone,2026-08-05
vworld_sgis_20250630:23040520,23040520,연수구,선학동,20250630,연수구,선학동,exact,1589,1589,567,567,553,14,97.5309,407,73.5986,11,1.9892,399,390,9,97.7444,304,77.9487,7,1.7949,normalized_building_register_record,AL_D010_A1_representative_point_within_20250630_zone,2026-08-05
vworld_sgis_20250630:23040530,23040530,연수구,연수1동,20250630,연수구,연수1동,exact,1808,1808,1113,1113,1109,4,99.6406,1044,94.1389,3,0.2705,1020,1017,3,99.7059,989,97.2468,1,0.0983,normalized_building_register_record,AL_D010_A1_representative_point_within_20250630_zone,2026-08-05
vworld_sgis_20250630:23040540,23040540,연수구,연수2동,20250630,연수구,연수2동,exact,799,799,439,439,437,2,99.5444,378,86.4989,0,0.0000,330,328,2,99.3939,320,97.5610,0,0.0000,normalized_building_register_record,AL_D010_A1_representative_point_within_20250630_zone,2026-08-05
vworld_sgis_20250630:23040550,23040550,연수구,연수3동,20250630,연수구,연수3동,exact,392,392,126,126,124,2,98.4127,100,80.6452,0,0.0000,81,81,0,100.0000,81,100.0000,0,0.0000,normalized_building_register_record,AL_D010_A1_representative_point_within_20250630_zone,2026-08-05
vworld_sgis_20250630:23040560,23040560,연수구,청학동,20250630,연수구,청학동,exact,2375,2375,1380,1380,1370,10,99.2754,1066,77.8102,301,21.9708,1202,1195,7,99.4176,958,80.1674,286,23.9331,normalized_building_register_record,AL_D010_A1_representative_point_within_20250630_zone,2026-08-05
vworld_sgis_20250630:23040570,23040570,연수구,동춘1동,20250630,연수구,동춘1동,exact,3321,3321,480,480,471,9,98.1250,336,71.3376,41,8.7049,244,242,2,99.1803,198,81.8182,31,12.8099,normalized_building_register_record,AL_D010_A1_representative_point_within_20250630_zone,2026-08-05
vworld_sgis_20250630:23040580,23040580,연수구,동춘2동,20250630,연수구,동춘2동,exact,607,607,228,228,223,5,97.8070,187,83.8565,0,0.0000,128,127,1,99.2188,127,100.0000,0,0.0000,normalized_building_register_record,AL_D010_A1_representative_point_within_20250630_zone,2026-08-05
vworld_sgis_20250630:23040590,23040590,연수구,동춘3동,20250630,연수구,동춘3동,exact,336,336,104,103,102,1,99.0291,90,88.2353,0,0.0000,84,84,0,100.0000,84,100.0000,0,0.0000,normalized_building_register_record,AL_D010_A1_representative_point_within_20250630_zone,2026-08-05
vworld_sgis_20250630:23040600,23040600,연수구,옥련2동,20250630,연수구,옥련2동,exact,2834,2834,381,381,373,8,97.9003,225,60.3217,70,18.7668,275,271,4,98.5455,182,67.1587,56,20.6642,normalized_building_register_record,AL_D010_A1_representative_point_within_20250630_zone,2026-08-05
vworld_sgis_20250630:23040640,23040640,연수구,송도1동,20250630,연수구,송도1동,exact,1323,1323,456,455,444,11,97.5824,0,0.0000,0,0.0000,184,184,0,100.0000,0,0.0000,0,0.0000,normalized_building_register_record,AL_D010_A1_representative_point_within_20250630_zone,2026-08-05
vworld_sgis_20250630:23040650,23040650,연수구,송도3동,20250630,연수구,송도3동,exact,31,31,22,22,22,0,100.0000,0,0.0000,0,0.0000,1,1,0,100.0000,0,0.0000,0,0.0000,normalized_building_register_record,AL_D010_A1_representative_point_within_20250630_zone,2026-08-05
vworld_sgis_20250630:23040660,23040660,연수구,송도2동,20250630,연수구,송도2동,exact,175,175,121,121,120,1,99.1736,0,0.0000,0,0.0000,77,77,0,100.0000,0,0.0000,0,0.0000,normalized_building_register_record,AL_D010_A1_representative_point_within_20250630_zone,2026-08-05
vworld_sgis_20250630:23040680,23040680,연수구,송도4동,20250630,연수구,송도4동,exact,52,52,13,13,11,2,84.6154,0,0.0000,0,0.0000,0,0,0,,0,,0,,normalized_building_register_record,AL_D010_A1_representative_point_within_20250630_zone,2026-08-05
vworld_sgis_20250630:23040690,23040690,연수구,송도5동,20250630,연수구,송도5동,exact,1,1,0,0,0,0,,0,,0,,0,0,0,,0,,0,,normalized_building_register_record,AL_D010_A1_representative_point_within_20250630_zone,2026-08-05
vworld_sgis_20250630:23050510,23050510,남동구,구월1동,20250630,남동구,구월1동,exact,1029,1029,918,917,909,8,99.1276,630,69.3069,89,9.7910,620,614,6,99.0323,443,72.1498,70,11.4007,normalized_building_register_record,AL_D010_A1_representative_point_within_20250630_zone,2026-08-05
vworld_sgis_20250630:23050521,23050521,남동구,구월2동,20250630,남동구,구월2동,exact,1014,1014,622,622,613,9,98.5531,368,60.0326,143,23.3279,466,466,0,100.0000,278,59.6567,109,23.3906,normalized_building_register_record,AL_D010_A1_representative_point_within_20250630_zone,2026-08-05
vworld_sgis_20250630:23050530,23050530,남동구,구월3동,20250630,남동구,구월3동,exact,2309,2308,2068,2067,2041,26,98.7421,1480,72.5135,148,7.2513,1362,1361,1,99.9266,1034,75.9735,118,8.6701,normalized_building_register_record,AL_D010_A1_representative_point_within_20250630_zone,2026-08-05
vworld_sgis_20250630:23050540,23050540,남동구,구월4동,20250630,남동구,구월4동,exact,1400,1400,1307,1306,1296,10,99.2343,1083,83.5648,139,10.7253,964,956,8,99.1701,808,84.5188,80,8.3682,normalized_building_register_record,AL_D010_A1_representative_point_within_20250630_zone,2026-08-05
vworld_sgis_20250630:23050550,23050550,남동구,간석1동,20250630,남동구,간석1동,exact,1636,1636,757,756,753,3,99.6032,488,64.8074,206,27.3572,512,511,1,99.8047,321,62.8180,143,27.9843,normalized_building_register_record,AL_D010_A1_representative_point_within_20250630_zone,2026-08-05
vworld_sgis_20250630:23050561,23050561,남동구,간석2동,20250630,남동구,간석2동,exact,897,897,768,768,747,21,97.2656,517,69.2102,270,36.1446,511,491,20,96.0861,335,68.2281,196,39.9185,normalized_building_register_record,AL_D010_A1_representative_point_within_20250630_zone,2026-08-05
vworld_sgis_20250630:23050570,23050570,남동구,간석3동,20250630,남동구,간석3동,exact,2099,2099,1374,1370,1357,13,99.0511,1049,77.3029,366,26.9713,964,959,5,99.4813,754,78.6236,260,27.1116,normalized_building_register_record,AL_D010_A1_representative_point_within_20250630_zone,2026-08-05
vworld_sgis_20250630:23050580,23050580,남동구,간석4동,20250630,남동구,간석4동,exact,1398,1398,1031,1031,1025,6,99.4180,771,75.2195,389,37.9512,715,714,1,99.8601,560,78.4314,308,43.1373,normalized_building_register_record,AL_D010_A1_representative_point_within_20250630_zone,2026-08-05
vworld_sgis_20250630:23050590,23050590,남동구,만수1동,20250630,남동구,만수1동,exact,833,833,753,751,740,11,98.5353,630,85.1351,104,14.0541,513,506,7,98.6355,428,84.5850,78,15.4150,normalized_building_register_record,AL_D010_A1_representative_point_within_20250630_zone,2026-08-05
vworld_sgis_20250630:23050600,23050600,남동구,만수2동,20250630,남동구,만수2동,exact,852,852,695,690,684,6,99.1304,472,69.0058,243,35.5263,467,466,1,99.7859,322,69.0987,181,38.8412,normalized_building_register_record,AL_D010_A1_representative_point_within_20250630_zone,2026-08-05
vworld_sgis_20250630:23050610,23050610,남동구,만수3동,20250630,남동구,만수3동,exact,932,932,767,766,756,10,98.6945,591,78.1746,118,15.6085,632,623,9,98.5759,498,79.9358,73,11.7175,normalized_building_register_record,AL_D010_A1_representative_point_within_20250630_zone,2026-08-05
vworld_sgis_20250630:23050620,23050620,남동구,만수4동,20250630,남동구,만수4동,exact,548,547,496,491,483,8,98.3707,448,92.7536,163,33.7474,423,419,4,99.0544,400,95.4654,151,36.0382,normalized_building_register_record,AL_D010_A1_representative_point_within_20250630_zone,2026-08-05
vworld_sgis_20250630:23050630,23050630,남동구,만수5동,20250630,남동구,만수5동,exact,1295,1295,1175,1174,1167,7,99.4037,964,82.6050,243,20.8226,892,885,7,99.2152,737,83.2768,191,21.5819,normalized_building_register_record,AL_D010_A1_representative_point_within_20250630_zone,2026-08-05
vworld_sgis_20250630:23050640,23050640,남동구,만수6동,20250630,남동구,만수6동,exact,619,618,551,551,548,3,99.4555,366,66.7883,4,0.7299,308,308,0,100.0000,219,71.1039,1,0.3247,normalized_building_register_record,AL_D010_A1_representative_point_within_20250630_zone,2026-08-05
vworld_sgis_20250630:23050670,23050670,남동구,남촌도림동,20250630,남동구,남촌도림동,exact,2508,2505,1861,1853,1765,88,95.2509,913,51.7280,64,3.6261,789,768,21,97.3384,470,61.1979,27,3.5156,normalized_building_register_record,AL_D010_A1_representative_point_within_20250630_zone,2026-08-05
vworld_sgis_20250630:23050720,23050720,남동구,논현1동,20250630,남동구,논현1동,exact,858,857,504,504,500,4,99.2063,102,20.4000,26,5.2000,346,345,1,99.7110,65,18.8406,15,4.3478,normalized_building_register_record,AL_D010_A1_representative_point_within_20250630_zone,2026-08-05
vworld_sgis_20250630:23050730,23050730,남동구,논현2동,20250630,남동구,논현2동,exact,1171,1170,890,888,848,40,95.4955,218,25.7075,0,0.0000,363,363,0,100.0000,0,0.0000,0,0.0000,normalized_building_register_record,AL_D010_A1_representative_point_within_20250630_zone,2026-08-05
vworld_sgis_20250630:23050740,23050740,남동구,논현고잔동,20250630,남동구,논현고잔동,exact,4287,4282,3713,3705,3469,236,93.6302,1711,49.3226,12,0.3459,172,164,8,95.3488,19,11.5854,6,3.6585,normalized_building_register_record,AL_D010_A1_representative_point_within_20250630_zone,2026-08-05
vworld_sgis_20250630:23050750,23050750,남동구,장수서창동,20250630,남동구,장수서창동,exact,1260,1259,923,920,888,32,96.5217,147,16.5541,64,7.2072,525,504,21,96.0000,83,16.4683,41,8.1349,normalized_building_register_record,AL_D010_A1_representative_point_within_20250630_zone,2026-08-05
vworld_sgis_20250630:23050760,23050760,남동구,서창2동,20250630,남동구,서창2동,exact,242,242,204,204,204,0,100.0000,1,0.4902,0,0.0000,157,157,0,100.0000,0,0.0000,0,0.0000,normalized_building_register_record,AL_D010_A1_representative_point_within_20250630_zone,2026-08-05
vworld_sgis_20250630:23060510,23060510,부평구,부평1동,20250630,부평구,부평1동,exact,1354,1354,835,835,808,27,96.7665,447,55.3218,226,27.9703,370,360,10,97.2973,213,59.1667,105,29.1667,normalized_building_register_record,AL_D010_A1_representative_point_within_20250630_zone,2026-08-05
vworld_sgis_20250630:23060520,23060520,부평구,부평2동,20250630,부평구,부평2동,exact,1094,1094,864,864,833,31,96.4120,465,55.8223,116,13.9256,695,670,25,96.4029,392,58.5075,92,13.7313,normalized_building_register_record,AL_D010_A1_representative_point_within_20250630_zone,2026-08-05
vworld_sgis_20250630:23060530,23060530,부평구,부평3동,20250630,부평구,부평3동,exact,1653,1653,976,976,915,61,93.7500,577,63.0601,246,26.8852,713,658,55,92.2861,438,66.5653,202,30.6991,normalized_building_register_record,AL_D010_A1_representative_point_within_20250630_zone,2026-08-05
vworld_sgis_20250630:23060540,23060540,부평구,부평4동,20250630,부평구,부평4동,exact,2412,2412,1765,1765,1700,65,96.3173,1011,59.4706,350,20.5882,1192,1156,36,96.9799,661,57.1799,188,16.2630,normalized_building_register_record,AL_D010_A1_representative_point_within_20250630_zone,2026-08-05
vworld_sgis_20250630:23060550,23060550,부평구,부평5동,20250630,부평구,부평5동,exact,1894,1894,1433,1433,1415,18,98.7439,746,52.7208,365,25.7951,880,869,11,98.7500,437,50.2877,212,24.3959,normalized_building_register_record,AL_D010_A1_representative_point_within_20250630_zone,2026-08-05
vworld_sgis_20250630:23060560,23060560,부평구,부평6동,20250630,부평구,부평6동,exact,1082,1082,838,838,829,9,98.9260,560,67.5513,282,34.0169,582,574,8,98.6254,417,72.6481,208,36.2369,normalized_building_register_record,AL_D010_A1_representative_point_within_20250630_zone,2026-08-05
vworld_sgis_20250630:23060570,23060570,부평구,산곡1동,20250630,부평구,산곡1동,exact,2743,2743,303,303,259,44,85.4785,194,74.9035,89,34.3629,194,159,35,81.9588,128,80.5031,76,47.7987,normalized_building_register_record,AL_D010_A1_representative_point_within_20250630_zone,2026-08-05
vworld_sgis_20250630:23060580,23060580,부평구,산곡2동,20250630,부평구,산곡2동,exact,850,850,436,436,428,8,98.1651,249,58.1776,68,15.8879,277,272,5,98.1949,178,65.4412,51,18.7500,normalized_building_register_record,AL_D010_A1_representative_point_within_20250630_zone,2026-08-05
vworld_sgis_20250630:23060590,23060590,부평구,산곡3동,20250630,부평구,산곡3동,exact,1372,1372,930,930,923,7,99.2473,764,82.7736,347,37.5948,744,741,3,99.5968,649,87.5843,329,44.3995,normalized_building_register_record,AL_D010_A1_representative_point_within_20250630_zone,2026-08-05
vworld_sgis_20250630:23060600,23060600,부평구,산곡4동,20250630,부평구,산곡4동,exact,470,470,185,185,180,5,97.2973,136,75.5556,44,24.4444,120,117,3,97.5000,98,83.7607,31,26.4957,normalized_building_register_record,AL_D010_A1_representative_point_within_20250630_zone,2026-08-05
vworld_sgis_20250630:23060610,23060610,부평구,청천1동,20250630,부평구,청천1동,exact,2392,2392,674,674,665,9,98.6647,339,50.9774,181,27.2180,319,317,2,99.3730,187,58.9905,118,37.2240,normalized_building_register_record,AL_D010_A1_representative_point_within_20250630_zone,2026-08-05
vworld_sgis_20250630:23060620,23060620,부평구,청천2동,20250630,부평구,청천2동,exact,2521,2521,1550,1550,1515,35,97.7419,851,56.1716,432,28.5149,590,583,7,98.8136,379,65.0086,180,30.8748,normalized_building_register_record,AL_D010_A1_representative_point_within_20250630_zone,2026-08-05
vworld_sgis_20250630:23060630,23060630,부평구,갈산1동,20250630,부평구,갈산1동,exact,1433,1433,901,901,892,9,99.0011,587,65.8072,244,27.3543,602,597,5,99.1694,416,69.6817,172,28.8107,normalized_building_register_record,AL_D010_A1_representative_point_within_20250630_zone,2026-08-05
vworld_sgis_20250630:23060640,23060640,부평구,갈산2동,20250630,부평구,갈산2동,exact,460,460,362,362,362,0,100.0000,337,93.0939,0,0.0000,298,298,0,100.0000,294,98.6577,0,0.0000,normalized_building_register_record,AL_D010_A1_representative_point_within_20250630_zone,2026-08-05
vworld_sgis_20250630:23060650,23060650,부평구,삼산1동,20250630,부평구,삼산1동,exact,1112,1112,648,648,647,1,99.8457,342,52.8594,75,11.5920,422,422,0,100.0000,259,61.3744,61,14.4550,normalized_building_register_record,AL_D010_A1_representative_point_within_20250630_zone,2026-08-05
vworld_sgis_20250630:23060660,23060660,부평구,부개1동,20250630,부평구,부개1동,exact,1685,1685,1299,1299,1271,28,97.8445,978,76.9473,501,39.4178,1065,1044,21,98.0282,812,77.7778,424,40.6130,normalized_building_register_record,AL_D010_A1_representative_point_within_20250630_zone,2026-08-05
vworld_sgis_20250630:23060670,23060670,부평구,부개2동,20250630,부평구,부개2동,exact,997,997,776,776,774,2,99.7423,515,66.5375,260,33.5917,609,608,1,99.8358,434,71.3816,230,37.8289,normalized_building_register_record,AL_D010_A1_representative_point_within_20250630_zone,2026-08-05
vworld_sgis_20250630:23060680,23060680,부평구,부개3동,20250630,부평구,부개3동,exact,798,798,565,565,557,8,98.5841,404,72.5314,126,22.6212,394,389,5,98.7310,308,79.1774,112,28.7918,normalized_building_register_record,AL_D010_A1_representative_point_within_20250630_zone,2026-08-05
vworld_sgis_20250630:23060690,23060690,부평구,일신동,20250630,부평구,일신동,exact,1451,1451,748,748,721,27,96.3904,431,59.7781,294,40.7767,443,432,11,97.5169,308,71.2963,230,53.2407,normalized_building_register_record,AL_D010_A1_representative_point_within_20250630_zone,2026-08-05
vworld_sgis_20250630:23060700,23060700,부평구,십정1동,20250630,부평구,십정1동,exact,2205,2205,1075,1074,1057,17,98.4171,731,69.1580,384,36.3292,696,685,11,98.4195,533,77.8102,281,41.0219,normalized_building_register_record,AL_D010_A1_representative_point_within_20250630_zone,2026-08-05
vworld_sgis_20250630:23060710,23060710,부평구,십정2동,20250630,부평구,십정2동,exact,2457,2457,2039,2039,2012,27,98.6758,1591,79.0755,786,39.0656,1633,1608,25,98.4691,1299,80.7836,687,42.7239,normalized_building_register_record,AL_D010_A1_representative_point_within_20250630_zone,2026-08-05
vworld_sgis_20250630:23060720,23060720,부평구,삼산2동,20250630,부평구,삼산2동,exact,579,579,282,282,279,3,98.9362,0,0.0000,0,0.0000,195,195,0,100.0000,0,0.0000,0,0.0000,normalized_building_register_record,AL_D010_A1_representative_point_within_20250630_zone,2026-08-05
vworld_sgis_20250630:23070510,23070510,계양구,효성1동,20250630,계양구,효성1동,exact,1915,1915,714,709,695,14,98.0254,460,66.1871,146,21.0072,502,490,12,97.6096,366,74.6939,120,24.4898,normalized_building_register_record,AL_D010_A1_representative_point_within_20250630_zone,2026-08-05
vworld_sgis_20250630:23070520,23070520,계양구,효성2동,20250630,계양구,효성2동,exact,1261,1261,887,875,864,11,98.7429,579,67.0139,218,25.2315,571,566,5,99.1243,415,73.3216,129,22.7915,normalized_building_register_record,AL_D010_A1_representative_point_within_20250630_zone,2026-08-05
vworld_sgis_20250630:23070530,23070530,계양구,계산1동,20250630,계양구,계산1동,exact,1846,1846,1475,1463,1451,12,99.1798,1183,81.5300,460,31.7023,977,971,6,99.3859,814,83.8311,338,34.8095,normalized_building_register_record,AL_D010_A1_representative_point_within_20250630_zone,2026-08-05
vworld_sgis_20250630:23070540,23070540,계양구,계산2동,20250630,계양구,계산2동,exact,1169,1168,974,968,967,1,99.8967,776,80.2482,254,26.2668,782,782,0,100.0000,650,83.1202,213,27.2379,normalized_building_register_record,AL_D010_A1_representative_point_within_20250630_zone,2026-08-05
vworld_sgis_20250630:23070550,23070550,계양구,계산3동,20250630,계양구,계산3동,exact,361,361,266,261,259,2,99.2337,189,72.9730,13,5.0193,171,171,0,100.0000,139,81.2865,11,6.4327,normalized_building_register_record,AL_D010_A1_representative_point_within_20250630_zone,2026-08-05
vworld_sgis_20250630:23070560,23070560,계양구,작전1동,20250630,계양구,작전1동,exact,697,697,505,499,498,1,99.7996,314,63.0522,78,15.6627,329,329,0,100.0000,228,69.3009,59,17.9331,normalized_building_register_record,AL_D010_A1_representative_point_within_20250630_zone,2026-08-05
vworld_sgis_20250630:23070570,23070570,계양구,작전2동,20250630,계양구,작전2동,exact,1567,1567,768,761,755,6,99.2116,581,76.9536,210,27.8146,493,493,0,100.0000,388,78.7018,135,27.3834,normalized_building_register_record,AL_D010_A1_representative_point_within_20250630_zone,2026-08-05
vworld_sgis_20250630:23070580,23070580,계양구,작전서운동,20250630,계양구,작전서운동,exact,1447,1447,866,850,835,15,98.2353,305,36.5269,40,4.7904,406,404,2,99.5074,206,50.9901,14,3.4653,normalized_building_register_record,AL_D010_A1_representative_point_within_20250630_zone,2026-08-05
vworld_sgis_20250630:23070610,23070610,계양구,계양2동,20250630,계양구,계양2동,exact,1867,1867,1487,1472,1469,3,99.7962,1126,76.6508,205,13.9551,1140,1138,2,99.8246,897,78.8225,166,14.5870,normalized_building_register_record,AL_D010_A1_representative_point_within_20250630_zone,2026-08-05
vworld_sgis_20250630:23070620,23070620,계양구,계산4동,20250630,계양구,계산4동,exact,419,419,264,258,255,3,98.8372,75,29.4118,0,0.0000,152,152,0,100.0000,66,43.4211,0,0.0000,normalized_building_register_record,AL_D010_A1_representative_point_within_20250630_zone,2026-08-05
vworld_sgis_20250630:23070630,23070630,계양구,계양1동,20250630,계양구,계양1동,exact,2751,2751,1213,1186,1123,63,94.6880,379,33.7489,185,16.4737,733,690,43,94.1337,286,41.4493,130,18.8406,normalized_building_register_record,AL_D010_A1_representative_point_within_20250630_zone,2026-08-05
vworld_sgis_20250630:23070640,23070640,계양구,계양3동,20250630,계양구,계양3동,exact,1435,1435,969,959,947,12,98.7487,74,7.8141,41,4.3295,583,578,5,99.1424,49,8.4775,33,5.7093,normalized_building_register_record,AL_D010_A1_representative_point_within_20250630_zone,2026-08-05
vworld_sgis_20250630:23080510,23080510,서구,검암경서동,20250630,서해구,검암경서동,exact,5389,5387,2121,2121,2099,22,98.9628,202,9.6236,61,2.9061,1168,1155,13,98.8870,15,1.2987,10,0.8658,normalized_building_register_record,AL_D010_A1_representative_point_within_20250630_zone,2026-08-05
vworld_sgis_20250630:23080531,23080531,서구,연희동,20250630,서해구,연희동,exact,2894,2894,1774,1774,1752,22,98.7599,662,37.7854,37,2.1119,1093,1092,1,99.9085,378,34.6154,19,1.7399,normalized_building_register_record,AL_D010_A1_representative_point_within_20250630_zone,2026-08-05
vworld_sgis_20250630:23080541,23080541,서구,가정1동,20250630,서해구,가정1동,exact,2110,2110,1081,1080,1076,4,99.6296,896,83.2714,284,26.3941,874,870,4,99.5423,747,85.8621,239,27.4713,normalized_building_register_record,AL_D010_A1_representative_point_within_20250630_zone,2026-08-05
vworld_sgis_20250630:23080550,23080550,서구,가정2동,20250630,서해구,가정2동,exact,247,247,53,53,51,2,96.2264,48,94.1176,4,7.8431,39,38,1,97.4359,38,100.0000,3,7.8947,normalized_building_register_record,AL_D010_A1_representative_point_within_20250630_zone,2026-08-05
vworld_sgis_20250630:23080560,23080560,서구,가정3동,20250630,서해구,가정3동,exact,377,377,312,312,311,1,99.6795,289,92.9260,1,0.3215,268,267,1,99.6269,258,96.6292,0,0.0000,normalized_building_register_record,AL_D010_A1_representative_point_within_20250630_zone,2026-08-05
vworld_sgis_20250630:23080580,23080580,서구,석남1동,20250630,서해구,석남1동,exact,2408,2408,1592,1592,1590,2,99.8744,1289,81.0692,514,32.3270,1178,1177,1,99.9151,984,83.6024,401,34.0697,normalized_building_register_record,AL_D010_A1_representative_point_within_20250630_zone,2026-08-05
vworld_sgis_20250630:23080590,23080590,서구,석남2동,20250630,서해구,석남2동,exact,3584,3583,2149,2149,2111,38,98.2317,1476,69.9195,825,39.0810,1153,1137,16,98.6123,1040,91.4688,655,57.6077,normalized_building_register_record,AL_D010_A1_representative_point_within_20250630_zone,2026-08-05
vworld_sgis_20250630:23080600,23080600,서구,석남3동,20250630,서해구,석남3동,exact,1309,1309,869,869,853,16,98.1588,672,78.7808,281,32.9426,733,719,14,98.0900,574,79.8331,253,35.1878,normalized_building_register_record,AL_D010_A1_representative_point_within_20250630_zone,2026-08-05
vworld_sgis_20250630:23080620,23080620,서구,가좌1동,20250630,서해구,가좌1동,exact,4399,4398,2447,2447,2408,39,98.4062,1138,47.2591,541,22.4668,720,714,6,99.1667,670,93.8375,335,46.9188,normalized_building_register_record,AL_D010_A1_representative_point_within_20250630_zone,2026-08-05
vworld_sgis_20250630:23080630,23080630,서구,가좌2동,20250630,서해구,가좌2동,exact,455,455,325,325,323,2,99.3846,234,72.4458,49,15.1703,209,208,1,99.5215,162,77.8846,22,10.5769,normalized_building_register_record,AL_D010_A1_representative_point_within_20250630_zone,2026-08-05
vworld_sgis_20250630:23080640,23080640,서구,가좌3동,20250630,서해구,가좌3동,exact,1843,1843,1247,1247,1232,15,98.7971,951,77.1916,459,37.2565,729,724,5,99.3141,678,93.6464,299,41.2983,normalized_building_register_record,AL_D010_A1_representative_point_within_20250630_zone,2026-08-05
vworld_sgis_20250630:23080650,23080650,서구,가좌4동,20250630,서해구,가좌4동,exact,1411,1411,792,792,769,23,97.0960,601,78.1534,407,52.9259,413,405,8,98.0630,387,95.5556,261,64.4444,normalized_building_register_record,AL_D010_A1_representative_point_within_20250630_zone,2026-08-05
vworld_sgis_20250630:23080730,23080730,서구,신현원창동,20250630,서해구,신현원창동,exact,3835,3832,1832,1832,1809,23,98.7445,1120,61.9127,340,18.7949,1012,1008,4,99.6047,859,85.2183,297,29.4643,normalized_building_register_record,AL_D010_A1_representative_point_within_20250630_zone,2026-08-05
vworld_sgis_20250630:23080740,23080740,서구,청라1동,20250630,서해구,청라1동,exact,513,513,324,323,321,2,99.3808,0,0.0000,0,0.0000,259,259,0,100.0000,0,0.0000,0,0.0000,normalized_building_register_record,AL_D010_A1_representative_point_within_20250630_zone,2026-08-05
vworld_sgis_20250630:23080780,23080780,서구,청라2동,20250630,서해구,청라2동,exact,754,753,469,469,455,14,97.0149,0,0.0000,0,0.0000,396,396,0,100.0000,0,0.0000,0,0.0000,normalized_building_register_record,AL_D010_A1_representative_point_within_20250630_zone,2026-08-05
vworld_sgis_20250630:23080790,23080790,서구,청라3동,20250630,서해구,청라3동,exact,971,971,644,643,642,1,99.8445,1,0.1558,0,0.0000,500,500,0,100.0000,0,0.0000,0,0.0000,normalized_building_register_record,AL_D010_A1_representative_point_within_20250630_zone,2026-08-05
vworld_sgis_20250630:23080800,23080800,서구,검단동,20250630,검단구,검단동,exact,4327,4327,1297,1297,1212,85,93.4464,341,28.1353,50,4.1254,580,526,54,90.6897,96,18.2510,18,3.4221,normalized_building_register_record,AL_D010_A1_representative_point_within_20250630_zone,2026-08-05
vworld_sgis_20250630:23080810,23080810,서구,불로대곡동,20250630,검단구,불로대곡동,exact,5086,5086,861,861,788,73,91.5215,273,34.6447,40,5.0761,310,264,46,85.1613,54,20.4545,21,7.9545,normalized_building_register_record,AL_D010_A1_representative_point_within_20250630_zone,2026-08-05
vworld_sgis_20250630:23080840,23080840,서구,오류왕길동,20250630,검단구,오류왕길동,exact,7491,7488,2293,2293,2164,129,94.3742,408,18.8540,37,1.7098,479,381,98,79.5407,128,33.5958,12,3.1496,normalized_building_register_record,AL_D010_A1_representative_point_within_20250630_zone,2026-08-05
vworld_sgis_20250630:23080850,23080850,서구,당하동,20250630,검단구,당하동,exact,1920,1920,339,339,336,3,99.1150,11,3.2738,2,0.5952,203,203,0,100.0000,0,0.0000,0,0.0000,normalized_building_register_record,AL_D010_A1_representative_point_within_20250630_zone,2026-08-05
vworld_sgis_20250630:23080860,23080860,서구,마전동,20250630,검단구,마전동,exact,791,791,232,232,230,2,99.1379,16,6.9565,2,0.8696,150,149,1,99.3333,1,0.6711,1,0.6711,normalized_building_register_record,AL_D010_A1_representative_point_within_20250630_zone,2026-08-05
vworld_sgis_20250630:23080870,23080870,서구,원당동,20250630,검단구,원당동,exact,2261,2261,543,543,540,3,99.4475,9,1.6667,1,0.1852,424,424,0,100.0000,2,0.4717,1,0.2358,normalized_building_register_record,AL_D010_A1_representative_point_within_20250630_zone,2026-08-05
vworld_sgis_20250630:23080880,23080880,서구,아라동,20250630,검단구,아라1동|아라2동,aggregated_split,3222,3222,47,47,35,12,74.4681,12,34.2857,2,5.7143,23,12,11,52.1739,4,33.3333,1,8.3333,normalized_building_register_record,AL_D010_A1_representative_point_within_20250630_zone,2026-08-05
vworld_sgis_20250630:23090520,23090520,미추홀구,숭의2동,20250630,미추홀구,숭의2동,exact,1541,1541,1055,1054,878,176,83.3017,545,62.0729,353,40.2050,791,648,143,81.9216,407,62.8086,268,41.3580,normalized_building_register_record,AL_D010_A1_representative_point_within_20250630_zone,2026-08-05
vworld_sgis_20250630:23090540,23090540,미추홀구,숭의4동,20250630,미추홀구,숭의4동,exact,2315,2315,1563,1563,1329,234,85.0288,891,67.0429,591,44.4695,1390,1166,224,83.8849,783,67.1527,515,44.1681,normalized_building_register_record,AL_D010_A1_representative_point_within_20250630_zone,2026-08-05
vworld_sgis_20250630:23090560,23090560,미추홀구,용현2동,20250630,미추홀구,용현2동,exact,1157,1157,545,543,519,24,95.5801,326,62.8131,232,44.7013,411,391,20,95.1338,235,60.1023,173,44.2455,normalized_building_register_record,AL_D010_A1_representative_point_within_20250630_zone,2026-08-05
vworld_sgis_20250630:23090570,23090570,미추홀구,용현3동,20250630,미추홀구,용현3동,exact,1802,1802,1366,1365,1252,113,91.7216,1094,87.3802,784,62.6198,1163,1074,89,92.3474,956,89.0130,686,63.8734,normalized_building_register_record,AL_D010_A1_representative_point_within_20250630_zone,2026-08-05
vworld_sgis_20250630:23090590,23090590,미추홀구,용현5동,20250630,미추홀구,용현5동,exact,1705,1705,1364,1361,1341,20,98.5305,706,52.6473,398,29.6793,933,924,9,99.0354,505,54.6537,322,34.8485,normalized_building_register_record,AL_D010_A1_representative_point_within_20250630_zone,2026-08-05
vworld_sgis_20250630:23090600,23090600,미추홀구,학익1동,20250630,미추홀구,학익1동,exact,2479,2475,789,788,725,63,92.0051,348,48.0000,180,24.8276,447,398,49,89.0380,201,50.5025,104,26.1307,normalized_building_register_record,AL_D010_A1_representative_point_within_20250630_zone,2026-08-05
vworld_sgis_20250630:23090610,23090610,미추홀구,학익2동,20250630,미추홀구,학익2동,exact,1008,1008,637,636,605,31,95.1258,417,68.9256,175,28.9256,440,417,23,94.7727,340,81.5348,135,32.3741,normalized_building_register_record,AL_D010_A1_representative_point_within_20250630_zone,2026-08-05
vworld_sgis_20250630:23090620,23090620,미추홀구,도화1동,20250630,미추홀구,도화1동,exact,2075,2075,1582,1581,1482,99,93.7381,1029,69.4332,723,48.7854,1282,1193,89,93.0577,850,71.2490,593,49.7066,normalized_building_register_record,AL_D010_A1_representative_point_within_20250630_zone,2026-08-05
vworld_sgis_20250630:23090650,23090650,미추홀구,주안1동,20250630,미추홀구,주안1동,exact,1282,1282,953,949,937,12,98.7355,539,57.5240,276,29.4557,444,436,8,98.1982,239,54.8165,119,27.2936,normalized_building_register_record,AL_D010_A1_representative_point_within_20250630_zone,2026-08-05
vworld_sgis_20250630:23090660,23090660,미추홀구,주안2동,20250630,미추홀구,주안2동,exact,2676,2676,2167,2166,1946,220,89.8430,1561,80.2158,1134,58.2734,1902,1697,205,89.2219,1346,79.3164,991,58.3972,normalized_building_register_record,AL_D010_A1_representative_point_within_20250630_zone,2026-08-05
vworld_sgis_20250630:23090670,23090670,미추홀구,주안3동,20250630,미추홀구,주안3동,exact,1194,1194,991,991,934,57,94.2482,745,79.7645,461,49.3576,873,817,56,93.5853,652,79.8042,404,49.4492,normalized_building_register_record,AL_D010_A1_representative_point_within_20250630_zone,2026-08-05
vworld_sgis_20250630:23090680,23090680,미추홀구,주안4동,20250630,미추홀구,주안4동,exact,2954,2954,1952,1952,1831,121,93.8012,1587,86.6739,1151,62.8618,1692,1581,111,93.4397,1372,86.7805,1014,64.1366,normalized_building_register_record,AL_D010_A1_representative_point_within_20250630_zone,2026-08-05
vworld_sgis_20250630:23090690,23090690,미추홀구,주안5동,20250630,미추홀구,주안5동,exact,1561,1561,1159,1156,1140,16,98.6159,849,74.4737,448,39.2982,746,738,8,98.9276,598,81.0298,302,40.9214,normalized_building_register_record,AL_D010_A1_representative_point_within_20250630_zone,2026-08-05
vworld_sgis_20250630:23090700,23090700,미추홀구,주안6동,20250630,미추홀구,주안6동,exact,1145,1144,873,873,858,15,98.2818,529,61.6550,300,34.9650,536,526,10,98.1343,307,58.3650,172,32.6996,normalized_building_register_record,AL_D010_A1_representative_point_within_20250630_zone,2026-08-05
vworld_sgis_20250630:23090710,23090710,미추홀구,주안7동,20250630,미추홀구,주안7동,exact,1652,1652,1361,1360,1338,22,98.3824,1144,85.5007,498,37.2197,1101,1085,16,98.5468,944,87.0046,386,35.5760,normalized_building_register_record,AL_D010_A1_representative_point_within_20250630_zone,2026-08-05
vworld_sgis_20250630:23090720,23090720,미추홀구,주안8동,20250630,미추홀구,주안8동,exact,1296,1296,1072,1070,1065,5,99.5327,762,71.5493,399,37.4648,809,809,0,100.0000,602,74.4129,344,42.5216,normalized_building_register_record,AL_D010_A1_representative_point_within_20250630_zone,2026-08-05
vworld_sgis_20250630:23090730,23090730,미추홀구,관교동,20250630,미추홀구,관교동,exact,730,730,593,592,588,4,99.3243,526,89.4558,37,6.2925,500,499,1,99.8000,460,92.1844,35,7.0140,normalized_building_register_record,AL_D010_A1_representative_point_within_20250630_zone,2026-08-05
vworld_sgis_20250630:23090740,23090740,미추홀구,문학동,20250630,미추홀구,문학동,exact,1163,1163,872,872,868,4,99.5413,193,22.2350,66,7.6037,713,709,4,99.4390,148,20.8745,59,8.3216,normalized_building_register_record,AL_D010_A1_representative_point_within_20250630_zone,2026-08-05
vworld_sgis_20250630:23090750,23090750,미추홀구,숭의1·3동,20250630,미추홀구,숭의1.3동,exact,1805,1805,761,760,683,77,89.8684,492,72.0351,392,57.3939,459,403,56,87.7996,300,74.4417,243,60.2978,normalized_building_register_record,AL_D010_A1_representative_point_within_20250630_zone,2026-08-05
vworld_sgis_20250630:23090760,23090760,미추홀구,용현1·4동,20250630,미추홀구,용현1.4동,exact,3414,3414,2802,2800,2542,258,90.7857,1768,69.5515,1114,43.8238,2154,1914,240,88.8579,1493,78.0042,952,49.7388,normalized_building_register_record,AL_D010_A1_representative_point_within_20250630_zone,2026-08-05
vworld_sgis_20250630:23090770,23090770,미추홀구,도화2·3동,20250630,미추홀구,도화2.3동,exact,3569,3565,2124,2115,2008,107,94.9409,1380,68.7251,950,47.3108,1303,1220,83,93.6301,1024,83.9344,712,58.3607,normalized_building_register_record,AL_D010_A1_representative_point_within_20250630_zone,2026-08-05
vworld_sgis_20250630:23510110,23510110,강화군,강화읍,20250630,강화군,강화읍,exact,5991,5991,3947,3947,3841,106,97.3144,2331,60.6873,1574,40.9789,2976,2891,85,97.1438,1825,63.1269,1292,44.6904,normalized_building_register_record,AL_D010_A1_representative_point_within_20250630_zone,2026-08-05
vworld_sgis_20250630:23510310,23510310,강화군,선원면,20250630,강화군,선원면,exact,2740,2739,1763,1763,1755,8,99.5462,649,36.9801,358,20.3989,1183,1178,5,99.5773,491,41.6808,310,26.3158,normalized_building_register_record,AL_D010_A1_representative_point_within_20250630_zone,2026-08-05
vworld_sgis_20250630:23510320,23510320,강화군,불은면,20250630,강화군,불은면,exact,3424,3424,1917,1917,1903,14,99.2697,691,36.3111,347,18.2344,1364,1354,10,99.2669,535,39.5126,297,21.9350,normalized_building_register_record,AL_D010_A1_representative_point_within_20250630_zone,2026-08-05
vworld_sgis_20250630:23510330,23510330,강화군,길상면,20250630,강화군,길상면,exact,7386,7385,2494,2494,2455,39,98.4362,864,35.1935,419,17.0672,1507,1482,25,98.3411,552,37.2470,304,20.5128,normalized_building_register_record,AL_D010_A1_representative_point_within_20250630_zone,2026-08-05
vworld_sgis_20250630:23510340,23510340,강화군,화도면,20250630,강화군,화도면,exact,7153,7153,2445,2445,2118,327,86.6258,581,27.4315,169,7.9792,1527,1250,277,81.8599,343,27.4400,115,9.2000,normalized_building_register_record,AL_D010_A1_representative_point_within_20250630_zone,2026-08-05
vworld_sgis_20250630:23510350,23510350,강화군,양도면,20250630,강화군,양도면,exact,3052,3052,1582,1582,1296,286,81.9216,347,26.7747,103,7.9475,1177,918,259,77.9949,247,26.9063,84,9.1503,normalized_building_register_record,AL_D010_A1_representative_point_within_20250630_zone,2026-08-05
vworld_sgis_20250630:23510360,23510360,강화군,내가면,20250630,강화군,내가면,exact,2177,2177,1331,1331,1285,46,96.5440,552,42.9572,312,24.2802,956,921,35,96.3389,434,47.1227,268,29.0988,normalized_building_register_record,AL_D010_A1_representative_point_within_20250630_zone,2026-08-05
vworld_sgis_20250630:23510370,23510370,강화군,하점면,20250630,강화군,하점면,exact,4006,4006,1880,1880,1859,21,98.8830,912,49.0586,595,32.0065,1395,1388,7,99.4982,734,52.8818,549,39.5533,normalized_building_register_record,AL_D010_A1_representative_point_within_20250630_zone,2026-08-05
vworld_sgis_20250630:23510380,23510380,강화군,양사면,20250630,강화군,양사면,exact,2059,2059,891,891,887,4,99.5511,460,51.8602,336,37.8805,712,709,3,99.5787,388,54.7250,307,43.3004,normalized_building_register_record,AL_D010_A1_representative_point_within_20250630_zone,2026-08-05
vworld_sgis_20250630:23510390,23510390,강화군,송해면,20250630,강화군,송해면,exact,2712,2712,1324,1324,1310,14,98.9426,653,49.8473,465,35.4962,1042,1031,11,98.9443,551,53.4433,422,40.9311,normalized_building_register_record,AL_D010_A1_representative_point_within_20250630_zone,2026-08-05
vworld_sgis_20250630:23510400,23510400,강화군,교동면,20250630,강화군,교동면,exact,2910,2910,1006,1006,601,405,59.7416,257,42.7621,137,22.7953,775,411,364,53.0323,176,42.8224,105,25.5474,normalized_building_register_record,AL_D010_A1_representative_point_within_20250630_zone,2026-08-05
vworld_sgis_20250630:23510410,23510410,강화군,삼산면,20250630,강화군,삼산면,exact,2404,2404,958,957,945,12,98.7461,413,43.7037,297,31.4286,656,648,8,98.7805,317,48.9198,250,38.5802,normalized_building_register_record,AL_D010_A1_representative_point_within_20250630_zone,2026-08-05
vworld_sgis_20250630:23510420,23510420,강화군,서도면,20250630,강화군,서도면|서도면볼음출장소,parent_with_branch_office,708,708,279,279,274,5,98.2079,203,74.0876,193,70.4380,219,217,2,99.0868,181,83.4101,176,81.1060,normalized_building_register_record,AL_D010_A1_representative_point_within_20250630_zone,2026-08-05
vworld_sgis_20250630:23520310,23520310,옹진군,북도면,20250630,옹진군,북도면|북도면장봉출장소,parent_with_branch_office,2757,2749,1105,1104,1005,99,91.0326,379,37.7114,230,22.8856,776,696,80,89.6907,285,40.9483,194,27.8736,normalized_building_register_record,AL_D010_A1_representative_point_within_20250630_zone,2026-08-05
vworld_sgis_20250630:23520320,23520320,옹진군,연평면,20250630,옹진군,연평면,exact,881,881,499,499,401,98,80.3607,296,73.8155,254,63.3416,390,303,87,77.6923,237,78.2178,210,69.3069,normalized_building_register_record,AL_D010_A1_representative_point_within_20250630_zone,2026-08-05
vworld_sgis_20250630:23520330,23520330,옹진군,백령면,20250630,옹진군,백령면,exact,3287,3287,1333,1333,1276,57,95.7239,700,54.8589,534,41.8495,924,896,28,96.9697,525,58.5938,430,47.9911,normalized_building_register_record,AL_D010_A1_representative_point_within_20250630_zone,2026-08-05
vworld_sgis_20250630:23520340,23520340,옹진군,대청면,20250630,옹진군,대청면|대청면소청출장소,parent_with_branch_office,1029,1029,550,550,528,22,96.0000,429,81.2500,393,74.4318,449,434,15,96.6592,378,87.0968,355,81.7972,normalized_building_register_record,AL_D010_A1_representative_point_within_20250630_zone,2026-08-05
vworld_sgis_20250630:23520350,23520350,옹진군,덕적면,20250630,옹진군,덕적면,exact,2177,2177,866,866,805,61,92.9561,444,55.1553,351,43.6025,695,648,47,93.2374,373,57.5617,310,47.8395,normalized_building_register_record,AL_D010_A1_representative_point_within_20250630_zone,2026-08-05
vworld_sgis_20250630:23520360,23520360,옹진군,자월면,20250630,옹진군,자월면|자월면이작출장소,parent_with_branch_office,1739,1739,658,658,649,9,98.6322,254,39.1371,172,26.5023,562,558,4,99.2883,219,39.2473,153,27.4194,normalized_building_register_record,AL_D010_A1_representative_point_within_20250630_zone,2026-08-05
vworld_sgis_20250630:23520370,23520370,옹진군,영흥면,20250630,옹진군,영흥면,exact,4993,4993,2053,2053,2013,40,98.0516,374,18.5792,215,10.6806,1425,1397,28,98.0351,313,22.4052,179,12.8132,normalized_building_register_record,AL_D010_A1_representative_point_within_20250630_zone,2026-08-05
