district_code,district_name,legal_dong_code,legal_dong_name,building_records,age_valid_records,age_missing_or_invalid_records,age_coverage_pct,age_30_plus_records,age_30_plus_share_valid_pct,age_40_plus_records,age_40_plus_share_valid_pct,residential_records,residential_age_valid_records,residential_age_missing_or_invalid_records,residential_age_coverage_pct,residential_age_30_plus_records,residential_age_30_plus_share_valid_pct,residential_age_40_plus_records,residential_age_40_plus_share_valid_pct,data_as_of_date,granularity
28125,제물포구,2812510100,인천광역시 제물포구 만석동,760,587,173,77.2368,294,50.0852,198,33.7308,422,277,145,65.6398,193,69.6751,139,50.1805,2026-08-05,legal_dong; not administrative_dong
28125,제물포구,2812510200,인천광역시 제물포구 화수동,1098,756,342,68.8525,624,82.5397,307,40.6085,862,565,297,65.5452,489,86.5487,230,40.7080,2026-08-05,legal_dong; not administrative_dong
28125,제물포구,2812510300,인천광역시 제물포구 송현동,1473,1098,375,74.5418,718,65.3916,438,39.8907,691,360,331,52.0984,291,80.8333,233,64.7222,2026-08-05,legal_dong; not administrative_dong
28125,제물포구,2812510400,인천광역시 제물포구 화평동,521,308,213,59.1171,223,72.4026,154,50.0000,406,222,184,54.6798,159,71.6216,115,51.8018,2026-08-05,legal_dong; not administrative_dong
28125,제물포구,2812510500,인천광역시 제물포구 창영동,199,135,64,67.8392,97,71.8519,81,60.0000,146,93,53,63.6986,75,80.6452,65,69.8925,2026-08-05,legal_dong; not administrative_dong
28125,제물포구,2812510600,인천광역시 제물포구 금곡동,552,351,201,63.5870,286,81.4815,190,54.1311,386,219,167,56.7358,179,81.7352,99,45.2055,2026-08-05,legal_dong; not administrative_dong
28125,제물포구,2812510700,인천광역시 제물포구 송림동,2552,1934,618,75.7837,1551,80.1965,1189,61.4788,1853,1283,570,69.2391,1149,89.5557,916,71.3952,2026-08-05,legal_dong; not administrative_dong
28125,제물포구,2812510800,인천광역시 제물포구 중앙동1가,38,29,9,76.3158,21,72.4138,13,44.8276,13,9,4,69.2308,7,77.7778,5,55.5556,2026-08-05,legal_dong; not administrative_dong
28125,제물포구,2812510900,인천광역시 제물포구 중앙동2가,45,17,28,37.7778,14,82.3529,11,64.7059,20,3,17,15.0000,2,66.6667,2,66.6667,2026-08-05,legal_dong; not administrative_dong
28125,제물포구,2812511000,인천광역시 제물포구 중앙동3가,51,23,28,45.0980,18,78.2609,13,56.5217,11,3,8,27.2727,2,66.6667,1,33.3333,2026-08-05,legal_dong; not administrative_dong
28125,제물포구,2812511100,인천광역시 제물포구 중앙동4가,58,39,19,67.2414,35,89.7436,26,66.6667,2,2,0,100.0000,2,100.0000,2,100.0000,2026-08-05,legal_dong; not administrative_dong
28125,제물포구,2812511200,인천광역시 제물포구 해안동1가,15,13,2,86.6667,5,38.4615,4,30.7692,0,0,0,,0,,0,,2026-08-05,legal_dong; not administrative_dong
28125,제물포구,2812511300,인천광역시 제물포구 해안동2가,34,27,7,79.4118,20,74.0741,17,62.9630,10,10,0,100.0000,9,90.0000,9,90.0000,2026-08-05,legal_dong; not administrative_dong
28125,제물포구,2812511400,인천광역시 제물포구 해안동3가,6,4,2,66.6667,3,75.0000,1,25.0000,2,0,2,0.0000,0,,0,,2026-08-05,legal_dong; not administrative_dong
28125,제물포구,2812511500,인천광역시 제물포구 해안동4가,6,2,4,33.3333,2,100.0000,2,100.0000,0,0,0,,0,,0,,2026-08-05,legal_dong; not administrative_dong
28125,제물포구,2812511600,인천광역시 제물포구 관동1가,46,28,18,60.8696,18,64.2857,10,35.7143,33,18,15,54.5455,11,61.1111,6,33.3333,2026-08-05,legal_dong; not administrative_dong
28125,제물포구,2812511700,인천광역시 제물포구 관동2가,47,17,30,36.1702,10,58.8235,5,29.4118,28,8,20,28.5714,5,62.5000,2,25.0000,2026-08-05,legal_dong; not administrative_dong
28125,제물포구,2812511800,인천광역시 제물포구 관동3가,42,21,21,50.0000,18,85.7143,14,66.6667,10,3,7,30.0000,2,66.6667,2,66.6667,2026-08-05,legal_dong; not administrative_dong
28125,제물포구,2812511900,인천광역시 제물포구 항동1가,51,27,24,52.9412,22,81.4815,22,81.4815,15,10,5,66.6667,9,90.0000,9,90.0000,2026-08-05,legal_dong; not administrative_dong
28125,제물포구,2812512000,인천광역시 제물포구 항동2가,1,1,0,100.0000,0,0.0000,0,0.0000,0,0,0,,0,,0,,2026-08-05,legal_dong; not administrative_dong
28125,제물포구,2812512100,인천광역시 제물포구 항동3가,3,2,1,66.6667,1,50.0000,1,50.0000,0,0,0,,0,,0,,2026-08-05,legal_dong; not administrative_dong
28125,제물포구,2812512200,인천광역시 제물포구 항동4가,6,4,2,66.6667,4,100.0000,2,50.0000,0,0,0,,0,,0,,2026-08-05,legal_dong; not administrative_dong
28125,제물포구,2812512300,인천광역시 제물포구 항동5가,4,3,1,75.0000,0,0.0000,0,0.0000,0,0,0,,0,,0,,2026-08-05,legal_dong; not administrative_dong
28125,제물포구,2812512400,인천광역시 제물포구 항동6가,5,3,2,60.0000,2,66.6667,1,33.3333,0,0,0,,0,,0,,2026-08-05,legal_dong; not administrative_dong
28125,제물포구,2812512500,인천광역시 제물포구 항동7가,672,649,23,96.5774,358,55.1618,199,30.6626,47,47,0,100.0000,35,74.4681,25,53.1915,2026-08-05,legal_dong; not administrative_dong
28125,제물포구,2812512600,인천광역시 제물포구 송학동1가,25,15,10,60.0000,13,86.6667,11,73.3333,7,3,4,42.8571,3,100.0000,3,100.0000,2026-08-05,legal_dong; not administrative_dong
28125,제물포구,2812512700,인천광역시 제물포구 송학동2가,73,53,20,72.6027,45,84.9057,28,52.8302,50,35,15,70.0000,31,88.5714,17,48.5714,2026-08-05,legal_dong; not administrative_dong
28125,제물포구,2812512800,인천광역시 제물포구 송학동3가,116,67,49,57.7586,56,83.5821,46,68.6567,72,41,31,56.9444,35,85.3659,31,75.6098,2026-08-05,legal_dong; not administrative_dong
28125,제물포구,2812512900,인천광역시 제물포구 사동,97,85,12,87.6289,59,69.4118,51,60.0000,37,30,7,81.0811,21,70.0000,19,63.3333,2026-08-05,legal_dong; not administrative_dong
28125,제물포구,2812513000,인천광역시 제물포구 신생동,140,119,21,85.0000,95,79.8319,83,69.7479,59,50,9,84.7458,36,72.0000,31,62.0000,2026-08-05,legal_dong; not administrative_dong
28125,제물포구,2812513100,인천광역시 제물포구 신포동,304,174,130,57.2368,165,94.8276,154,88.5057,72,60,12,83.3333,59,98.3333,59,98.3333,2026-08-05,legal_dong; not administrative_dong
28125,제물포구,2812513200,인천광역시 제물포구 답동,198,133,65,67.1717,107,80.4511,81,60.9023,131,86,45,65.6489,72,83.7209,53,61.6279,2026-08-05,legal_dong; not administrative_dong
28125,제물포구,2812513300,인천광역시 제물포구 신흥동1가,276,139,137,50.3623,103,74.1007,63,45.3237,213,95,118,44.6009,70,73.6842,45,47.3684,2026-08-05,legal_dong; not administrative_dong
28125,제물포구,2812513400,인천광역시 제물포구 신흥동2가,156,118,38,75.6410,90,76.2712,40,33.8983,97,75,22,77.3196,56,74.6667,19,25.3333,2026-08-05,legal_dong; not administrative_dong
28125,제물포구,2812513500,인천광역시 제물포구 신흥동3가,679,629,50,92.6362,244,38.7917,150,23.8474,113,89,24,78.7611,74,83.1461,66,74.1573,2026-08-05,legal_dong; not administrative_dong
28125,제물포구,2812513600,인천광역시 제물포구 선화동,232,169,63,72.8448,147,86.9822,96,56.8047,163,110,53,67.4847,92,83.6364,60,54.5455,2026-08-05,legal_dong; not administrative_dong
28125,제물포구,2812513700,인천광역시 제물포구 유동,192,124,68,64.5833,121,97.5806,106,85.4839,151,94,57,62.2517,93,98.9362,83,88.2979,2026-08-05,legal_dong; not administrative_dong
28125,제물포구,2812513800,인천광역시 제물포구 율목동,375,300,75,80.0000,271,90.3333,77,25.6667,329,265,64,80.5471,241,90.9434,60,22.6415,2026-08-05,legal_dong; not administrative_dong
28125,제물포구,2812513900,인천광역시 제물포구 도원동,654,503,151,76.9113,434,86.2823,193,38.3698,545,417,128,76.5138,366,87.7698,154,36.9305,2026-08-05,legal_dong; not administrative_dong
28125,제물포구,2812514000,인천광역시 제물포구 내동,317,230,87,72.5552,207,90.0000,147,63.9130,161,104,57,64.5963,91,87.5000,60,57.6923,2026-08-05,legal_dong; not administrative_dong
28125,제물포구,2812514100,인천광역시 제물포구 경동,348,335,13,96.2644,307,91.6418,267,79.7015,164,161,3,98.1707,153,95.0311,128,79.5031,2026-08-05,legal_dong; not administrative_dong
28125,제물포구,2812514200,인천광역시 제물포구 용동,158,95,63,60.1266,84,88.4211,70,73.6842,69,36,33,52.1739,28,77.7778,24,66.6667,2026-08-05,legal_dong; not administrative_dong
28125,제물포구,2812514300,인천광역시 제물포구 인현동,236,172,64,72.8814,163,94.7674,142,82.5581,31,24,7,77.4194,23,95.8333,21,87.5000,2026-08-05,legal_dong; not administrative_dong
28125,제물포구,2812514400,인천광역시 제물포구 전동,374,259,115,69.2513,197,76.0618,131,50.5792,283,198,85,69.9647,153,77.2727,102,51.5152,2026-08-05,legal_dong; not administrative_dong
28125,제물포구,2812514500,인천광역시 제물포구 북성동1가,586,520,66,88.7372,412,79.2308,348,66.9231,256,242,14,94.5312,236,97.5207,222,91.7355,2026-08-05,legal_dong; not administrative_dong
28125,제물포구,2812514600,인천광역시 제물포구 북성동2가,233,125,108,53.6481,92,73.6000,65,52.0000,179,87,92,48.6034,59,67.8161,39,44.8276,2026-08-05,legal_dong; not administrative_dong
28125,제물포구,2812514700,인천광역시 제물포구 북성동3가,147,113,34,76.8707,91,80.5310,88,77.8761,115,84,31,73.0435,73,86.9048,71,84.5238,2026-08-05,legal_dong; not administrative_dong
28125,제물포구,2812514800,인천광역시 제물포구 선린동,92,58,34,63.0435,49,84.4828,42,72.4138,39,27,12,69.2308,21,77.7778,18,66.6667,2026-08-05,legal_dong; not administrative_dong
28125,제물포구,2812514900,인천광역시 제물포구 송월동1가,399,292,107,73.1830,252,86.3014,127,43.4932,369,264,105,71.5447,225,85.2273,114,43.1818,2026-08-05,legal_dong; not administrative_dong
28125,제물포구,2812515000,인천광역시 제물포구 송월동2가,67,41,26,61.1940,32,78.0488,20,48.7805,49,28,21,57.1429,21,75.0000,13,46.4286,2026-08-05,legal_dong; not administrative_dong
28125,제물포구,2812515100,인천광역시 제물포구 송월동3가,207,130,77,62.8019,98,75.3846,73,56.1538,169,102,67,60.3550,83,81.3725,60,58.8235,2026-08-05,legal_dong; not administrative_dong
28155,영종구,2815510100,인천광역시 영종구 중산동,804,727,77,90.4229,28,3.8514,19,2.6135,511,455,56,89.0411,13,2.8571,7,1.5385,2026-08-05,legal_dong; not administrative_dong
28155,영종구,2815510200,인천광역시 영종구 운남동,876,818,58,93.3790,13,1.5892,7,0.8557,588,547,41,93.0272,8,1.4625,3,0.5484,2026-08-05,legal_dong; not administrative_dong
28155,영종구,2815510300,인천광역시 영종구 운서동,1261,1258,3,99.7621,9,0.7154,1,0.0795,1057,1054,3,99.7162,1,0.0949,1,0.0949,2026-08-05,legal_dong; not administrative_dong
28155,영종구,2815510400,인천광역시 영종구 운북동,980,903,77,92.1429,27,2.9900,17,1.8826,641,577,64,90.0156,16,2.7730,10,1.7331,2026-08-05,legal_dong; not administrative_dong
28155,영종구,2815510500,인천광역시 영종구 을왕동,686,665,21,96.9388,121,18.1955,116,17.4436,213,205,8,96.2441,103,50.2439,100,48.7805,2026-08-05,legal_dong; not administrative_dong
28155,영종구,2815510600,인천광역시 영종구 남북동,329,308,21,93.6170,73,23.7013,63,20.4545,153,137,16,89.5425,59,43.0657,56,40.8759,2026-08-05,legal_dong; not administrative_dong
28155,영종구,2815510700,인천광역시 영종구 덕교동,175,169,6,96.5714,97,57.3964,94,55.6213,92,89,3,96.7391,75,84.2697,74,83.1461,2026-08-05,legal_dong; not administrative_dong
28155,영종구,2815510800,인천광역시 영종구 무의동,247,225,22,91.0931,59,26.2222,52,23.1111,114,102,12,89.4737,45,44.1176,41,40.1961,2026-08-05,legal_dong; not administrative_dong
28177,미추홀구,2817710100,인천광역시 미추홀구 숭의동,3373,2890,483,85.6804,1927,66.6782,1335,46.1938,2636,2217,419,84.1047,1490,67.2079,1026,46.2788,2026-08-05,legal_dong; not administrative_dong
28177,미추홀구,2817710200,인천광역시 미추홀구 용현동,6012,5600,412,93.1470,3864,69.0000,2507,44.7679,4660,4298,362,92.2318,3185,74.1042,2131,49.5812,2026-08-05,legal_dong; not administrative_dong
28177,미추홀구,2817710300,인천광역시 미추홀구 학익동,1499,1397,102,93.1955,806,57.6951,382,27.3443,900,828,72,92.0000,553,66.7874,246,29.7101,2026-08-05,legal_dong; not administrative_dong
28177,미추홀구,2817710400,인천광역시 미추홀구 도화동,3694,3488,206,94.4234,2410,69.0940,1674,47.9931,2585,2413,172,93.3462,1875,77.7041,1306,54.1235,2026-08-05,legal_dong; not administrative_dong
28177,미추홀구,2817710500,인천광역시 미추홀구 주안동,10520,10053,467,95.5608,7719,76.7830,4667,46.4240,8104,7690,414,94.8914,6060,78.8036,3730,48.5046,2026-08-05,legal_dong; not administrative_dong
28177,미추홀구,2817710600,인천광역시 미추홀구 관교동,600,596,4,99.3333,533,89.4295,38,6.3758,507,506,1,99.8028,466,92.0949,36,7.1146,2026-08-05,legal_dong; not administrative_dong
28177,미추홀구,2817710700,인천광역시 미추홀구 문학동,872,868,4,99.5413,193,22.2350,66,7.6037,713,709,4,99.4390,148,20.8745,59,8.3216,2026-08-05,legal_dong; not administrative_dong
28185,연수구,2818510100,인천광역시 연수구 옥련동,1337,1318,19,98.5789,847,64.2640,320,24.2792,864,855,9,98.9583,596,69.7076,239,27.9532,2026-08-05,legal_dong; not administrative_dong
28185,연수구,2818510200,인천광역시 연수구 선학동,567,553,14,97.5309,407,73.5986,11,1.9892,399,390,9,97.7444,304,77.9487,7,1.7949,2026-08-05,legal_dong; not administrative_dong
28185,연수구,2818510300,인천광역시 연수구 연수동,1678,1670,8,99.5232,1522,91.1377,3,0.1796,1431,1426,5,99.6506,1390,97.4755,1,0.0701,2026-08-05,legal_dong; not administrative_dong
28185,연수구,2818510400,인천광역시 연수구 청학동,1380,1370,10,99.2754,1066,77.8102,301,21.9708,1202,1195,7,99.4176,958,80.1674,286,23.9331,2026-08-05,legal_dong; not administrative_dong
28185,연수구,2818510500,인천광역시 연수구 동춘동,811,796,15,98.1504,613,77.0101,41,5.1508,456,453,3,99.3421,409,90.2870,31,6.8433,2026-08-05,legal_dong; not administrative_dong
28185,연수구,2818510600,인천광역시 연수구 송도동,611,597,14,97.7087,0,0.0000,0,0.0000,262,262,0,100.0000,0,0.0000,0,0.0000,2026-08-05,legal_dong; not administrative_dong
28200,남동구,2820010100,인천광역시 남동구 구월동,4905,4852,53,98.9195,3554,73.2481,517,10.6554,3408,3393,15,99.5599,2559,75.4200,377,11.1111,2026-08-05,legal_dong; not administrative_dong
28200,남동구,2820010200,인천광역시 남동구 간석동,3928,3885,43,98.9053,2828,72.7928,1231,31.6860,2705,2678,27,99.0018,1973,73.6744,906,33.8312,2026-08-05,legal_dong; not administrative_dong
28200,남동구,2820010300,인천광역시 남동구 만수동,4420,4375,45,98.9819,3468,79.2686,875,20.0000,3232,3204,28,99.1337,2601,81.1798,675,21.0674,2026-08-05,legal_dong; not administrative_dong
28200,남동구,2820010400,인천광역시 남동구 장수동,431,424,7,98.3759,75,17.6887,33,7.7830,255,251,4,98.4314,42,16.7331,27,10.7570,2026-08-05,legal_dong; not administrative_dong
28200,남동구,2820010500,인천광역시 남동구 서창동,497,494,3,99.3964,21,4.2510,7,1.4170,365,365,0,100.0000,14,3.8356,2,0.5479,2026-08-05,legal_dong; not administrative_dong
28200,남동구,2820010600,인천광역시 남동구 운연동,196,174,22,88.7755,52,29.8851,24,13.7931,62,45,17,72.5806,27,60.0000,12,26.6667,2026-08-05,legal_dong; not administrative_dong
28200,남동구,2820010700,인천광역시 남동구 남촌동,1215,1150,65,94.6502,773,67.2174,15,1.3043,461,458,3,99.3492,379,82.7511,3,0.6550,2026-08-05,legal_dong; not administrative_dong
28200,남동구,2820010800,인천광역시 남동구 수산동,214,198,16,92.5234,43,21.7172,24,12.1212,86,72,14,83.7209,30,41.6667,14,19.4444,2026-08-05,legal_dong; not administrative_dong
28200,남동구,2820010900,인천광역시 남동구 도림동,426,419,7,98.3568,98,23.3890,26,6.2053,242,238,4,98.3471,61,25.6303,10,4.2017,2026-08-05,legal_dong; not administrative_dong
28200,남동구,2820011000,인천광역시 남동구 논현동,1640,1595,45,97.2561,320,20.0627,26,1.6301,847,846,1,99.8819,65,7.6832,15,1.7730,2026-08-05,legal_dong; not administrative_dong
28200,남동구,2820011100,인천광역시 남동구 고잔동,3457,3222,235,93.2022,1711,53.1037,12,0.3724,34,26,8,76.4706,19,73.0769,6,23.0769,2026-08-05,legal_dong; not administrative_dong
28237,부평구,2823710100,인천광역시 부평구 부평동,6114,5924,190,96.8924,3399,57.3768,1425,24.0547,4005,3877,128,96.8040,2248,57.9830,876,22.5948,2026-08-05,legal_dong; not administrative_dong
28237,부평구,2823710200,인천광역시 부평구 십정동,3696,3630,66,98.2143,2715,74.7934,1326,36.5289,2758,2704,54,98.0421,2143,79.2530,1100,40.6805,2026-08-05,legal_dong; not administrative_dong
28237,부평구,2823710300,인천광역시 부평구 산곡동,1882,1817,65,96.5462,1365,75.1238,556,30.5999,1340,1294,46,96.5672,1056,81.6074,489,37.7898,2026-08-05,legal_dong; not administrative_dong
28237,부평구,2823710400,인천광역시 부평구 청천동,2216,2173,43,98.0596,1185,54.5329,611,28.1178,904,895,9,99.0044,563,62.9050,296,33.0726,2026-08-05,legal_dong; not administrative_dong
28237,부평구,2823710500,인천광역시 부평구 삼산동,975,970,5,99.4872,351,36.1856,78,8.0412,644,643,1,99.8447,257,39.9689,61,9.4868,2026-08-05,legal_dong; not administrative_dong
28237,부평구,2823710600,인천광역시 부평구 갈산동,1218,1210,8,99.3432,915,75.6198,241,19.9174,873,869,4,99.5418,712,81.9333,172,19.7929,2026-08-05,legal_dong; not administrative_dong
28237,부평구,2823710700,인천광역시 부평구 부개동,2638,2601,37,98.5974,1896,72.8950,886,34.0638,2068,2042,26,98.7427,1554,76.1019,765,37.4633,2026-08-05,legal_dong; not administrative_dong
28237,부평구,2823710800,인천광역시 부평구 일신동,642,629,13,97.9751,388,61.6852,265,42.1304,415,408,7,98.3133,294,72.0588,218,53.4314,2026-08-05,legal_dong; not administrative_dong
28237,부평구,2823710900,인천광역시 부평구 구산동,107,93,14,86.9159,44,47.3118,29,31.1828,28,24,4,85.7143,14,58.3333,12,50.0000,2026-08-05,legal_dong; not administrative_dong
28245,계양구,2824510100,인천광역시 계양구 효성동,1584,1559,25,98.4217,1039,66.6453,364,23.3483,1073,1056,17,98.4157,781,73.9583,249,23.5795,2026-08-05,legal_dong; not administrative_dong
28245,계양구,2824510200,인천광역시 계양구 계산동,2793,2777,16,99.4271,2187,78.7541,728,26.2153,1964,1958,6,99.6945,1635,83.5036,563,28.7538,2026-08-05,legal_dong; not administrative_dong
28245,계양구,2824510300,인천광역시 계양구 작전동,1784,1771,13,99.2713,1176,66.4032,325,18.3512,1133,1132,1,99.9117,809,71.4664,205,18.1095,2026-08-05,legal_dong; not administrative_dong
28245,계양구,2824510400,인천광역시 계양구 서운동,326,317,9,97.2393,24,7.5710,3,0.9464,95,94,1,98.9474,13,13.8298,3,3.1915,2026-08-05,legal_dong; not administrative_dong
28245,계양구,2824510500,인천광역시 계양구 임학동,857,856,1,99.8833,712,83.1776,165,19.2757,680,679,1,99.8529,571,84.0943,138,20.3240,2026-08-05,legal_dong; not administrative_dong
28245,계양구,2824510600,인천광역시 계양구 용종동,169,166,3,98.2249,45,27.1084,2,1.2048,127,127,0,100.0000,41,32.2835,2,1.5748,2026-08-05,legal_dong; not administrative_dong
28245,계양구,2824510700,인천광역시 계양구 병방동,478,477,1,99.7908,312,65.4088,22,4.6122,362,361,1,99.7238,239,66.2050,17,4.7091,2026-08-05,legal_dong; not administrative_dong
28245,계양구,2824510800,인천광역시 계양구 방축동,138,138,0,100.0000,106,76.8116,16,11.5942,100,100,0,100.0000,91,91.0000,9,9.0000,2026-08-05,legal_dong; not administrative_dong
28245,계양구,2824510900,인천광역시 계양구 박촌동,327,323,4,98.7768,110,34.0557,43,13.3127,244,243,1,99.5902,95,39.0947,34,13.9918,2026-08-05,legal_dong; not administrative_dong
28245,계양구,2824511000,인천광역시 계양구 동양동,423,421,2,99.5272,8,1.9002,6,1.4252,360,358,2,99.4444,5,1.3966,5,1.3966,2026-08-05,legal_dong; not administrative_dong
28245,계양구,2824511100,인천광역시 계양구 귤현동,243,236,7,97.1193,7,2.9661,5,2.1186,167,163,4,97.6048,4,2.4540,3,1.8405,2026-08-05,legal_dong; not administrative_dong
28245,계양구,2824511200,인천광역시 계양구 상야동,134,130,4,97.0149,17,13.0769,6,4.6154,19,17,2,89.4737,5,29.4118,2,11.7647,2026-08-05,legal_dong; not administrative_dong
28245,계양구,2824511300,인천광역시 계양구 하야동,88,88,0,100.0000,40,45.4545,24,27.2727,33,33,0,100.0000,30,90.9091,21,63.6364,2026-08-05,legal_dong; not administrative_dong
28245,계양구,2824511400,인천광역시 계양구 평동,87,84,3,96.5517,8,9.5238,4,4.7619,11,11,0,100.0000,7,63.6364,4,36.3636,2026-08-05,legal_dong; not administrative_dong
28245,계양구,2824511600,인천광역시 계양구 선주지동,66,54,12,81.8182,11,20.3704,3,5.5556,28,16,12,57.1429,8,50.0000,2,12.5000,2026-08-05,legal_dong; not administrative_dong
28245,계양구,2824511700,인천광역시 계양구 이화동,147,134,13,91.1565,50,37.3134,39,29.1045,74,63,11,85.1351,40,63.4921,34,53.9683,2026-08-05,legal_dong; not administrative_dong
28245,계양구,2824511800,인천광역시 계양구 오류동,81,77,4,95.0617,41,53.2468,17,22.0779,56,53,3,94.6429,39,73.5849,16,30.1887,2026-08-05,legal_dong; not administrative_dong
28245,계양구,2824511900,인천광역시 계양구 갈현동,96,88,8,91.6667,42,47.7273,25,28.4091,33,30,3,90.9091,22,73.3333,9,30.0000,2026-08-05,legal_dong; not administrative_dong
28245,계양구,2824512000,인천광역시 계양구 둑실동,72,67,5,93.0556,16,23.8806,5,7.4627,29,25,4,86.2069,8,32.0000,2,8.0000,2026-08-05,legal_dong; not administrative_dong
28245,계양구,2824512100,인천광역시 계양구 목상동,39,37,2,94.8718,10,27.0270,4,10.8108,29,28,1,96.5517,6,21.4286,4,14.2857,2026-08-05,legal_dong; not administrative_dong
28245,계양구,2824512200,인천광역시 계양구 다남동,104,101,3,97.1154,34,33.6634,22,21.7822,57,56,1,98.2456,21,37.5000,11,19.6429,2026-08-05,legal_dong; not administrative_dong
28245,계양구,2824512300,인천광역시 계양구 장기동,230,222,8,96.5217,51,22.9730,23,10.3604,168,164,4,97.6190,37,22.5610,16,9.7561,2026-08-05,legal_dong; not administrative_dong
28275,서해구,2827510100,인천광역시 서해구 검암동,1101,1096,5,99.5459,21,1.9161,8,0.7299,860,860,0,100.0000,8,0.9302,4,0.4651,2026-08-05,legal_dong; not administrative_dong
28275,서해구,2827510200,인천광역시 서해구 경서동,877,871,6,99.3158,166,19.0586,47,5.3961,281,279,2,99.2883,2,0.7168,2,0.7168,2026-08-05,legal_dong; not administrative_dong
28275,서해구,2827510300,인천광역시 서해구 공촌동,244,236,8,96.7213,73,30.9322,5,2.1186,151,151,0,100.0000,53,35.0993,3,1.9868,2026-08-05,legal_dong; not administrative_dong
28275,서해구,2827510400,인천광역시 서해구 연희동,684,678,6,99.1228,256,37.7581,6,0.8850,499,498,1,99.7996,165,33.1325,2,0.4016,2026-08-05,legal_dong; not administrative_dong
28275,서해구,2827510500,인천광역시 서해구 심곡동,845,837,8,99.0533,333,39.7849,26,3.1063,441,441,0,100.0000,160,36.2812,14,3.1746,2026-08-05,legal_dong; not administrative_dong
28275,서해구,2827510600,인천광역시 서해구 가정동,1446,1439,7,99.5159,1233,85.6845,289,20.0834,1181,1175,6,99.4920,1043,88.7660,242,20.5957,2026-08-05,legal_dong; not administrative_dong
28275,서해구,2827510700,인천광역시 서해구 신현동,1254,1241,13,98.9633,1027,82.7558,334,26.9138,1002,1001,1,99.9002,854,85.3147,292,29.1708,2026-08-05,legal_dong; not administrative_dong
28275,서해구,2827510800,인천광역시 서해구 석남동,4600,4546,54,98.8261,3436,75.5829,1620,35.6357,3064,3033,31,98.9883,2598,85.6578,1309,43.1586,2026-08-05,legal_dong; not administrative_dong
28275,서해구,2827510900,인천광역시 서해구 원창동,583,571,12,97.9417,93,16.2872,6,1.0508,10,7,3,70.0000,5,71.4286,5,71.4286,2026-08-05,legal_dong; not administrative_dong
28275,서해구,2827511000,인천광역시 서해구 가좌동,4812,4733,79,98.3583,2925,61.8001,1456,30.7627,2070,2050,20,99.0338,1897,92.5366,917,44.7317,2026-08-05,legal_dong; not administrative_dong
28275,서해구,2827511100,인천광역시 서해구 청라동,1439,1422,17,98.8186,1,0.0703,0,0.0000,1158,1158,0,100.0000,0,0.0000,0,0.0000,2026-08-05,legal_dong; not administrative_dong
28290,검단구,2829010100,인천광역시 검단구 백석동,153,147,6,96.0784,12,8.1633,5,3.4014,13,7,6,53.8462,4,57.1429,4,57.1429,2026-08-05,legal_dong; not administrative_dong
28290,검단구,2829010200,인천광역시 검단구 시천동,21,17,4,80.9524,4,23.5294,1,5.8824,12,8,4,66.6667,1,12.5000,0,0.0000,2026-08-05,legal_dong; not administrative_dong
28290,검단구,2829010300,인천광역시 검단구 마전동,943,917,26,97.2428,188,20.5016,30,3.2715,596,586,10,98.3221,68,11.6041,14,2.3891,2026-08-05,legal_dong; not administrative_dong
28290,검단구,2829010400,인천광역시 검단구 당하동,590,585,5,99.1525,21,3.5897,5,0.8547,411,409,2,99.5134,6,1.4670,2,0.4890,2026-08-05,legal_dong; not administrative_dong
28290,검단구,2829010500,인천광역시 검단구 원당동,360,347,13,96.3889,10,2.8818,0,0.0000,266,257,9,96.6165,0,0.0000,0,0.0000,2026-08-05,legal_dong; not administrative_dong
28290,검단구,2829010600,인천광역시 검단구 대곡동,525,469,56,89.3333,231,49.2537,35,7.4627,106,66,40,62.2642,44,66.6667,20,30.3030,2026-08-05,legal_dong; not administrative_dong
28290,검단구,2829010700,인천광역시 검단구 금곡동,594,533,61,89.7306,170,31.8949,22,4.1276,135,90,45,66.6667,29,32.2222,5,5.5556,2026-08-05,legal_dong; not administrative_dong
28290,검단구,2829010800,인천광역시 검단구 오류동,1233,1175,58,95.2960,217,18.4681,12,1.0213,199,154,45,77.3869,59,38.3117,2,1.2987,2026-08-05,legal_dong; not administrative_dong
28290,검단구,2829010900,인천광역시 검단구 왕길동,1033,961,72,93.0300,191,19.8751,25,2.6015,279,225,54,80.6452,69,30.6667,10,4.4444,2026-08-05,legal_dong; not administrative_dong
28290,검단구,2829011000,인천광역시 검단구 불로동,336,319,17,94.9405,42,13.1661,5,1.5674,205,199,6,97.0732,10,5.0251,1,0.5025,2026-08-05,legal_dong; not administrative_dong
28710,강화군,2871025021,인천광역시 강화군 강화읍 신문리,617,603,14,97.7310,513,85.0746,399,66.1692,425,414,11,97.4118,353,85.2657,275,66.4251,2026-08-05,legal_dong; not administrative_dong
28710,강화군,2871025022,인천광역시 강화군 강화읍 관청리,986,951,35,96.4503,767,80.6519,586,61.6193,771,747,24,96.8872,620,82.9987,489,65.4618,2026-08-05,legal_dong; not administrative_dong
28710,강화군,2871025023,인천광역시 강화군 강화읍 국화리,374,362,12,96.7914,162,44.7514,102,28.1768,277,269,8,97.1119,131,48.6989,86,31.9703,2026-08-05,legal_dong; not administrative_dong
28710,강화군,2871025024,인천광역시 강화군 강화읍 남산리,360,331,29,91.9444,150,45.3172,82,24.7734,274,246,28,89.7810,117,47.5610,74,30.0813,2026-08-05,legal_dong; not administrative_dong
28710,강화군,2871025025,인천광역시 강화군 강화읍 갑곳리,577,573,4,99.3068,298,52.0070,145,25.3054,399,396,3,99.2481,226,57.0707,126,31.8182,2026-08-05,legal_dong; not administrative_dong
28710,강화군,2871025026,인천광역시 강화군 강화읍 용정리,392,388,4,98.9796,152,39.1753,84,21.6495,314,311,3,99.0446,124,39.8714,74,23.7942,2026-08-05,legal_dong; not administrative_dong
28710,강화군,2871025027,인천광역시 강화군 강화읍 옥림리,320,315,5,98.4375,124,39.3651,73,23.1746,252,247,5,98.0159,110,44.5344,70,28.3401,2026-08-05,legal_dong; not administrative_dong
28710,강화군,2871025028,인천광역시 강화군 강화읍 월곳리,122,119,3,97.5410,52,43.6975,33,27.7311,94,91,3,96.8085,45,49.4505,32,35.1648,2026-08-05,legal_dong; not administrative_dong
28710,강화군,2871025029,인천광역시 강화군 강화읍 대산리,200,200,0,100.0000,116,58.0000,72,36.0000,174,174,0,100.0000,101,58.0460,68,39.0805,2026-08-05,legal_dong; not administrative_dong
28710,강화군,2871031021,인천광역시 강화군 선원면 금월리,233,233,0,100.0000,88,37.7682,42,18.0258,174,174,0,100.0000,66,37.9310,36,20.6897,2026-08-05,legal_dong; not administrative_dong
28710,강화군,2871031022,인천광역시 강화군 선원면 연리,177,177,0,100.0000,48,27.1186,30,16.9492,122,122,0,100.0000,45,36.8852,30,24.5902,2026-08-05,legal_dong; not administrative_dong
28710,강화군,2871031023,인천광역시 강화군 선원면 지산리,193,192,1,99.4819,81,42.1875,42,21.8750,153,152,1,99.3464,70,46.0526,40,26.3158,2026-08-05,legal_dong; not administrative_dong
28710,강화군,2871031024,인천광역시 강화군 선원면 신정리,194,194,0,100.0000,82,42.2680,49,25.2577,138,138,0,100.0000,63,45.6522,42,30.4348,2026-08-05,legal_dong; not administrative_dong
28710,강화군,2871031025,인천광역시 강화군 선원면 창리,332,329,3,99.0964,141,42.8571,85,25.8359,177,176,1,99.4350,97,55.1136,69,39.2045,2026-08-05,legal_dong; not administrative_dong
28710,강화군,2871031026,인천광역시 강화군 선원면 선행리,315,313,2,99.3651,66,21.0863,38,12.1406,228,226,2,99.1228,53,23.4513,32,14.1593,2026-08-05,legal_dong; not administrative_dong
28710,강화군,2871031027,인천광역시 강화군 선원면 냉정리,318,316,2,99.3711,143,45.2532,72,22.7848,193,192,1,99.4819,98,51.0417,61,31.7708,2026-08-05,legal_dong; not administrative_dong
28710,강화군,2871032021,인천광역시 강화군 불은면 두운리,384,380,4,98.9583,142,37.3684,55,14.4737,243,239,4,98.3539,97,40.5858,40,16.7364,2026-08-05,legal_dong; not administrative_dong
28710,강화군,2871032022,인천광역시 강화군 불은면 고능리,248,244,4,98.3871,106,43.4426,58,23.7705,177,175,2,98.8701,89,50.8571,56,32.0000,2026-08-05,legal_dong; not administrative_dong
28710,강화군,2871032023,인천광역시 강화군 불은면 오두리,119,119,0,100.0000,47,39.4958,25,21.0084,99,99,0,100.0000,42,42.4242,23,23.2323,2026-08-05,legal_dong; not administrative_dong
28710,강화군,2871032024,인천광역시 강화군 불은면 넙성리,189,189,0,100.0000,59,31.2169,32,16.9312,158,158,0,100.0000,54,34.1772,30,18.9873,2026-08-05,legal_dong; not administrative_dong
28710,강화군,2871032025,인천광역시 강화군 불은면 신현리,217,217,0,100.0000,61,28.1106,39,17.9724,156,156,0,100.0000,43,27.5641,31,19.8718,2026-08-05,legal_dong; not administrative_dong
28710,강화군,2871032026,인천광역시 강화군 불은면 삼동암리,245,244,1,99.5918,99,40.5738,38,15.5738,186,185,1,99.4624,75,40.5405,36,19.4595,2026-08-05,legal_dong; not administrative_dong
28710,강화군,2871032027,인천광역시 강화군 불은면 삼성리,316,313,3,99.0506,120,38.3387,66,21.0863,211,210,1,99.5261,88,41.9048,51,24.2857,2026-08-05,legal_dong; not administrative_dong
28710,강화군,2871032028,인천광역시 강화군 불은면 덕성리,190,188,2,98.9474,57,30.3191,33,17.5532,125,123,2,98.4000,46,37.3984,29,23.5772,2026-08-05,legal_dong; not administrative_dong
28710,강화군,2871033021,인천광역시 강화군 길상면 온수리,541,528,13,97.5970,241,45.6439,146,27.6515,285,276,9,96.8421,121,43.8406,84,30.4348,2026-08-05,legal_dong; not administrative_dong
28710,강화군,2871033022,인천광역시 강화군 길상면 선두리,616,605,11,98.2143,220,36.3636,104,17.1901,384,375,9,97.6562,152,40.5333,77,20.5333,2026-08-05,legal_dong; not administrative_dong
28710,강화군,2871033023,인천광역시 강화군 길상면 동검리,160,158,2,98.7500,22,13.9241,15,9.4937,102,101,1,99.0196,21,20.7921,14,13.8614,2026-08-05,legal_dong; not administrative_dong
28710,강화군,2871033024,인천광역시 강화군 길상면 초지리,485,477,8,98.3505,181,37.9455,76,15.9329,282,279,3,98.9362,123,44.0860,60,21.5054,2026-08-05,legal_dong; not administrative_dong
28710,강화군,2871033025,인천광역시 강화군 길상면 장흥리,344,342,2,99.4186,101,29.5322,31,9.0643,185,184,1,99.4595,58,31.5217,28,15.2174,2026-08-05,legal_dong; not administrative_dong
28710,강화군,2871033026,인천광역시 강화군 길상면 길직리,377,374,3,99.2042,99,26.4706,47,12.5668,286,284,2,99.3007,77,27.1127,41,14.4366,2026-08-05,legal_dong; not administrative_dong
28710,강화군,2871034021,인천광역시 강화군 화도면 내리,390,345,45,88.4615,128,37.1014,38,11.0145,255,216,39,84.7059,82,37.9630,31,14.3519,2026-08-05,legal_dong; not administrative_dong
28710,강화군,2871034022,인천광역시 강화군 화도면 상방리,281,223,58,79.3594,104,46.6368,34,15.2466,139,101,38,72.6619,49,48.5149,15,14.8515,2026-08-05,legal_dong; not administrative_dong
28710,강화군,2871034023,인천광역시 강화군 화도면 문산리,193,162,31,83.9378,45,27.7778,21,12.9630,131,102,29,77.8626,27,26.4706,12,11.7647,2026-08-05,legal_dong; not administrative_dong
28710,강화군,2871034024,인천광역시 강화군 화도면 덕포리,269,176,93,65.4275,57,32.3864,31,17.6136,197,114,83,57.8680,41,35.9649,25,21.9298,2026-08-05,legal_dong; not administrative_dong
28710,강화군,2871034025,인천광역시 강화군 화도면 사기리,205,180,25,87.8049,36,20.0000,10,5.5556,114,92,22,80.7018,16,17.3913,4,4.3478,2026-08-05,legal_dong; not administrative_dong
28710,강화군,2871034026,인천광역시 강화군 화도면 동막리,236,225,11,95.3390,50,22.2222,7,3.1111,122,112,10,91.8033,29,25.8929,5,4.4643,2026-08-05,legal_dong; not administrative_dong
28710,강화군,2871034027,인천광역시 강화군 화도면 흥왕리,252,227,25,90.0794,60,26.4317,14,6.1674,158,137,21,86.7089,37,27.0073,10,7.2993,2026-08-05,legal_dong; not administrative_dong
28710,강화군,2871034028,인천광역시 강화군 화도면 여차리,266,253,13,95.1128,53,20.9486,9,3.5573,170,159,11,93.5294,33,20.7547,8,5.0314,2026-08-05,legal_dong; not administrative_dong
28710,강화군,2871034029,인천광역시 강화군 화도면 장화리,361,335,26,92.7978,48,14.3284,5,1.4925,244,220,24,90.1639,29,13.1818,5,2.2727,2026-08-05,legal_dong; not administrative_dong
28710,강화군,2871035021,인천광역시 강화군 양도면 하일리,151,125,26,82.7815,26,20.8000,13,10.4000,100,87,13,87.0000,15,17.2414,9,10.3448,2026-08-05,legal_dong; not administrative_dong
28710,강화군,2871035022,인천광역시 강화군 양도면 능내리,133,112,21,84.2105,32,28.5714,8,7.1429,91,74,17,81.3187,20,27.0270,7,9.4595,2026-08-05,legal_dong; not administrative_dong
28710,강화군,2871035023,인천광역시 강화군 양도면 건평리,133,98,35,73.6842,22,22.4490,10,10.2041,98,65,33,66.3265,16,24.6154,8,12.3077,2026-08-05,legal_dong; not administrative_dong
28710,강화군,2871035024,인천광역시 강화군 양도면 인산리,312,250,62,80.1282,69,27.6000,19,7.6000,233,173,60,74.2489,51,29.4798,15,8.6705,2026-08-05,legal_dong; not administrative_dong
28710,강화군,2871035025,인천광역시 강화군 양도면 삼흥리,307,269,38,87.6221,54,20.0743,14,5.2045,236,199,37,84.3220,40,20.1005,13,6.5327,2026-08-05,legal_dong; not administrative_dong
28710,강화군,2871035026,인천광역시 강화군 양도면 길정리,117,114,3,97.4359,43,37.7193,13,11.4035,96,93,3,96.8750,34,36.5591,11,11.8280,2026-08-05,legal_dong; not administrative_dong
28710,강화군,2871035027,인천광역시 강화군 양도면 도장리,282,214,68,75.8865,68,31.7757,17,7.9439,212,147,65,69.3396,49,33.3333,16,10.8844,2026-08-05,legal_dong; not administrative_dong
28710,강화군,2871035028,인천광역시 강화군 양도면 조산리,144,111,33,77.0833,31,27.9279,9,8.1081,112,81,31,72.3214,20,24.6914,5,6.1728,2026-08-05,legal_dong; not administrative_dong
28710,강화군,2871036021,인천광역시 강화군 내가면 고천리,489,462,27,94.4785,173,37.4459,94,20.3463,341,321,20,94.1349,126,39.2523,73,22.7414,2026-08-05,legal_dong; not administrative_dong
28710,강화군,2871036022,인천광역시 강화군 내가면 오상리,223,221,2,99.1031,109,49.3213,75,33.9367,179,177,2,98.8827,92,51.9774,72,40.6780,2026-08-05,legal_dong; not administrative_dong
28710,강화군,2871036023,인천광역시 강화군 내가면 외포리,316,306,10,96.8354,150,49.0196,78,25.4902,189,182,7,96.2963,108,59.3407,63,34.6154,2026-08-05,legal_dong; not administrative_dong
28710,강화군,2871036024,인천광역시 강화군 내가면 황청리,188,182,6,96.8085,74,40.6593,34,18.6813,140,134,6,95.7143,57,42.5373,30,22.3881,2026-08-05,legal_dong; not administrative_dong
28710,강화군,2871036025,인천광역시 강화군 내가면 구하리,137,136,1,99.2701,60,44.1176,31,22.7941,111,111,0,100.0000,54,48.6486,30,27.0270,2026-08-05,legal_dong; not administrative_dong
28710,강화군,2871037021,인천광역시 강화군 하점면 신봉리,185,183,2,98.9189,104,56.8306,71,38.7978,124,124,0,100.0000,75,60.4839,57,45.9677,2026-08-05,legal_dong; not administrative_dong
28710,강화군,2871037022,인천광역시 강화군 하점면 장정리,309,307,2,99.3528,88,28.6645,52,16.9381,232,231,1,99.5690,69,29.8701,50,21.6450,2026-08-05,legal_dong; not administrative_dong
28710,강화군,2871037023,인천광역시 강화군 하점면 부근리,224,219,5,97.7679,109,49.7717,55,25.1142,147,147,0,100.0000,68,46.2585,48,32.6531,2026-08-05,legal_dong; not administrative_dong
28710,강화군,2871037024,인천광역시 강화군 하점면 삼거리,187,185,2,98.9305,99,53.5135,56,30.2703,151,150,1,99.3377,86,57.3333,55,36.6667,2026-08-05,legal_dong; not administrative_dong
28710,강화군,2871037025,인천광역시 강화군 하점면 신삼리,171,170,1,99.4152,94,55.2941,62,36.4706,138,138,0,100.0000,85,61.5942,58,42.0290,2026-08-05,legal_dong; not administrative_dong
28710,강화군,2871037026,인천광역시 강화군 하점면 망월리,315,313,2,99.3651,166,53.0351,114,36.4217,237,235,2,99.1561,137,58.2979,107,45.5319,2026-08-05,legal_dong; not administrative_dong
28710,강화군,2871037027,인천광역시 강화군 하점면 창후리,266,263,3,98.8722,130,49.4297,81,30.7985,194,192,2,98.9691,100,52.0833,74,38.5417,2026-08-05,legal_dong; not administrative_dong
28710,강화군,2871037028,인천광역시 강화군 하점면 이강리,222,218,4,98.1982,124,56.8807,104,47.7064,168,167,1,99.4048,113,67.6647,100,59.8802,2026-08-05,legal_dong; not administrative_dong
28710,강화군,2871038021,인천광역시 강화군 양사면 철산리,34,34,0,100.0000,30,88.2353,29,85.2941,30,30,0,100.0000,29,96.6667,29,96.6667,2026-08-05,legal_dong; not administrative_dong
28710,강화군,2871038022,인천광역시 강화군 양사면 덕하리,270,269,1,99.6296,93,34.5725,60,22.3048,211,210,1,99.5261,73,34.7619,53,25.2381,2026-08-05,legal_dong; not administrative_dong
28710,강화군,2871038023,인천광역시 강화군 양사면 북성리,186,185,1,99.4624,128,69.1892,108,58.3784,157,156,1,99.3631,117,75.0000,103,66.0256,2026-08-05,legal_dong; not administrative_dong
28710,강화군,2871038024,인천광역시 강화군 양사면 교산리,215,214,1,99.5349,136,63.5514,94,43.9252,166,166,0,100.0000,107,64.4578,78,46.9880,2026-08-05,legal_dong; not administrative_dong
28710,강화군,2871038025,인천광역시 강화군 양사면 인화리,188,187,1,99.4681,75,40.1070,47,25.1337,150,149,1,99.3333,64,42.9530,46,30.8725,2026-08-05,legal_dong; not administrative_dong
28710,강화군,2871039021,인천광역시 강화군 송해면 솔정리,214,204,10,95.3271,103,50.4902,56,27.4510,157,148,9,94.2675,82,55.4054,48,32.4324,2026-08-05,legal_dong; not administrative_dong
28710,강화군,2871039022,인천광역시 강화군 송해면 신당리,119,119,0,100.0000,72,60.5042,48,40.3361,93,93,0,100.0000,62,66.6667,44,47.3118,2026-08-05,legal_dong; not administrative_dong
28710,강화군,2871039023,인천광역시 강화군 송해면 숭뢰리,152,151,1,99.3421,92,60.9272,77,50.9934,121,120,1,99.1736,78,65.0000,69,57.5000,2026-08-05,legal_dong; not administrative_dong
28710,강화군,2871039024,인천광역시 강화군 송해면 당산리,133,133,0,100.0000,74,55.6391,63,47.3684,101,101,0,100.0000,63,62.3762,57,56.4356,2026-08-05,legal_dong; not administrative_dong
28710,강화군,2871039025,인천광역시 강화군 송해면 상도리,220,220,0,100.0000,116,52.7273,86,39.0909,178,178,0,100.0000,100,56.1798,79,44.3820,2026-08-05,legal_dong; not administrative_dong
28710,강화군,2871039026,인천광역시 강화군 송해면 하도리,297,295,2,99.3266,120,40.6780,80,27.1186,237,236,1,99.5781,100,42.3729,71,30.0847,2026-08-05,legal_dong; not administrative_dong
28710,강화군,2871039027,인천광역시 강화군 송해면 양오리,186,185,1,99.4624,76,41.0811,55,29.7297,153,153,0,100.0000,67,43.7908,54,35.2941,2026-08-05,legal_dong; not administrative_dong
28710,강화군,2871040021,인천광역시 강화군 교동면 대룡리,192,124,68,64.5833,58,46.7742,27,21.7742,93,55,38,59.1398,21,38.1818,10,18.1818,2026-08-05,legal_dong; not administrative_dong
28710,강화군,2871040022,인천광역시 강화군 교동면 읍내리,77,43,34,55.8442,19,44.1860,8,18.6047,58,31,27,53.4483,14,45.1613,5,16.1290,2026-08-05,legal_dong; not administrative_dong
28710,강화군,2871040023,인천광역시 강화군 교동면 상용리,66,44,22,66.6667,15,34.0909,8,18.1818,50,29,21,58.0000,9,31.0345,5,17.2414,2026-08-05,legal_dong; not administrative_dong
28710,강화군,2871040024,인천광역시 강화군 교동면 봉소리,60,41,19,68.3333,11,26.8293,6,14.6341,53,34,19,64.1509,10,29.4118,5,14.7059,2026-08-05,legal_dong; not administrative_dong
28710,강화군,2871040025,인천광역시 강화군 교동면 고구리,117,74,43,63.2479,30,40.5405,16,21.6216,100,57,43,57.0000,23,40.3509,14,24.5614,2026-08-05,legal_dong; not administrative_dong
28710,강화군,2871040026,인천광역시 강화군 교동면 삼선리,104,66,38,63.4615,28,42.4242,20,30.3030,84,46,38,54.7619,20,43.4783,15,32.6087,2026-08-05,legal_dong; not administrative_dong
28710,강화군,2871040027,인천광역시 강화군 교동면 인사리,46,16,30,34.7826,9,56.2500,5,31.2500,40,10,30,25.0000,8,80.0000,5,50.0000,2026-08-05,legal_dong; not administrative_dong
28710,강화군,2871040028,인천광역시 강화군 교동면 난정리,66,40,26,60.6061,15,37.5000,5,12.5000,51,25,26,49.0196,8,32.0000,4,16.0000,2026-08-05,legal_dong; not administrative_dong
28710,강화군,2871040029,인천광역시 강화군 교동면 양갑리,72,39,33,54.1667,21,53.8462,11,28.2051,61,31,30,50.8197,15,48.3871,10,32.2581,2026-08-05,legal_dong; not administrative_dong
28710,강화군,2871040030,인천광역시 강화군 교동면 동산리,45,19,26,42.2222,13,68.4211,6,31.5789,43,17,26,39.5349,11,64.7059,6,35.2941,2026-08-05,legal_dong; not administrative_dong
28710,강화군,2871040031,인천광역시 강화군 교동면 서한리,69,46,23,66.6667,21,45.6522,18,39.1304,60,37,23,61.6667,21,56.7568,18,48.6486,2026-08-05,legal_dong; not administrative_dong
28710,강화군,2871040032,인천광역시 강화군 교동면 무학리,43,22,21,51.1628,10,45.4545,5,22.7273,36,15,21,41.6667,7,46.6667,5,33.3333,2026-08-05,legal_dong; not administrative_dong
28710,강화군,2871040033,인천광역시 강화군 교동면 지석리,54,29,25,53.7037,9,31.0345,3,10.3448,50,25,25,50.0000,9,36.0000,3,12.0000,2026-08-05,legal_dong; not administrative_dong
28710,강화군,2871041021,인천광역시 강화군 삼산면 석모리,317,310,7,97.7918,152,49.0323,115,37.0968,207,202,5,97.5845,115,56.9307,90,44.5545,2026-08-05,legal_dong; not administrative_dong
28710,강화군,2871041022,인천광역시 강화군 삼산면 상리,86,84,2,97.6744,44,52.3810,29,34.5238,65,64,1,98.4615,35,54.6875,28,43.7500,2026-08-05,legal_dong; not administrative_dong
28710,강화군,2871041023,인천광역시 강화군 삼산면 하리,73,73,0,100.0000,41,56.1644,30,41.0959,55,55,0,100.0000,32,58.1818,27,49.0909,2026-08-05,legal_dong; not administrative_dong
28710,강화군,2871041024,인천광역시 강화군 삼산면 석포리,112,111,1,99.1071,56,50.4505,40,36.0360,79,78,1,98.7342,38,48.7179,34,43.5897,2026-08-05,legal_dong; not administrative_dong
28710,강화군,2871041025,인천광역시 강화군 삼산면 매음리,326,324,2,99.3865,104,32.0988,67,20.6790,207,206,1,99.5169,83,40.2913,57,27.6699,2026-08-05,legal_dong; not administrative_dong
28710,강화군,2871041026,인천광역시 강화군 삼산면 서검리,44,44,0,100.0000,14,31.8182,14,31.8182,39,39,0,100.0000,12,30.7692,12,30.7692,2026-08-05,legal_dong; not administrative_dong
28710,강화군,2871041027,인천광역시 강화군 삼산면 미법리,8,8,0,100.0000,4,50.0000,4,50.0000,6,6,0,100.0000,3,50.0000,3,50.0000,2026-08-05,legal_dong; not administrative_dong
28710,강화군,2871042021,인천광역시 강화군 서도면 주문도리,131,128,3,97.7099,93,72.6562,86,67.1875,95,94,1,98.9474,80,85.1064,77,81.9149,2026-08-05,legal_dong; not administrative_dong
28710,강화군,2871042022,인천광역시 강화군 서도면 아차도리,18,18,0,100.0000,10,55.5556,10,55.5556,14,14,0,100.0000,9,64.2857,9,64.2857,2026-08-05,legal_dong; not administrative_dong
28710,강화군,2871042023,인천광역시 강화군 서도면 말도리,7,6,1,85.7143,4,66.6667,4,66.6667,5,5,0,100.0000,3,60.0000,3,60.0000,2026-08-05,legal_dong; not administrative_dong
28710,강화군,2871042024,인천광역시 강화군 서도면 볼음도리,127,126,1,99.2126,99,78.5714,96,76.1905,107,106,1,99.0654,91,85.8491,89,83.9623,2026-08-05,legal_dong; not administrative_dong
28720,옹진군,2872031021,인천광역시 옹진군 북도면 시도리,189,177,12,93.6508,57,32.2034,37,20.9040,136,125,11,91.9118,41,32.8000,30,24.0000,2026-08-05,legal_dong; not administrative_dong
28720,옹진군,2872031022,인천광역시 옹진군 북도면 신도리,373,326,47,87.3995,115,35.2761,81,24.8466,257,220,37,85.6031,90,40.9091,68,30.9091,2026-08-05,legal_dong; not administrative_dong
28720,옹진군,2872031023,인천광역시 옹진군 북도면 모도리,57,54,3,94.7368,25,46.2963,21,38.8889,41,38,3,92.6829,22,57.8947,19,50.0000,2026-08-05,legal_dong; not administrative_dong
28720,옹진군,2872031024,인천광역시 옹진군 북도면 장봉리,485,448,37,92.3711,182,40.6250,91,20.3125,342,313,29,91.5205,132,42.1725,77,24.6006,2026-08-05,legal_dong; not administrative_dong
28720,옹진군,2872033021,인천광역시 옹진군 백령면 진촌리,724,690,34,95.3039,397,57.5362,294,42.6087,486,469,17,96.5021,292,62.2601,232,49.4670,2026-08-05,legal_dong; not administrative_dong
28720,옹진군,2872033022,인천광역시 옹진군 백령면 북포리,198,186,12,93.9394,95,51.0753,70,37.6344,106,102,4,96.2264,53,51.9608,45,44.1176,2026-08-05,legal_dong; not administrative_dong
28720,옹진군,2872033023,인천광역시 옹진군 백령면 가을리,125,119,6,95.2000,78,65.5462,66,55.4622,102,99,3,97.0588,69,69.6970,60,60.6061,2026-08-05,legal_dong; not administrative_dong
28720,옹진군,2872033024,인천광역시 옹진군 백령면 연화리,131,128,3,97.7099,66,51.5625,57,44.5312,102,100,2,98.0392,58,58.0000,51,51.0000,2026-08-05,legal_dong; not administrative_dong
28720,옹진군,2872033025,인천광역시 옹진군 백령면 남포리,162,160,2,98.7654,64,40.0000,47,29.3750,131,129,2,98.4733,53,41.0853,42,32.5581,2026-08-05,legal_dong; not administrative_dong
28720,옹진군,2872034021,인천광역시 옹진군 대청면 대청리,435,420,15,96.5517,330,78.5714,305,72.6190,350,339,11,96.8571,285,84.0708,272,80.2360,2026-08-05,legal_dong; not administrative_dong
28720,옹진군,2872034022,인천광역시 옹진군 대청면 소청리,130,123,7,94.6154,100,81.3008,89,72.3577,111,107,4,96.3964,94,87.8505,84,78.5047,2026-08-05,legal_dong; not administrative_dong
28720,옹진군,2872035021,인천광역시 옹진군 덕적면 북리,120,108,12,90.0000,67,62.0370,55,50.9259,102,91,11,89.2157,57,62.6374,49,53.8462,2026-08-05,legal_dong; not administrative_dong
28720,옹진군,2872035022,인천광역시 옹진군 덕적면 진리,263,237,26,90.1141,118,49.7890,78,32.9114,203,181,22,89.1626,95,52.4862,68,37.5691,2026-08-05,legal_dong; not administrative_dong
28720,옹진군,2872035023,인천광역시 옹진군 덕적면 서포리,261,244,17,93.4866,137,56.1475,114,46.7213,196,184,12,93.8776,111,60.3261,98,53.2609,2026-08-05,legal_dong; not administrative_dong
28720,옹진군,2872035024,인천광역시 옹진군 덕적면 소야리,123,123,0,100.0000,59,47.9675,46,37.3984,112,112,0,100.0000,51,45.5357,40,35.7143,2026-08-05,legal_dong; not administrative_dong
28720,옹진군,2872035025,인천광역시 옹진군 덕적면 울도리,22,18,4,81.8182,16,88.8889,14,77.7778,17,16,1,94.1176,15,93.7500,13,81.2500,2026-08-05,legal_dong; not administrative_dong
28720,옹진군,2872035026,인천광역시 옹진군 덕적면 백아리,29,28,1,96.5517,21,75.0000,19,67.8571,25,25,0,100.0000,19,76.0000,18,72.0000,2026-08-05,legal_dong; not administrative_dong
28720,옹진군,2872035027,인천광역시 옹진군 덕적면 문갑리,44,44,0,100.0000,22,50.0000,22,50.0000,38,38,0,100.0000,22,57.8947,22,57.8947,2026-08-05,legal_dong; not administrative_dong
28720,옹진군,2872035028,인천광역시 옹진군 덕적면 굴업리,7,6,1,85.7143,4,66.6667,3,50.0000,5,4,1,80.0000,3,75.0000,2,50.0000,2026-08-05,legal_dong; not administrative_dong
28720,옹진군,2872036021,인천광역시 옹진군 영흥면 외리,381,366,15,96.0630,35,9.5628,18,4.9180,278,264,14,94.9640,30,11.3636,16,6.0606,2026-08-05,legal_dong; not administrative_dong
28720,옹진군,2872036022,인천광역시 옹진군 영흥면 내리,1177,1166,11,99.0654,239,20.4974,156,13.3791,851,847,4,99.5300,197,23.2586,128,15.1122,2026-08-05,legal_dong; not administrative_dong
28720,옹진군,2872036023,인천광역시 옹진군 영흥면 선재리,495,481,14,97.1717,100,20.7900,41,8.5239,296,286,10,96.6216,86,30.0699,35,12.2378,2026-08-05,legal_dong; not administrative_dong
28720,옹진군,2872037021,인천광역시 옹진군 자월면 자월리,366,363,3,99.1803,139,38.2920,101,27.8237,317,315,2,99.3691,118,37.4603,90,28.5714,2026-08-05,legal_dong; not administrative_dong
28720,옹진군,2872037022,인천광역시 옹진군 자월면 이작리,187,184,3,98.3957,68,36.9565,41,22.2826,153,152,1,99.3464,57,37.5000,34,22.3684,2026-08-05,legal_dong; not administrative_dong
28720,옹진군,2872037023,인천광역시 옹진군 자월면 승봉리,105,102,3,97.1429,47,46.0784,30,29.4118,92,91,1,98.9130,44,48.3516,29,31.8681,2026-08-05,legal_dong; not administrative_dong
28720,옹진군,2872038021,인천광역시 옹진군 연평면 연평리,547,448,99,81.9013,297,66.2946,255,56.9196,424,337,87,79.4811,238,70.6231,211,62.6113,2026-08-05,legal_dong; not administrative_dong
