geometry_zone_id,geometry_adm_cd_20250630,geometry_district_name_20250630,geometry_dong_name_20250630,geometry_base_date,current_admin_reference_date,current_district_name_20260701,current_admin_dong_codes_20260701,current_admin_dong_names_20260701,current_admin_dong_count,map_unit_status,mapping_methods,mapping_confidence,aggregation_required,metric_handling,population_reference_date,household_reference_date,total_population,population_age_65_plus,total_households,one_person_households,one_person_households_age_65_plus,population_age_65_plus_share,one_person_household_share,age_65_plus_one_person_share_of_age_65_plus_population,representative_longitude,representative_latitude,representative_point_method,bubble_metric_name,bubble_metric_label_ko,bubble_metric_value,bubble_metric_interpretation
vworld_sgis_20250630:23010520,23010520,중구,연안동,20250630,20260701,제물포구,2812552000,연안동,1,exact,unique_normalized_name,high,false,direct_geometry_join,2026-06-30,2026-07-31,4945,1795,2828,1565,648,0.362993,0.553395,0.361003,126.59985687,37.44765965,shapely_representative_point_within_polygon_wgs84,one_person_households_age_65_plus,65세 이상 1인 가구 수 (관측),648,관측된 65세 이상 1인 가구 규모이며 복지 미수급자 수 또는 고독사 위험자 수가 아님
vworld_sgis_20250630:23010530,23010530,중구,신포동,20250630,20260701,제물포구,2812551000,신포동,1,exact,unique_normalized_name,high,false,direct_geometry_join,2026-06-30,2026-07-31,4398,1478,2470,1391,653,0.336062,0.563158,0.441813,126.62701628,37.46691339,shapely_representative_point_within_polygon_wgs84,one_person_households_age_65_plus,65세 이상 1인 가구 수 (관측),653,관측된 65세 이상 1인 가구 규모이며 복지 미수급자 수 또는 고독사 위험자 수가 아님
vworld_sgis_20250630:23010540,23010540,중구,신흥동,20250630,20260701,제물포구,2812553000,신흥동,1,exact,unique_normalized_name,high,false,direct_geometry_join,2026-06-30,2026-07-31,14062,3453,7056,3134,1090,0.245555,0.444161,0.315668,126.62676457,37.44905660,shapely_representative_point_within_polygon_wgs84,one_person_households_age_65_plus,65세 이상 1인 가구 수 (관측),1090,관측된 65세 이상 1인 가구 규모이며 복지 미수급자 수 또는 고독사 위험자 수가 아님
vworld_sgis_20250630:23010560,23010560,중구,도원동,20250630,20260701,제물포구,2812554000,도원동,1,exact,unique_normalized_name,high,false,direct_geometry_join,2026-06-30,2026-07-31,3374,1389,1961,1086,591,0.411678,0.553799,0.425486,126.64008612,37.46710709,shapely_representative_point_within_polygon_wgs84,one_person_households_age_65_plus,65세 이상 1인 가구 수 (관측),591,관측된 65세 이상 1인 가구 규모이며 복지 미수급자 수 또는 고독사 위험자 수가 아님
vworld_sgis_20250630:23010570,23010570,중구,율목동,20250630,20260701,제물포구,2812555000,율목동,1,exact,unique_normalized_name,high,false,direct_geometry_join,2026-06-30,2026-07-31,3036,1058,1892,1154,533,0.348485,0.609937,0.503781,126.63501739,37.47013810,shapely_representative_point_within_polygon_wgs84,one_person_households_age_65_plus,65세 이상 1인 가구 수 (관측),533,관측된 65세 이상 1인 가구 규모이며 복지 미수급자 수 또는 고독사 위험자 수가 아님
vworld_sgis_20250630:23010580,23010580,중구,동인천동,20250630,20260701,제물포구,2812556000,동인천동,1,exact,unique_normalized_name,high,false,direct_geometry_join,2026-06-30,2026-07-31,5168,1969,3274,2107,992,0.380998,0.643555,0.503809,126.62818274,37.47520494,shapely_representative_point_within_polygon_wgs84,one_person_households_age_65_plus,65세 이상 1인 가구 수 (관측),992,관측된 65세 이상 1인 가구 규모이며 복지 미수급자 수 또는 고독사 위험자 수가 아님
vworld_sgis_20250630:23010630,23010630,중구,용유동,20250630,20260701,영종구,2815556000,용유동,1,exact,unique_normalized_name,high,false,direct_geometry_join,2026-06-30,2026-07-31,3339,1558,2222,1442,678,0.466607,0.648965,0.435173,126.39460997,37.45691086,shapely_representative_point_within_polygon_wgs84,one_person_households_age_65_plus,65세 이상 1인 가구 수 (관측),678,관측된 65세 이상 1인 가구 규모이며 복지 미수급자 수 또는 고독사 위험자 수가 아님
vworld_sgis_20250630:23010640,23010640,중구,운서동,20250630,20260701,영종구,2815554000|2815555000,운서1동|운서2동,2,aggregated_split,post_snapshot_split_aggregate,high,true,sum_additive_counts_then_recompute_rates,2026-06-30,2026-07-31,40279,4181,23891,15361,1183,0.103801,0.642962,0.282947,126.45875998,37.46877850,shapely_representative_point_within_polygon_wgs84,one_person_households_age_65_plus,65세 이상 1인 가구 수 (관측),1183,관측된 65세 이상 1인 가구 규모이며 복지 미수급자 수 또는 고독사 위험자 수가 아님
vworld_sgis_20250630:23010650,23010650,중구,영종동,20250630,20260701,영종구,2815551000,영종동,1,exact,unique_normalized_name,high,false,direct_geometry_join,2026-06-30,2026-07-31,30702,4958,15689,7474,1492,0.161488,0.476385,0.300928,126.53329788,37.49986602,shapely_representative_point_within_polygon_wgs84,one_person_households_age_65_plus,65세 이상 1인 가구 수 (관측),1492,관측된 65세 이상 1인 가구 규모이며 복지 미수급자 수 또는 고독사 위험자 수가 아님
vworld_sgis_20250630:23010670,23010670,중구,개항동,20250630,20260701,제물포구,2812557000,개항동,1,exact,unique_normalized_name,high,false,direct_geometry_join,2026-06-30,2026-07-31,6426,2285,3815,2173,906,0.355587,0.569594,0.396499,126.60334558,37.47630428,shapely_representative_point_within_polygon_wgs84,one_person_households_age_65_plus,65세 이상 1인 가구 수 (관측),906,관측된 65세 이상 1인 가구 규모이며 복지 미수급자 수 또는 고독사 위험자 수가 아님
vworld_sgis_20250630:23010681,23010681,중구,영종1동,20250630,20260701,영종구,2815552000,영종1동,1,exact,unique_normalized_name,high,false,direct_geometry_join,2026-06-30,2026-07-31,35752,3565,14640,4443,755,0.099715,0.303484,0.211781,126.55318524,37.48785073,shapely_representative_point_within_polygon_wgs84,one_person_households_age_65_plus,65세 이상 1인 가구 수 (관측),755,관측된 65세 이상 1인 가구 규모이며 복지 미수급자 수 또는 고독사 위험자 수가 아님
vworld_sgis_20250630:23010691,23010691,중구,영종2동,20250630,20260701,영종구,2815553000,영종2동,1,exact,unique_normalized_name,high,false,direct_geometry_join,2026-06-30,2026-07-31,27549,2411,10889,3155,398,0.087517,0.289742,0.165077,126.56682770,37.49615779,shapely_representative_point_within_polygon_wgs84,one_person_households_age_65_plus,65세 이상 1인 가구 수 (관측),398,관측된 65세 이상 1인 가구 규모이며 복지 미수급자 수 또는 고독사 위험자 수가 아님
vworld_sgis_20250630:23020510,23020510,동구,만석동,20250630,20260701,제물포구,2812558000,만석동,1,exact,unique_normalized_name,high,false,direct_geometry_join,2026-06-30,2026-07-31,6027,1852,3046,1351,674,0.307284,0.443533,0.363931,126.62413160,37.48588525,shapely_representative_point_within_polygon_wgs84,one_person_households_age_65_plus,65세 이상 1인 가구 수 (관측),674,관측된 65세 이상 1인 가구 규모이며 복지 미수급자 수 또는 고독사 위험자 수가 아님
vworld_sgis_20250630:23020520,23020520,동구,화수1·화평동,20250630,20260701,제물포구,2812559000,화수1.화평동,1,exact,unique_normalized_name,high,false,direct_geometry_join,2026-06-30,2026-07-31,5112,1894,2653,1233,696,0.370501,0.464757,0.367476,126.63010414,37.48024974,shapely_representative_point_within_polygon_wgs84,one_person_households_age_65_plus,65세 이상 1인 가구 수 (관측),696,관측된 65세 이상 1인 가구 규모이며 복지 미수급자 수 또는 고독사 위험자 수가 아님
vworld_sgis_20250630:23020530,23020530,동구,화수2동,20250630,20260701,제물포구,2812560000,화수2동,1,exact,unique_normalized_name,high,false,direct_geometry_join,2026-06-30,2026-07-31,6548,2493,3551,1770,932,0.380727,0.498451,0.373847,126.63209382,37.48530373,shapely_representative_point_within_polygon_wgs84,one_person_households_age_65_plus,65세 이상 1인 가구 수 (관측),932,관측된 65세 이상 1인 가구 규모이며 복지 미수급자 수 또는 고독사 위험자 수가 아님
vworld_sgis_20250630:23020550,23020550,동구,송현1·2동,20250630,20260701,제물포구,2812561000,송현1.2동,1,exact,unique_normalized_name,high,false,direct_geometry_join,2026-06-30,2026-07-31,9341,2600,4276,1536,626,0.278343,0.359214,0.240769,126.63594205,37.47807988,shapely_representative_point_within_polygon_wgs84,one_person_households_age_65_plus,65세 이상 1인 가구 수 (관측),626,관측된 65세 이상 1인 가구 규모이며 복지 미수급자 수 또는 고독사 위험자 수가 아님
vworld_sgis_20250630:23020570,23020570,동구,송현3동,20250630,20260701,제물포구,2812562000,송현3동,1,exact,unique_normalized_name,high,false,direct_geometry_join,2026-06-30,2026-07-31,2554,1040,1512,844,455,0.407204,0.558201,0.437500,126.64139760,37.48610593,shapely_representative_point_within_polygon_wgs84,one_person_households_age_65_plus,65세 이상 1인 가구 수 (관측),455,관측된 65세 이상 1인 가구 규모이며 복지 미수급자 수 또는 고독사 위험자 수가 아님
vworld_sgis_20250630:23020580,23020580,동구,송림1동,20250630,20260701,제물포구,2812563000,송림1동,1,exact,unique_normalized_name,high,false,direct_geometry_join,2026-06-30,2026-07-31,6586,1207,2830,832,234,0.183268,0.293993,0.193869,126.63838273,37.47577547,shapely_representative_point_within_polygon_wgs84,one_person_households_age_65_plus,65세 이상 1인 가구 수 (관측),234,관측된 65세 이상 1인 가구 규모이며 복지 미수급자 수 또는 고독사 위험자 수가 아님
vworld_sgis_20250630:23020590,23020590,동구,송림2동,20250630,20260701,제물포구,2812564000,송림2동,1,exact,unique_normalized_name,high,false,direct_geometry_join,2026-06-30,2026-07-31,1136,538,731,477,281,0.473592,0.652531,0.522305,126.64252436,37.47643401,shapely_representative_point_within_polygon_wgs84,one_person_households_age_65_plus,65세 이상 1인 가구 수 (관측),281,관측된 65세 이상 1인 가구 규모이며 복지 미수급자 수 또는 고독사 위험자 수가 아님
vworld_sgis_20250630:23020600,23020600,동구,송림3·5동,20250630,20260701,제물포구,2812565000,송림3·5동,1,exact,unique_normalized_name,high,false,direct_geometry_join,2026-06-30,2026-07-31,5058,1427,2311,860,384,0.282127,0.372133,0.269096,126.64809274,37.47342796,shapely_representative_point_within_polygon_wgs84,one_person_households_age_65_plus,65세 이상 1인 가구 수 (관측),384,관측된 65세 이상 1인 가구 규모이며 복지 미수급자 수 또는 고독사 위험자 수가 아님
vworld_sgis_20250630:23020610,23020610,동구,송림4동,20250630,20260701,제물포구,2812566000,송림4동,1,exact,unique_normalized_name,high,false,direct_geometry_join,2026-06-30,2026-07-31,5857,1061,2491,707,195,0.181151,0.283822,0.183789,126.66314593,37.48187886,shapely_representative_point_within_polygon_wgs84,one_person_households_age_65_plus,65세 이상 1인 가구 수 (관측),195,관측된 65세 이상 1인 가구 규모이며 복지 미수급자 수 또는 고독사 위험자 수가 아님
vworld_sgis_20250630:23020630,23020630,동구,송림6동,20250630,20260701,제물포구,2812567000,송림6동,1,exact,unique_normalized_name,high,false,direct_geometry_join,2026-06-30,2026-07-31,7618,1833,3515,1311,512,0.240614,0.372973,0.279324,126.64817448,37.48123941,shapely_representative_point_within_polygon_wgs84,one_person_households_age_65_plus,65세 이상 1인 가구 수 (관측),512,관측된 65세 이상 1인 가구 규모이며 복지 미수급자 수 또는 고독사 위험자 수가 아님
vworld_sgis_20250630:23020640,23020640,동구,금창동,20250630,20260701,제물포구,2812568000,금창동,1,exact,unique_normalized_name,high,false,direct_geometry_join,2026-06-30,2026-07-31,2089,936,1219,678,397,0.448061,0.556194,0.424145,126.64035063,37.47151680,shapely_representative_point_within_polygon_wgs84,one_person_households_age_65_plus,65세 이상 1인 가구 수 (관측),397,관측된 65세 이상 1인 가구 규모이며 복지 미수급자 수 또는 고독사 위험자 수가 아님
vworld_sgis_20250630:23040510,23040510,연수구,옥련1동,20250630,20260701,연수구,2818563000,옥련1동,1,exact,unique_normalized_name,high,false,direct_geometry_join,2026-06-30,2026-07-31,17155,4092,7943,3011,1190,0.238531,0.379076,0.290811,126.64805353,37.42051719,shapely_representative_point_within_polygon_wgs84,one_person_households_age_65_plus,65세 이상 1인 가구 수 (관측),1190,관측된 65세 이상 1인 가구 규모이며 복지 미수급자 수 또는 고독사 위험자 수가 아님
vworld_sgis_20250630:23040520,23040520,연수구,선학동,20250630,20260701,연수구,2818575000,선학동,1,exact,unique_normalized_name,high,false,direct_geometry_join,2026-06-30,2026-07-31,17435,4470,8740,4021,1362,0.256381,0.460069,0.304698,126.69660166,37.42776437,shapely_representative_point_within_polygon_wgs84,one_person_households_age_65_plus,65세 이상 1인 가구 수 (관측),1362,관측된 65세 이상 1인 가구 규모이며 복지 미수급자 수 또는 고독사 위험자 수가 아님
vworld_sgis_20250630:23040530,23040530,연수구,연수1동,20250630,20260701,연수구,2818576100,연수1동,1,exact,unique_normalized_name,high,false,direct_geometry_join,2026-06-30,2026-07-31,16032,3632,8620,4595,1002,0.226547,0.533063,0.275881,126.68045757,37.42448045,shapely_representative_point_within_polygon_wgs84,one_person_households_age_65_plus,65세 이상 1인 가구 수 (관측),1002,관측된 65세 이상 1인 가구 규모이며 복지 미수급자 수 또는 고독사 위험자 수가 아님
vworld_sgis_20250630:23040540,23040540,연수구,연수2동,20250630,20260701,연수구,2818576200,연수2동,1,exact,unique_normalized_name,high,false,direct_geometry_join,2026-06-30,2026-07-31,19037,4201,9693,4630,1473,0.220676,0.477664,0.350631,126.68297031,37.41279403,shapely_representative_point_within_polygon_wgs84,one_person_households_age_65_plus,65세 이상 1인 가구 수 (관측),1473,관측된 65세 이상 1인 가구 규모이며 복지 미수급자 수 또는 고독사 위험자 수가 아님
vworld_sgis_20250630:23040550,23040550,연수구,연수3동,20250630,20260701,연수구,2818576300,연수3동,1,exact,unique_normalized_name,high,false,direct_geometry_join,2026-06-30,2026-07-31,14237,3915,7072,3129,1504,0.274988,0.442449,0.384163,126.68803167,37.41905622,shapely_representative_point_within_polygon_wgs84,one_person_households_age_65_plus,65세 이상 1인 가구 수 (관측),1504,관측된 65세 이상 1인 가구 규모이며 복지 미수급자 수 또는 고독사 위험자 수가 아님
vworld_sgis_20250630:23040560,23040560,연수구,청학동,20250630,20260701,연수구,2818576600,청학동,1,exact,unique_normalized_name,high,false,direct_geometry_join,2026-06-30,2026-07-31,21669,5769,11870,6272,2037,0.266233,0.528391,0.353094,126.66452073,37.42435062,shapely_representative_point_within_polygon_wgs84,one_person_households_age_65_plus,65세 이상 1인 가구 수 (관측),2037,관측된 65세 이상 1인 가구 규모이며 복지 미수급자 수 또는 고독사 위험자 수가 아님
vworld_sgis_20250630:23040570,23040570,연수구,동춘1동,20250630,20260701,연수구,2818578000,동춘1동,1,exact,unique_normalized_name,high,false,direct_geometry_join,2026-06-30,2026-07-31,25304,4025,9626,1980,617,0.159066,0.205693,0.153292,126.65931922,37.40452492,shapely_representative_point_within_polygon_wgs84,one_person_households_age_65_plus,65세 이상 1인 가구 수 (관측),617,관측된 65세 이상 1인 가구 규모이며 복지 미수급자 수 또는 고독사 위험자 수가 아님
vworld_sgis_20250630:23040580,23040580,연수구,동춘2동,20250630,20260701,연수구,2818579000,동춘2동,1,exact,unique_normalized_name,high,false,direct_geometry_join,2026-06-30,2026-07-31,16368,3210,6823,1820,598,0.196114,0.266745,0.186293,126.67090787,37.40035687,shapely_representative_point_within_polygon_wgs84,one_person_households_age_65_plus,65세 이상 1인 가구 수 (관측),598,관측된 65세 이상 1인 가구 규모이며 복지 미수급자 수 또는 고독사 위험자 수가 아님
vworld_sgis_20250630:23040590,23040590,연수구,동춘3동,20250630,20260701,연수구,2818579500,동춘3동,1,exact,unique_normalized_name,high,false,direct_geometry_join,2026-06-30,2026-07-31,17290,2988,5745,646,317,0.172817,0.112446,0.106091,126.67729156,37.40835995,shapely_representative_point_within_polygon_wgs84,one_person_households_age_65_plus,65세 이상 1인 가구 수 (관측),317,관측된 65세 이상 1인 가구 규모이며 복지 미수급자 수 또는 고독사 위험자 수가 아님
vworld_sgis_20250630:23040600,23040600,연수구,옥련2동,20250630,20260701,연수구,2818564000,옥련2동,1,exact,unique_normalized_name,high,false,direct_geometry_join,2026-06-30,2026-07-31,19591,4009,8146,2335,820,0.204635,0.286644,0.204540,126.64457982,37.42811653,shapely_representative_point_within_polygon_wgs84,one_person_households_age_65_plus,65세 이상 1인 가구 수 (관측),820,관측된 65세 이상 1인 가구 규모이며 복지 미수급자 수 또는 고독사 위험자 수가 아님
vworld_sgis_20250630:23040640,23040640,연수구,송도1동,20250630,20260701,연수구,2818582000,송도1동,1,exact,unique_normalized_name,high,false,direct_geometry_join,2026-06-30,2026-07-31,36150,4809,14648,4919,523,0.133029,0.335814,0.108754,126.62772080,37.34519447,shapely_representative_point_within_polygon_wgs84,one_person_households_age_65_plus,65세 이상 1인 가구 수 (관측),523,관측된 65세 이상 1인 가구 규모이며 복지 미수급자 수 또는 고독사 위험자 수가 아님
vworld_sgis_20250630:23040650,23040650,연수구,송도3동,20250630,20260701,연수구,2818584000,송도3동,1,exact,unique_normalized_name,high,false,direct_geometry_join,2026-06-30,2026-07-31,49880,4181,20086,6160,504,0.083821,0.306681,0.120545,126.66609988,37.36660297,shapely_representative_point_within_polygon_wgs84,one_person_households_age_65_plus,65세 이상 1인 가구 수 (관측),504,관측된 65세 이상 1인 가구 규모이며 복지 미수급자 수 또는 고독사 위험자 수가 아님
vworld_sgis_20250630:23040660,23040660,연수구,송도2동,20250630,20260701,연수구,2818583000,송도2동,1,exact,unique_normalized_name,high,false,direct_geometry_join,2026-06-30,2026-07-31,37352,3080,12526,1866,359,0.082459,0.148970,0.116558,126.63931734,37.40466898,shapely_representative_point_within_polygon_wgs84,one_person_households_age_65_plus,65세 이상 1인 가구 수 (관측),359,관측된 65세 이상 1인 가구 규모이며 복지 미수급자 수 또는 고독사 위험자 수가 아님
vworld_sgis_20250630:23040680,23040680,연수구,송도4동,20250630,20260701,연수구,2818585000,송도4동,1,exact,unique_normalized_name,high,false,direct_geometry_join,2026-06-30,2026-07-31,56032,3881,20449,4098,422,0.069264,0.200401,0.108735,126.62437254,37.39017943,shapely_representative_point_within_polygon_wgs84,one_person_households_age_65_plus,65세 이상 1인 가구 수 (관측),422,관측된 65세 이상 1인 가구 규모이며 복지 미수급자 수 또는 고독사 위험자 수가 아님
vworld_sgis_20250630:23040690,23040690,연수구,송도5동,20250630,20260701,연수구,2818586000,송도5동,1,exact,unique_normalized_name,high,false,direct_geometry_join,2026-06-30,2026-07-31,46758,3745,17508,3427,417,0.080093,0.195739,0.111348,126.61411763,37.41715046,shapely_representative_point_within_polygon_wgs84,one_person_households_age_65_plus,65세 이상 1인 가구 수 (관측),417,관측된 65세 이상 1인 가구 규모이며 복지 미수급자 수 또는 고독사 위험자 수가 아님
vworld_sgis_20250630:23050510,23050510,남동구,구월1동,20250630,20260701,남동구,2820051000,구월1동,1,exact,unique_normalized_name,high,false,direct_geometry_join,2026-06-30,2026-07-31,30030,5755,13895,5559,1702,0.191642,0.400072,0.295743,126.71257917,37.44551551,shapely_representative_point_within_polygon_wgs84,one_person_households_age_65_plus,65세 이상 1인 가구 수 (관측),1702,관측된 65세 이상 1인 가구 규모이며 복지 미수급자 수 또는 고독사 위험자 수가 아님
vworld_sgis_20250630:23050521,23050521,남동구,구월2동,20250630,20260701,남동구,2820052000,구월2동,1,exact,unique_normalized_name,high,false,direct_geometry_join,2026-06-30,2026-07-31,36517,6425,13913,3107,1277,0.175945,0.223316,0.198755,126.71500842,37.45625078,shapely_representative_point_within_polygon_wgs84,one_person_households_age_65_plus,65세 이상 1인 가구 수 (관측),1277,관측된 65세 이상 1인 가구 규모이며 복지 미수급자 수 또는 고독사 위험자 수가 아님
vworld_sgis_20250630:23050530,23050530,남동구,구월3동,20250630,20260701,남동구,2820052100,구월3동,1,exact,unique_normalized_name,high,false,direct_geometry_join,2026-06-30,2026-07-31,28008,4312,17552,11396,1392,0.153956,0.649271,0.322820,126.70056646,37.44608950,shapely_representative_point_within_polygon_wgs84,one_person_households_age_65_plus,65세 이상 1인 가구 수 (관측),1392,관측된 65세 이상 1인 가구 규모이며 복지 미수급자 수 또는 고독사 위험자 수가 아님
vworld_sgis_20250630:23050540,23050540,남동구,구월4동,20250630,20260701,남동구,2820052200,구월4동,1,exact,unique_normalized_name,high,false,direct_geometry_join,2026-06-30,2026-07-31,12577,3679,7457,4323,1641,0.292518,0.579724,0.446045,126.72407031,37.44827831,shapely_representative_point_within_polygon_wgs84,one_person_households_age_65_plus,65세 이상 1인 가구 수 (관측),1641,관측된 65세 이상 1인 가구 규모이며 복지 미수급자 수 또는 고독사 위험자 수가 아님
vworld_sgis_20250630:23050550,23050550,남동구,간석1동,20250630,20260701,남동구,2820053000,간석1동,1,exact,unique_normalized_name,high,false,direct_geometry_join,2026-06-30,2026-07-31,18417,4419,9500,4406,1397,0.239941,0.463789,0.316135,126.70231457,37.46059410,shapely_representative_point_within_polygon_wgs84,one_person_households_age_65_plus,65세 이상 1인 가구 수 (관측),1397,관측된 65세 이상 1인 가구 규모이며 복지 미수급자 수 또는 고독사 위험자 수가 아님
vworld_sgis_20250630:23050561,23050561,남동구,간석2동,20250630,20260701,남동구,2820054000,간석2동,1,exact,unique_normalized_name,high,false,direct_geometry_join,2026-06-30,2026-07-31,20355,4612,9292,3687,1199,0.226578,0.396793,0.259974,126.71300493,37.46223415,shapely_representative_point_within_polygon_wgs84,one_person_households_age_65_plus,65세 이상 1인 가구 수 (관측),1199,관측된 65세 이상 1인 가구 규모이며 복지 미수급자 수 또는 고독사 위험자 수가 아님
vworld_sgis_20250630:23050570,23050570,남동구,간석3동,20250630,20260701,남동구,2820055000,간석3동,1,exact,unique_normalized_name,high,false,direct_geometry_join,2026-06-30,2026-07-31,24732,6210,12559,5680,2149,0.251092,0.452265,0.346055,126.71488132,37.47039193,shapely_representative_point_within_polygon_wgs84,one_person_households_age_65_plus,65세 이상 1인 가구 수 (관측),2149,관측된 65세 이상 1인 가구 규모이며 복지 미수급자 수 또는 고독사 위험자 수가 아님
vworld_sgis_20250630:23050580,23050580,남동구,간석4동,20250630,20260701,남동구,2820055100,간석4동,1,exact,unique_normalized_name,high,false,direct_geometry_join,2026-06-30,2026-07-31,27677,6229,13762,6122,1863,0.225061,0.444848,0.299085,126.69718117,37.46646609,shapely_representative_point_within_polygon_wgs84,one_person_households_age_65_plus,65세 이상 1인 가구 수 (관측),1863,관측된 65세 이상 1인 가구 규모이며 복지 미수급자 수 또는 고독사 위험자 수가 아님
vworld_sgis_20250630:23050590,23050590,남동구,만수1동,20250630,20260701,남동구,2820056000,만수1동,1,exact,unique_normalized_name,high,false,direct_geometry_join,2026-06-30,2026-07-31,15055,4610,8740,4862,2145,0.306211,0.556293,0.465293,126.73393728,37.45079911,shapely_representative_point_within_polygon_wgs84,one_person_households_age_65_plus,65세 이상 1인 가구 수 (관측),2145,관측된 65세 이상 1인 가구 규모이며 복지 미수급자 수 또는 고독사 위험자 수가 아님
vworld_sgis_20250630:23050600,23050600,남동구,만수2동,20250630,20260701,남동구,2820057000,만수2동,1,exact,unique_normalized_name,high,false,direct_geometry_join,2026-06-30,2026-07-31,21934,5013,9546,3129,1265,0.228549,0.327781,0.252344,126.73527008,37.46316082,shapely_representative_point_within_polygon_wgs84,one_person_households_age_65_plus,65세 이상 1인 가구 수 (관측),1265,관측된 65세 이상 1인 가구 규모이며 복지 미수급자 수 또는 고독사 위험자 수가 아님
vworld_sgis_20250630:23050610,23050610,남동구,만수3동,20250630,20260701,남동구,2820058000,만수3동,1,exact,unique_normalized_name,high,false,direct_geometry_join,2026-06-30,2026-07-31,15552,3570,7002,2496,1006,0.229552,0.356470,0.281793,126.72843698,37.46647118,shapely_representative_point_within_polygon_wgs84,one_person_households_age_65_plus,65세 이상 1인 가구 수 (관측),1006,관측된 65세 이상 1인 가구 규모이며 복지 미수급자 수 또는 고독사 위험자 수가 아님
vworld_sgis_20250630:23050620,23050620,남동구,만수4동,20250630,20260701,남동구,2820058100,만수4동,1,exact,unique_normalized_name,high,false,direct_geometry_join,2026-06-30,2026-07-31,18052,4643,8727,3436,1352,0.257201,0.393721,0.291191,126.73731852,37.45612467,shapely_representative_point_within_polygon_wgs84,one_person_households_age_65_plus,65세 이상 1인 가구 수 (관측),1352,관측된 65세 이상 1인 가구 규모이며 복지 미수급자 수 또는 고독사 위험자 수가 아님
vworld_sgis_20250630:23050630,23050630,남동구,만수5동,20250630,20260701,남동구,2820058200,만수5동,1,exact,unique_normalized_name,high,false,direct_geometry_join,2026-06-30,2026-07-31,13893,4191,7515,3698,1493,0.301663,0.492083,0.356240,126.72529162,37.45788470,shapely_representative_point_within_polygon_wgs84,one_person_households_age_65_plus,65세 이상 1인 가구 수 (관측),1493,관측된 65세 이상 1인 가구 규모이며 복지 미수급자 수 또는 고독사 위험자 수가 아님
vworld_sgis_20250630:23050640,23050640,남동구,만수6동,20250630,20260701,남동구,2820058300,만수6동,1,exact,unique_normalized_name,high,false,direct_geometry_join,2026-06-30,2026-07-31,21627,5762,10154,4011,1766,0.266426,0.395017,0.306491,126.74011190,37.44082997,shapely_representative_point_within_polygon_wgs84,one_person_households_age_65_plus,65세 이상 1인 가구 수 (관측),1766,관측된 65세 이상 1인 가구 규모이며 복지 미수급자 수 또는 고독사 위험자 수가 아님
vworld_sgis_20250630:23050670,23050670,남동구,남촌도림동,20250630,20260701,남동구,2820066000,남촌도림동,1,exact,unique_normalized_name,high,false,direct_geometry_join,2026-06-30,2026-07-31,18594,4842,8912,3558,1421,0.260407,0.399237,0.293474,126.72125952,37.42781741,shapely_representative_point_within_polygon_wgs84,one_person_households_age_65_plus,65세 이상 1인 가구 수 (관측),1421,관측된 65세 이상 1인 가구 규모이며 복지 미수급자 수 또는 고독사 위험자 수가 아님
vworld_sgis_20250630:23050720,23050720,남동구,논현1동,20250630,20260701,남동구,2820069000,논현1동,1,exact,unique_normalized_name,high,false,direct_geometry_join,2026-06-30,2026-07-31,30990,5739,14250,5719,1699,0.185189,0.401333,0.296045,126.74112610,37.41108956,shapely_representative_point_within_polygon_wgs84,one_person_households_age_65_plus,65세 이상 1인 가구 수 (관측),1699,관측된 65세 이상 1인 가구 규모이며 복지 미수급자 수 또는 고독사 위험자 수가 아님
vworld_sgis_20250630:23050730,23050730,남동구,논현2동,20250630,20260701,남동구,2820070000,논현2동,1,exact,unique_normalized_name,high,false,direct_geometry_join,2026-06-30,2026-07-31,30616,6461,15359,7105,1900,0.211033,0.462595,0.294072,126.70602685,37.40854912,shapely_representative_point_within_polygon_wgs84,one_person_households_age_65_plus,65세 이상 1인 가구 수 (관측),1900,관측된 65세 이상 1인 가구 규모이며 복지 미수급자 수 또는 고독사 위험자 수가 아님
vworld_sgis_20250630:23050740,23050740,남동구,논현고잔동,20250630,20260701,남동구,2820071000,논현고잔동,1,exact,unique_normalized_name,high,false,direct_geometry_join,2026-06-30,2026-07-31,39098,5326,15703,4608,1357,0.136222,0.293447,0.254788,126.70307313,37.39527212,shapely_representative_point_within_polygon_wgs84,one_person_households_age_65_plus,65세 이상 1인 가구 수 (관측),1357,관측된 65세 이상 1인 가구 규모이며 복지 미수급자 수 또는 고독사 위험자 수가 아님
vworld_sgis_20250630:23050750,23050750,남동구,장수서창동,20250630,20260701,남동구,2820065000,장수서창동,1,exact,unique_normalized_name,high,false,direct_geometry_join,2026-06-30,2026-07-31,18118,4424,7804,2549,1055,0.244177,0.326627,0.238472,126.75819659,37.44889466,shapely_representative_point_within_polygon_wgs84,one_person_households_age_65_plus,65세 이상 1인 가구 수 (관측),1055,관측된 65세 이상 1인 가구 규모이며 복지 미수급자 수 또는 고독사 위험자 수가 아님
vworld_sgis_20250630:23050760,23050760,남동구,서창2동,20250630,20260701,남동구,2820065500,서창2동,1,exact,unique_normalized_name,high,false,direct_geometry_join,2026-06-30,2026-07-31,37307,6068,15740,5373,1974,0.162650,0.341360,0.325313,126.74849140,37.42542629,shapely_representative_point_within_polygon_wgs84,one_person_households_age_65_plus,65세 이상 1인 가구 수 (관측),1974,관측된 65세 이상 1인 가구 규모이며 복지 미수급자 수 또는 고독사 위험자 수가 아님
vworld_sgis_20250630:23060510,23060510,부평구,부평1동,20250630,20260701,부평구,2823751000,부평1동,1,exact,unique_normalized_name,high,false,direct_geometry_join,2026-06-30,2026-07-31,34433,7177,17395,8008,1719,0.208434,0.460362,0.239515,126.71941232,37.49711732,shapely_representative_point_within_polygon_wgs84,one_person_households_age_65_plus,65세 이상 1인 가구 수 (관측),1719,관측된 65세 이상 1인 가구 규모이며 복지 미수급자 수 또는 고독사 위험자 수가 아님
vworld_sgis_20250630:23060520,23060520,부평구,부평2동,20250630,20260701,부평구,2823752000,부평2동,1,exact,unique_normalized_name,high,false,direct_geometry_join,2026-06-30,2026-07-31,16750,3580,8472,3782,1192,0.213731,0.446412,0.332961,126.71968595,37.47984078,shapely_representative_point_within_polygon_wgs84,one_person_households_age_65_plus,65세 이상 1인 가구 수 (관측),1192,관측된 65세 이상 1인 가구 규모이며 복지 미수급자 수 또는 고독사 위험자 수가 아님
vworld_sgis_20250630:23060530,23060530,부평구,부평3동,20250630,20260701,부평구,2823753000,부평3동,1,exact,unique_normalized_name,high,false,direct_geometry_join,2026-06-30,2026-07-31,14210,3390,6943,3063,1188,0.238564,0.441164,0.350442,126.70700494,37.48356761,shapely_representative_point_within_polygon_wgs84,one_person_households_age_65_plus,65세 이상 1인 가구 수 (관측),1188,관측된 65세 이상 1인 가구 규모이며 복지 미수급자 수 또는 고독사 위험자 수가 아님
vworld_sgis_20250630:23060540,23060540,부평구,부평4동,20250630,20260701,부평구,2823754000,부평4동,1,exact,unique_normalized_name,high,false,direct_geometry_join,2026-06-30,2026-07-31,32903,6681,17835,9205,2311,0.203051,0.516120,0.345906,126.72619966,37.50084584,shapely_representative_point_within_polygon_wgs84,one_person_households_age_65_plus,65세 이상 1인 가구 수 (관측),2311,관측된 65세 이상 1인 가구 규모이며 복지 미수급자 수 또는 고독사 위험자 수가 아님
vworld_sgis_20250630:23060550,23060550,부평구,부평5동,20250630,20260701,부평구,2823755000,부평5동,1,exact,unique_normalized_name,high,false,direct_geometry_join,2026-06-30,2026-07-31,32878,5496,16558,7558,1752,0.167163,0.456456,0.318777,126.73105990,37.49626372,shapely_representative_point_within_polygon_wgs84,one_person_households_age_65_plus,65세 이상 1인 가구 수 (관측),1752,관측된 65세 이상 1인 가구 규모이며 복지 미수급자 수 또는 고독사 위험자 수가 아님
vworld_sgis_20250630:23060560,23060560,부평구,부평6동,20250630,20260701,부평구,2823756000,부평6동,1,exact,unique_normalized_name,high,false,direct_geometry_join,2026-06-30,2026-07-31,19118,3748,9352,3912,1084,0.196046,0.418306,0.289221,126.72608688,37.48469868,shapely_representative_point_within_polygon_wgs84,one_person_households_age_65_plus,65세 이상 1인 가구 수 (관측),1084,관측된 65세 이상 1인 가구 규모이며 복지 미수급자 수 또는 고독사 위험자 수가 아님
vworld_sgis_20250630:23060570,23060570,부평구,산곡1동,20250630,20260701,부평구,2823757000,산곡1동,1,exact,unique_normalized_name,high,false,direct_geometry_join,2026-06-30,2026-07-31,14167,2692,6241,1997,684,0.190019,0.319981,0.254086,126.69545941,37.50338707,shapely_representative_point_within_polygon_wgs84,one_person_households_age_65_plus,65세 이상 1인 가구 수 (관측),684,관측된 65세 이상 1인 가구 규모이며 복지 미수급자 수 또는 고독사 위험자 수가 아님
vworld_sgis_20250630:23060580,23060580,부평구,산곡2동,20250630,20260701,부평구,2823758000,산곡2동,1,exact,unique_normalized_name,high,false,direct_geometry_join,2026-06-30,2026-07-31,28506,5551,10599,2047,881,0.194731,0.193131,0.158710,126.70410006,37.50323784,shapely_representative_point_within_polygon_wgs84,one_person_households_age_65_plus,65세 이상 1인 가구 수 (관측),881,관측된 65세 이상 1인 가구 규모이며 복지 미수급자 수 또는 고독사 위험자 수가 아님
vworld_sgis_20250630:23060590,23060590,부평구,산곡3동,20250630,20260701,부평구,2823758100,산곡3동,1,exact,unique_normalized_name,high,false,direct_geometry_join,2026-06-30,2026-07-31,19591,5742,8525,2740,1397,0.293094,0.321408,0.243295,126.70596687,37.49128916,shapely_representative_point_within_polygon_wgs84,one_person_households_age_65_plus,65세 이상 1인 가구 수 (관측),1397,관측된 65세 이상 1인 가구 규모이며 복지 미수급자 수 또는 고독사 위험자 수가 아님
vworld_sgis_20250630:23060600,23060600,부평구,산곡4동,20250630,20260701,부평구,2823758200,산곡4동,1,exact,unique_normalized_name,high,false,direct_geometry_join,2026-06-30,2026-07-31,16132,3657,6559,1758,766,0.226692,0.268029,0.209461,126.71233586,37.50088317,shapely_representative_point_within_polygon_wgs84,one_person_households_age_65_plus,65세 이상 1인 가구 수 (관측),766,관측된 65세 이상 1인 가구 규모이며 복지 미수급자 수 또는 고독사 위험자 수가 아님
vworld_sgis_20250630:23060610,23060610,부평구,청천1동,20250630,20260701,부평구,2823759100,청천1동,1,exact,unique_normalized_name,high,false,direct_geometry_join,2026-06-30,2026-07-31,22713,3093,9690,2846,749,0.136178,0.293705,0.242160,126.69374719,37.51577504,shapely_representative_point_within_polygon_wgs84,one_person_households_age_65_plus,65세 이상 1인 가구 수 (관측),749,관측된 65세 이상 1인 가구 규모이며 복지 미수급자 수 또는 고독사 위험자 수가 아님
vworld_sgis_20250630:23060620,23060620,부평구,청천2동,20250630,20260701,부평구,2823759200,청천2동,1,exact,unique_normalized_name,high,false,direct_geometry_join,2026-06-30,2026-07-31,32609,6644,14585,5042,1706,0.203747,0.345698,0.256773,126.71253957,37.51351667,shapely_representative_point_within_polygon_wgs84,one_person_households_age_65_plus,65세 이상 1인 가구 수 (관측),1706,관측된 65세 이상 1인 가구 규모이며 복지 미수급자 수 또는 고독사 위험자 수가 아님
vworld_sgis_20250630:23060630,23060630,부평구,갈산1동,20250630,20260701,부평구,2823764100,갈산1동,1,exact,unique_normalized_name,high,false,direct_geometry_join,2026-06-30,2026-07-31,13902,3249,6666,2621,846,0.233707,0.393189,0.260388,126.72689875,37.51715314,shapely_representative_point_within_polygon_wgs84,one_person_households_age_65_plus,65세 이상 1인 가구 수 (관측),846,관측된 65세 이상 1인 가구 규모이며 복지 미수급자 수 또는 고독사 위험자 수가 아님
vworld_sgis_20250630:23060640,23060640,부평구,갈산2동,20250630,20260701,부평구,2823764200,갈산2동,1,exact,unique_normalized_name,high,false,direct_geometry_join,2026-06-30,2026-07-31,16989,4676,8077,3379,1498,0.275237,0.418348,0.320359,126.72677967,37.51079601,shapely_representative_point_within_polygon_wgs84,one_person_households_age_65_plus,65세 이상 1인 가구 수 (관측),1498,관측된 65세 이상 1인 가구 규모이며 복지 미수급자 수 또는 고독사 위험자 수가 아님
vworld_sgis_20250630:23060650,23060650,부평구,삼산1동,20250630,20260701,부평구,2823764600,삼산1동,1,exact,unique_normalized_name,high,false,direct_geometry_join,2026-06-30,2026-07-31,30964,6617,13947,4980,2326,0.213700,0.357066,0.351519,126.74664072,37.52120414,shapely_representative_point_within_polygon_wgs84,one_person_households_age_65_plus,65세 이상 1인 가구 수 (관측),2326,관측된 65세 이상 1인 가구 규모이며 복지 미수급자 수 또는 고독사 위험자 수가 아님
vworld_sgis_20250630:23060660,23060660,부평구,부개1동,20250630,20260701,부평구,2823765000,부개1동,1,exact,unique_normalized_name,high,false,direct_geometry_join,2026-06-30,2026-07-31,14679,4489,7652,3602,1491,0.305811,0.470727,0.332145,126.73589510,37.48300574,shapely_representative_point_within_polygon_wgs84,one_person_households_age_65_plus,65세 이상 1인 가구 수 (관측),1491,관측된 65세 이상 1인 가구 규모이며 복지 미수급자 수 또는 고독사 위험자 수가 아님
vworld_sgis_20250630:23060670,23060670,부평구,부개2동,20250630,20260701,부평구,2823766000,부개2동,1,exact,unique_normalized_name,high,false,direct_geometry_join,2026-06-30,2026-07-31,18726,4017,8340,2857,988,0.214515,0.342566,0.245955,126.73927233,37.49316531,shapely_representative_point_within_polygon_wgs84,one_person_households_age_65_plus,65세 이상 1인 가구 수 (관측),988,관측된 65세 이상 1인 가구 규모이며 복지 미수급자 수 또는 고독사 위험자 수가 아님
vworld_sgis_20250630:23060680,23060680,부평구,부개3동,20250630,20260701,부평구,2823766100,부개3동,1,exact,unique_normalized_name,high,false,direct_geometry_join,2026-06-30,2026-07-31,27092,5553,12014,4105,1399,0.204968,0.341685,0.251936,126.73894713,37.50162409,shapely_representative_point_within_polygon_wgs84,one_person_households_age_65_plus,65세 이상 1인 가구 수 (관측),1399,관측된 65세 이상 1인 가구 규모이며 복지 미수급자 수 또는 고독사 위험자 수가 아님
vworld_sgis_20250630:23060690,23060690,부평구,일신동,20250630,20260701,부평구,2823767000,일신동,1,exact,unique_normalized_name,high,false,direct_geometry_join,2026-06-30,2026-07-31,11079,2864,4999,1754,655,0.258507,0.350870,0.228701,126.74826292,37.47543943,shapely_representative_point_within_polygon_wgs84,one_person_households_age_65_plus,65세 이상 1인 가구 수 (관측),655,관측된 65세 이상 1인 가구 규모이며 복지 미수급자 수 또는 고독사 위험자 수가 아님
vworld_sgis_20250630:23060700,23060700,부평구,십정1동,20250630,20260701,부평구,2823768000,십정1동,1,exact,unique_normalized_name,high,false,direct_geometry_join,2026-06-30,2026-07-31,23630,4341,10748,3746,1314,0.183707,0.348530,0.302695,126.69556207,37.47788145,shapely_representative_point_within_polygon_wgs84,one_person_households_age_65_plus,65세 이상 1인 가구 수 (관측),1314,관측된 65세 이상 1인 가구 규모이며 복지 미수급자 수 또는 고독사 위험자 수가 아님
vworld_sgis_20250630:23060710,23060710,부평구,십정2동,20250630,20260701,부평구,2823769000,십정2동,1,exact,unique_normalized_name,high,false,direct_geometry_join,2026-06-30,2026-07-31,20372,5588,11293,6019,2129,0.274298,0.532985,0.380995,126.70475406,37.47489260,shapely_representative_point_within_polygon_wgs84,one_person_households_age_65_plus,65세 이상 1인 가구 수 (관측),2129,관측된 65세 이상 1인 가구 규모이며 복지 미수급자 수 또는 고독사 위험자 수가 아님
vworld_sgis_20250630:23060720,23060720,부평구,삼산2동,20250630,20260701,부평구,2823764800,삼산2동,1,exact,unique_normalized_name,high,false,direct_geometry_join,2026-06-30,2026-07-31,26748,4480,10244,2327,1012,0.167489,0.227157,0.225893,126.73812050,37.51199122,shapely_representative_point_within_polygon_wgs84,one_person_households_age_65_plus,65세 이상 1인 가구 수 (관측),1012,관측된 65세 이상 1인 가구 규모이며 복지 미수급자 수 또는 고독사 위험자 수가 아님
vworld_sgis_20250630:23070510,23070510,계양구,효성1동,20250630,20260701,계양구,2824560100,효성1동,1,exact,unique_normalized_name,high,false,direct_geometry_join,2026-06-30,2026-07-31,25432,5821,11551,4081,1584,0.228885,0.353303,0.272118,126.70861605,37.53455104,shapely_representative_point_within_polygon_wgs84,one_person_households_age_65_plus,65세 이상 1인 가구 수 (관측),1584,관측된 65세 이상 1인 가구 규모이며 복지 미수급자 수 또는 고독사 위험자 수가 아님
vworld_sgis_20250630:23070520,23070520,계양구,효성2동,20250630,20260701,계양구,2824560200,효성2동,1,exact,unique_normalized_name,high,false,direct_geometry_join,2026-06-30,2026-07-31,29093,6322,12642,3879,1474,0.217303,0.306834,0.233154,126.69172714,37.53273824,shapely_representative_point_within_polygon_wgs84,one_person_households_age_65_plus,65세 이상 1인 가구 수 (관측),1474,관측된 65세 이상 1인 가구 규모이며 복지 미수급자 수 또는 고독사 위험자 수가 아님
vworld_sgis_20250630:23070530,23070530,계양구,계산1동,20250630,20260701,계양구,2824561100,계산1동,1,exact,unique_normalized_name,high,false,direct_geometry_join,2026-06-30,2026-07-31,17220,4466,9838,5499,1666,0.259350,0.558955,0.373041,126.71742449,37.54065334,shapely_representative_point_within_polygon_wgs84,one_person_households_age_65_plus,65세 이상 1인 가구 수 (관측),1666,관측된 65세 이상 1인 가구 규모이며 복지 미수급자 수 또는 고독사 위험자 수가 아님
vworld_sgis_20250630:23070540,23070540,계양구,계산2동,20250630,20260701,계양구,2824561200,계산2동,1,exact,unique_normalized_name,high,false,direct_geometry_join,2026-06-30,2026-07-31,13779,3792,7499,3887,1332,0.275201,0.518336,0.351266,126.71929170,37.54825455,shapely_representative_point_within_polygon_wgs84,one_person_households_age_65_plus,65세 이상 1인 가구 수 (관측),1332,관측된 65세 이상 1인 가구 규모이며 복지 미수급자 수 또는 고독사 위험자 수가 아님
vworld_sgis_20250630:23070550,23070550,계양구,계산3동,20250630,20260701,계양구,2824561300,계산3동,1,exact,unique_normalized_name,high,false,direct_geometry_join,2026-06-30,2026-07-31,16842,3628,8404,3581,1018,0.215414,0.426107,0.280595,126.73138417,37.53800385,shapely_representative_point_within_polygon_wgs84,one_person_households_age_65_plus,65세 이상 1인 가구 수 (관측),1018,관측된 65세 이상 1인 가구 규모이며 복지 미수급자 수 또는 고독사 위험자 수가 아님
vworld_sgis_20250630:23070560,23070560,계양구,작전1동,20250630,20260701,계양구,2824562100,작전1동,1,exact,unique_normalized_name,high,false,direct_geometry_join,2026-06-30,2026-07-31,25417,5220,11174,3698,1262,0.205374,0.330947,0.241762,126.72924436,37.53018170,shapely_representative_point_within_polygon_wgs84,one_person_households_age_65_plus,65세 이상 1인 가구 수 (관측),1262,관측된 65세 이상 1인 가구 규모이며 복지 미수급자 수 또는 고독사 위험자 수가 아님
vworld_sgis_20250630:23070570,23070570,계양구,작전2동,20250630,20260701,계양구,2824562200,작전2동,1,exact,unique_normalized_name,high,false,direct_geometry_join,2026-06-30,2026-07-31,23331,5096,11063,4320,1528,0.218422,0.390491,0.299843,126.72190076,37.53010637,shapely_representative_point_within_polygon_wgs84,one_person_households_age_65_plus,65세 이상 1인 가구 수 (관측),1528,관측된 65세 이상 1인 가구 규모이며 복지 미수급자 수 또는 고독사 위험자 수가 아님
vworld_sgis_20250630:23070580,23070580,계양구,작전서운동,20250630,20260701,계양구,2824564000,작전서운동,1,exact,unique_normalized_name,high,false,direct_geometry_join,2026-06-30,2026-07-31,31670,5313,13998,4907,1475,0.167761,0.350550,0.277621,126.74714234,37.53113416,shapely_representative_point_within_polygon_wgs84,one_person_households_age_65_plus,65세 이상 1인 가구 수 (관측),1475,관측된 65세 이상 1인 가구 규모이며 복지 미수급자 수 또는 고독사 위험자 수가 아님
vworld_sgis_20250630:23070610,23070610,계양구,계양2동,20250630,20260701,계양구,2824572000,계양2동,1,exact,unique_normalized_name,high,false,direct_geometry_join,2026-06-30,2026-07-31,30155,7049,15754,7562,2689,0.233759,0.480005,0.381473,126.73993670,37.54953552,shapely_representative_point_within_polygon_wgs84,one_person_households_age_65_plus,65세 이상 1인 가구 수 (관측),2689,관측된 65세 이상 1인 가구 규모이며 복지 미수급자 수 또는 고독사 위험자 수가 아님
vworld_sgis_20250630:23070620,23070620,계양구,계산4동,20250630,20260701,계양구,2824561400,계산4동,1,exact,unique_normalized_name,high,false,direct_geometry_join,2026-06-30,2026-07-31,22079,3595,9473,3490,897,0.162824,0.368415,0.249513,126.73947367,37.53794944,shapely_representative_point_within_polygon_wgs84,one_person_households_age_65_plus,65세 이상 1인 가구 수 (관측),897,관측된 65세 이상 1인 가구 규모이며 복지 미수급자 수 또는 고독사 위험자 수가 아님
vworld_sgis_20250630:23070630,23070630,계양구,계양1동,20250630,20260701,계양구,2824571000,계양1동,1,exact,unique_normalized_name,high,false,direct_geometry_join,2026-06-30,2026-07-31,18478,4386,8193,2802,1090,0.237363,0.341999,0.248518,126.72108716,37.56694247,shapely_representative_point_within_polygon_wgs84,one_person_households_age_65_plus,65세 이상 1인 가구 수 (관측),1090,관측된 65세 이상 1인 가구 규모이며 복지 미수급자 수 또는 고독사 위험자 수가 아님
vworld_sgis_20250630:23070640,23070640,계양구,계양3동,20250630,20260701,계양구,2824573000,계양3동,1,exact,unique_normalized_name,high,false,direct_geometry_join,2026-06-30,2026-07-31,22813,4159,9700,3053,1023,0.182308,0.314742,0.245973,126.75835162,37.56760619,shapely_representative_point_within_polygon_wgs84,one_person_households_age_65_plus,65세 이상 1인 가구 수 (관측),1023,관측된 65세 이상 1인 가구 규모이며 복지 미수급자 수 또는 고독사 위험자 수가 아님
vworld_sgis_20250630:23080510,23080510,서구,검암경서동,20250630,20260701,서해구,2827551500,검암경서동,1,exact,unique_normalized_name,high,false,direct_geometry_join,2026-06-30,2026-07-31,43333,5971,20238,8104,1427,0.137793,0.400435,0.238988,126.66988038,37.56513624,shapely_representative_point_within_polygon_wgs84,one_person_households_age_65_plus,65세 이상 1인 가구 수 (관측),1427,관측된 65세 이상 1인 가구 규모이며 복지 미수급자 수 또는 고독사 위험자 수가 아님
vworld_sgis_20250630:23080531,23080531,서구,연희동,20250630,20260701,서해구,2827553000,연희동,1,exact,unique_normalized_name,high,false,direct_geometry_join,2026-06-30,2026-07-31,36003,8145,18437,8660,2854,0.226231,0.469708,0.350399,126.68256096,37.54848322,shapely_representative_point_within_polygon_wgs84,one_person_households_age_65_plus,65세 이상 1인 가구 수 (관측),2854,관측된 65세 이상 1인 가구 규모이며 복지 미수급자 수 또는 고독사 위험자 수가 아님
vworld_sgis_20250630:23080541,23080541,서구,가정1동,20250630,20260701,서해구,2827554200,가정1동,1,exact,unique_normalized_name,high,false,direct_geometry_join,2026-06-30,2026-07-31,42301,5765,18181,6023,1830,0.136285,0.331280,0.317433,126.66952179,37.52633985,shapely_representative_point_within_polygon_wgs84,one_person_households_age_65_plus,65세 이상 1인 가구 수 (관측),1830,관측된 65세 이상 1인 가구 규모이며 복지 미수급자 수 또는 고독사 위험자 수가 아님
vworld_sgis_20250630:23080550,23080550,서구,가정2동,20250630,20260701,서해구,2827554300,가정2동,1,exact,unique_normalized_name,high,false,direct_geometry_join,2026-06-30,2026-07-31,17131,1944,7174,2175,428,0.113478,0.303178,0.220165,126.68170100,37.52942542,shapely_representative_point_within_polygon_wgs84,one_person_households_age_65_plus,65세 이상 1인 가구 수 (관측),428,관측된 65세 이상 1인 가구 규모이며 복지 미수급자 수 또는 고독사 위험자 수가 아님
vworld_sgis_20250630:23080560,23080560,서구,가정3동,20250630,20260701,서해구,2827554400,가정3동,1,exact,unique_normalized_name,high,false,direct_geometry_join,2026-06-30,2026-07-31,8264,1884,4112,1792,567,0.227977,0.435798,0.300955,126.68068057,37.51785061,shapely_representative_point_within_polygon_wgs84,one_person_households_age_65_plus,65세 이상 1인 가구 수 (관측),567,관측된 65세 이상 1인 가구 규모이며 복지 미수급자 수 또는 고독사 위험자 수가 아님
vworld_sgis_20250630:23080580,23080580,서구,석남1동,20250630,20260701,서해구,2827555000,석남1동,1,exact,unique_normalized_name,high,false,direct_geometry_join,2026-06-30,2026-07-31,19693,4978,10357,4986,1658,0.252780,0.481414,0.333065,126.66844110,37.51001107,shapely_representative_point_within_polygon_wgs84,one_person_households_age_65_plus,65세 이상 1인 가구 수 (관측),1658,관측된 65세 이상 1인 가구 규모이며 복지 미수급자 수 또는 고독사 위험자 수가 아님
vworld_sgis_20250630:23080590,23080590,서구,석남2동,20250630,20260701,서해구,2827556000,석남2동,1,exact,unique_normalized_name,high,false,direct_geometry_join,2026-06-30,2026-07-31,11594,3219,5780,2454,902,0.277644,0.424567,0.280211,126.65841582,37.50370899,shapely_representative_point_within_polygon_wgs84,one_person_households_age_65_plus,65세 이상 1인 가구 수 (관측),902,관측된 65세 이상 1인 가구 규모이며 복지 미수급자 수 또는 고독사 위험자 수가 아님
vworld_sgis_20250630:23080600,23080600,서구,석남3동,20250630,20260701,서해구,2827556100,석남3동,1,exact,unique_normalized_name,high,false,direct_geometry_join,2026-06-30,2026-07-31,12747,3058,6578,3000,1073,0.239900,0.456066,0.350883,126.68249374,37.50598832,shapely_representative_point_within_polygon_wgs84,one_person_households_age_65_plus,65세 이상 1인 가구 수 (관측),1073,관측된 65세 이상 1인 가구 규모이며 복지 미수급자 수 또는 고독사 위험자 수가 아님
vworld_sgis_20250630:23080620,23080620,서구,가좌1동,20250630,20260701,서해구,2827558000,가좌1동,1,exact,unique_normalized_name,high,false,direct_geometry_join,2026-06-30,2026-07-31,12296,2810,6590,3205,1048,0.228530,0.486343,0.372954,126.66652833,37.48643951,shapely_representative_point_within_polygon_wgs84,one_person_households_age_65_plus,65세 이상 1인 가구 수 (관측),1048,관측된 65세 이상 1인 가구 규모이며 복지 미수급자 수 또는 고독사 위험자 수가 아님
vworld_sgis_20250630:23080630,23080630,서구,가좌2동,20250630,20260701,서해구,2827559000,가좌2동,1,exact,unique_normalized_name,high,false,direct_geometry_join,2026-06-30,2026-07-31,17887,4154,7496,2144,958,0.232236,0.286019,0.230621,126.68763761,37.49586041,shapely_representative_point_within_polygon_wgs84,one_person_households_age_65_plus,65세 이상 1인 가구 수 (관측),958,관측된 65세 이상 1인 가구 규모이며 복지 미수급자 수 또는 고독사 위험자 수가 아님
vworld_sgis_20250630:23080640,23080640,서구,가좌3동,20250630,20260701,서해구,2827560000,가좌3동,1,exact,unique_normalized_name,high,false,direct_geometry_join,2026-06-30,2026-07-31,14773,4179,7891,3754,1339,0.282881,0.475732,0.320412,126.67760167,37.48839334,shapely_representative_point_within_polygon_wgs84,one_person_households_age_65_plus,65세 이상 1인 가구 수 (관측),1339,관측된 65세 이상 1인 가구 규모이며 복지 미수급자 수 또는 고독사 위험자 수가 아님
vworld_sgis_20250630:23080650,23080650,서구,가좌4동,20250630,20260701,서해구,2827561000,가좌4동,1,exact,unique_normalized_name,high,false,direct_geometry_join,2026-06-30,2026-07-31,12133,2789,5790,2250,797,0.229869,0.388601,0.285766,126.68915095,37.48595112,shapely_representative_point_within_polygon_wgs84,one_person_households_age_65_plus,65세 이상 1인 가구 수 (관측),797,관측된 65세 이상 1인 가구 규모이며 복지 미수급자 수 또는 고독사 위험자 수가 아님
vworld_sgis_20250630:23080730,23080730,서구,신현원창동,20250630,20260701,서해구,2827557500,신현원창동,1,exact,unique_normalized_name,high,false,direct_geometry_join,2026-06-30,2026-07-31,28521,5850,12430,4177,1391,0.205112,0.336042,0.237778,126.63272893,37.51085523,shapely_representative_point_within_polygon_wgs84,one_person_households_age_65_plus,65세 이상 1인 가구 수 (관측),1391,관측된 65세 이상 1인 가구 규모이며 복지 미수급자 수 또는 고독사 위험자 수가 아님
vworld_sgis_20250630:23080740,23080740,서구,청라1동,20250630,20260701,서해구,2827553600,청라1동,1,exact,unique_normalized_name,high,false,direct_geometry_join,2026-06-30,2026-07-31,30445,2606,12099,3597,415,0.085597,0.297297,0.159248,126.65613702,37.53003936,shapely_representative_point_within_polygon_wgs84,one_person_households_age_65_plus,65세 이상 1인 가구 수 (관측),415,관측된 65세 이상 1인 가구 규모이며 복지 미수급자 수 또는 고독사 위험자 수가 아님
vworld_sgis_20250630:23080780,23080780,서구,청라2동,20250630,20260701,서해구,2827553700,청라2동,1,exact,unique_normalized_name,high,false,direct_geometry_join,2026-06-30,2026-07-31,47814,4868,18334,4999,750,0.101811,0.272663,0.154067,126.64093501,37.53529634,shapely_representative_point_within_polygon_wgs84,one_person_households_age_65_plus,65세 이상 1인 가구 수 (관측),750,관측된 65세 이상 1인 가구 규모이며 복지 미수급자 수 또는 고독사 위험자 수가 아님
vworld_sgis_20250630:23080790,23080790,서구,청라3동,20250630,20260701,서해구,2827553900,청라3동,1,exact,unique_normalized_name,high,false,direct_geometry_join,2026-06-30,2026-07-31,36919,2915,14736,4759,356,0.078957,0.322951,0.122127,126.61571415,37.53596109,shapely_representative_point_within_polygon_wgs84,one_person_households_age_65_plus,65세 이상 1인 가구 수 (관측),356,관측된 65세 이상 1인 가구 규모이며 복지 미수급자 수 또는 고독사 위험자 수가 아님
vworld_sgis_20250630:23080800,23080800,서구,검단동,20250630,20260701,검단구,2829051000,검단동,1,exact,unique_normalized_name,high,false,direct_geometry_join,2026-06-30,2026-07-31,32218,5494,15761,6961,1723,0.170526,0.441660,0.313615,126.64902304,37.61367224,shapely_representative_point_within_polygon_wgs84,one_person_households_age_65_plus,65세 이상 1인 가구 수 (관측),1723,관측된 65세 이상 1인 가구 규모이며 복지 미수급자 수 또는 고독사 위험자 수가 아님
vworld_sgis_20250630:23080810,23080810,서구,불로대곡동,20250630,20260701,검단구,2829052000,불로대곡동,1,exact,unique_normalized_name,high,false,direct_geometry_join,2026-06-30,2026-07-31,48409,5404,18686,4573,1180,0.111632,0.244729,0.218357,126.67890038,37.61824805,shapely_representative_point_within_polygon_wgs84,one_person_households_age_65_plus,65세 이상 1인 가구 수 (관측),1180,관측된 65세 이상 1인 가구 규모이며 복지 미수급자 수 또는 고독사 위험자 수가 아님
vworld_sgis_20250630:23080840,23080840,서구,오류왕길동,20250630,20260701,검단구,2829055000,오류왕길동,1,exact,unique_normalized_name,high,false,direct_geometry_join,2026-06-30,2026-07-31,25498,4612,10867,3552,1161,0.180877,0.326861,0.251735,126.61422013,37.57995442,shapely_representative_point_within_polygon_wgs84,one_person_households_age_65_plus,65세 이상 1인 가구 수 (관측),1161,관측된 65세 이상 1인 가구 규모이며 복지 미수급자 수 또는 고독사 위험자 수가 아님
vworld_sgis_20250630:23080850,23080850,서구,당하동,20250630,20260701,검단구,2829054000,당하동,1,exact,unique_normalized_name,high,false,direct_geometry_join,2026-06-30,2026-07-31,43306,6045,18857,6422,1598,0.139588,0.340563,0.264351,126.67745957,37.58827573,shapely_representative_point_within_polygon_wgs84,one_person_households_age_65_plus,65세 이상 1인 가구 수 (관측),1598,관측된 65세 이상 1인 가구 규모이며 복지 미수급자 수 또는 고독사 위험자 수가 아님
vworld_sgis_20250630:23080860,23080860,서구,마전동,20250630,20260701,검단구,2829056000,마전동,1,exact,unique_normalized_name,high,false,direct_geometry_join,2026-06-30,2026-07-31,21012,3183,8212,2239,588,0.151485,0.272650,0.184731,126.67006971,37.59705015,shapely_representative_point_within_polygon_wgs84,one_person_households_age_65_plus,65세 이상 1인 가구 수 (관측),588,관측된 65세 이상 1인 가구 규모이며 복지 미수급자 수 또는 고독사 위험자 수가 아님
vworld_sgis_20250630:23080870,23080870,서구,원당동,20250630,20260701,검단구,2829053000,원당동,1,exact,unique_normalized_name,high,false,direct_geometry_join,2026-06-30,2026-07-31,22794,3235,10331,3953,928,0.141923,0.382635,0.286862,126.69413235,37.59241228,shapely_representative_point_within_polygon_wgs84,one_person_households_age_65_plus,65세 이상 1인 가구 수 (관측),928,관측된 65세 이상 1인 가구 규모이며 복지 미수급자 수 또는 고독사 위험자 수가 아님
vworld_sgis_20250630:23080880,23080880,서구,아라동,20250630,20260701,검단구,2829057000|2829058000,아라1동|아라2동,2,aggregated_split,post_snapshot_split_aggregate,high,true,sum_additive_counts_then_recompute_rates,2026-06-30,2026-07-31,77784,5515,29568,6500,1267,0.070901,0.219832,0.229737,126.71202110,37.59152730,shapely_representative_point_within_polygon_wgs84,one_person_households_age_65_plus,65세 이상 1인 가구 수 (관측),1267,관측된 65세 이상 1인 가구 규모이며 복지 미수급자 수 또는 고독사 위험자 수가 아님
vworld_sgis_20250630:23090520,23090520,미추홀구,숭의2동,20250630,20260701,미추홀구,2817751000,숭의2동,1,exact,unique_normalized_name,high,false,direct_geometry_join,2026-06-30,2026-07-31,13423,3389,6756,3006,1218,0.252477,0.444938,0.359398,126.64724997,37.46103199,shapely_representative_point_within_polygon_wgs84,one_person_households_age_65_plus,65세 이상 1인 가구 수 (관측),1218,관측된 65세 이상 1인 가구 규모이며 복지 미수급자 수 또는 고독사 위험자 수가 아님
vworld_sgis_20250630:23090540,23090540,미추홀구,숭의4동,20250630,20260701,미추홀구,2817753000,숭의4동,1,exact,unique_normalized_name,high,false,direct_geometry_join,2026-06-30,2026-07-31,16543,4009,8325,3599,1426,0.242338,0.432312,0.355700,126.65700965,37.46224471,shapely_representative_point_within_polygon_wgs84,one_person_households_age_65_plus,65세 이상 1인 가구 수 (관측),1426,관측된 65세 이상 1인 가구 규모이며 복지 미수급자 수 또는 고독사 위험자 수가 아님
vworld_sgis_20250630:23090560,23090560,미추홀구,용현2동,20250630,20260701,미추홀구,2817755000,용현2동,1,exact,unique_normalized_name,high,false,direct_geometry_join,2026-06-30,2026-07-31,22597,4360,10377,4106,1282,0.192946,0.395683,0.294037,126.64302248,37.45669001,shapely_representative_point_within_polygon_wgs84,one_person_households_age_65_plus,65세 이상 1인 가구 수 (관측),1282,관측된 65세 이상 1인 가구 규모이며 복지 미수급자 수 또는 고독사 위험자 수가 아님
vworld_sgis_20250630:23090570,23090570,미추홀구,용현3동,20250630,20260701,미추홀구,2817756000,용현3동,1,exact,unique_normalized_name,high,false,direct_geometry_join,2026-06-30,2026-07-31,6548,2210,4103,2536,946,0.337508,0.618084,0.428054,126.65280484,37.45596507,shapely_representative_point_within_polygon_wgs84,one_person_households_age_65_plus,65세 이상 1인 가구 수 (관측),946,관측된 65세 이상 1인 가구 규모이며 복지 미수급자 수 또는 고독사 위험자 수가 아님
vworld_sgis_20250630:23090590,23090590,미추홀구,용현5동,20250630,20260701,미추홀구,2817757000,용현5동,1,exact,unique_normalized_name,high,false,direct_geometry_join,2026-06-30,2026-07-31,44052,8363,19850,7583,2115,0.189844,0.382015,0.252900,126.64028309,37.44944164,shapely_representative_point_within_polygon_wgs84,one_person_households_age_65_plus,65세 이상 1인 가구 수 (관측),2115,관측된 65세 이상 1인 가구 규모이며 복지 미수급자 수 또는 고독사 위험자 수가 아님
vworld_sgis_20250630:23090600,23090600,미추홀구,학익1동,20250630,20260701,미추홀구,2817758000,학익1동,1,exact,unique_normalized_name,high,false,direct_geometry_join,2026-06-30,2026-07-31,41454,6791,17208,5364,1473,0.163820,0.311715,0.216905,126.65097059,37.43997803,shapely_representative_point_within_polygon_wgs84,one_person_households_age_65_plus,65세 이상 1인 가구 수 (관측),1473,관측된 65세 이상 1인 가구 규모이며 복지 미수급자 수 또는 고독사 위험자 수가 아님
vworld_sgis_20250630:23090610,23090610,미추홀구,학익2동,20250630,20260701,미추홀구,2817759000,학익2동,1,exact,unique_normalized_name,high,false,direct_geometry_join,2026-06-30,2026-07-31,17396,4657,8381,3369,1367,0.267705,0.401981,0.293537,126.67149691,37.44322312,shapely_representative_point_within_polygon_wgs84,one_person_households_age_65_plus,65세 이상 1인 가구 수 (관측),1367,관측된 65세 이상 1인 가구 규모이며 복지 미수급자 수 또는 고독사 위험자 수가 아님
vworld_sgis_20250630:23090620,23090620,미추홀구,도화1동,20250630,20260701,미추홀구,2817760000,도화1동,1,exact,unique_normalized_name,high,false,direct_geometry_join,2026-06-30,2026-07-31,20330,4843,10285,4629,1679,0.238219,0.450073,0.346686,126.67030655,37.46173018,shapely_representative_point_within_polygon_wgs84,one_person_households_age_65_plus,65세 이상 1인 가구 수 (관측),1679,관측된 65세 이상 1인 가구 규모이며 복지 미수급자 수 또는 고독사 위험자 수가 아님
vworld_sgis_20250630:23090650,23090650,미추홀구,주안1동,20250630,20260701,미추홀구,2817762000,주안1동,1,exact,unique_normalized_name,high,false,direct_geometry_join,2026-06-30,2026-07-31,19885,3156,12345,7810,1152,0.158713,0.632645,0.365019,126.68176255,37.46205399,shapely_representative_point_within_polygon_wgs84,one_person_households_age_65_plus,65세 이상 1인 가구 수 (관측),1152,관측된 65세 이상 1인 가구 규모이며 복지 미수급자 수 또는 고독사 위험자 수가 아님
vworld_sgis_20250630:23090660,23090660,미추홀구,주안2동,20250630,20260701,미추홀구,2817763000,주안2동,1,exact,unique_normalized_name,high,false,direct_geometry_join,2026-06-30,2026-07-31,22421,5247,11395,4829,1760,0.234022,0.423782,0.335430,126.67293976,37.45632872,shapely_representative_point_within_polygon_wgs84,one_person_households_age_65_plus,65세 이상 1인 가구 수 (관측),1760,관측된 65세 이상 1인 가구 규모이며 복지 미수급자 수 또는 고독사 위험자 수가 아님
vworld_sgis_20250630:23090670,23090670,미추홀구,주안3동,20250630,20260701,미추홀구,2817764000,주안3동,1,exact,unique_normalized_name,high,false,direct_geometry_join,2026-06-30,2026-07-31,12081,2894,6203,2852,1014,0.239550,0.459778,0.350380,126.67095831,37.44911277,shapely_representative_point_within_polygon_wgs84,one_person_households_age_65_plus,65세 이상 1인 가구 수 (관측),1014,관측된 65세 이상 1인 가구 규모이며 복지 미수급자 수 또는 고독사 위험자 수가 아님
vworld_sgis_20250630:23090680,23090680,미추홀구,주안4동,20250630,20260701,미추홀구,2817765000,주안4동,1,exact,unique_normalized_name,high,false,direct_geometry_join,2026-06-30,2026-07-31,19715,4897,9578,4010,1602,0.248390,0.418668,0.327139,126.68746867,37.45507213,shapely_representative_point_within_polygon_wgs84,one_person_households_age_65_plus,65세 이상 1인 가구 수 (관측),1602,관측된 65세 이상 1인 가구 규모이며 복지 미수급자 수 또는 고독사 위험자 수가 아님
vworld_sgis_20250630:23090690,23090690,미추홀구,주안5동,20250630,20260701,미추홀구,2817766000,주안5동,1,exact,unique_normalized_name,high,false,direct_geometry_join,2026-06-30,2026-07-31,18956,4683,10005,4897,1624,0.247046,0.489455,0.346786,126.67955850,37.47055268,shapely_representative_point_within_polygon_wgs84,one_person_households_age_65_plus,65세 이상 1인 가구 수 (관측),1624,관측된 65세 이상 1인 가구 규모이며 복지 미수급자 수 또는 고독사 위험자 수가 아님
vworld_sgis_20250630:23090700,23090700,미추홀구,주안6동,20250630,20260701,미추홀구,2817767000,주안6동,1,exact,unique_normalized_name,high,false,direct_geometry_join,2026-06-30,2026-07-31,20862,4569,10321,4615,1416,0.219011,0.447147,0.309915,126.69088457,37.46046281,shapely_representative_point_within_polygon_wgs84,one_person_households_age_65_plus,65세 이상 1인 가구 수 (관측),1416,관측된 65세 이상 1인 가구 규모이며 복지 미수급자 수 또는 고독사 위험자 수가 아님
vworld_sgis_20250630:23090710,23090710,미추홀구,주안7동,20250630,20260701,미추홀구,2817768000,주안7동,1,exact,unique_normalized_name,high,false,direct_geometry_join,2026-06-30,2026-07-31,12067,3693,6179,2778,1255,0.306041,0.449587,0.339832,126.67772643,37.44678486,shapely_representative_point_within_polygon_wgs84,one_person_households_age_65_plus,65세 이상 1인 가구 수 (관측),1255,관측된 65세 이상 1인 가구 규모이며 복지 미수급자 수 또는 고독사 위험자 수가 아님
vworld_sgis_20250630:23090720,23090720,미추홀구,주안8동,20250630,20260701,미추홀구,2817769000,주안8동,1,exact,unique_normalized_name,high,false,direct_geometry_join,2026-06-30,2026-07-31,18427,4918,8862,3555,1445,0.266891,0.401151,0.293819,126.68432188,37.44626047,shapely_representative_point_within_polygon_wgs84,one_person_households_age_65_plus,65세 이상 1인 가구 수 (관측),1445,관측된 65세 이상 1인 가구 규모이며 복지 미수급자 수 또는 고독사 위험자 수가 아님
vworld_sgis_20250630:23090730,23090730,미추홀구,관교동,20250630,20260701,미추홀구,2817770000,관교동,1,exact,unique_normalized_name,high,false,direct_geometry_join,2026-06-30,2026-07-31,13770,3732,6235,2258,837,0.271024,0.362149,0.224277,126.69676756,37.44302698,shapely_representative_point_within_polygon_wgs84,one_person_households_age_65_plus,65세 이상 1인 가구 수 (관측),837,관측된 65세 이상 1인 가구 규모이며 복지 미수급자 수 또는 고독사 위험자 수가 아님
vworld_sgis_20250630:23090740,23090740,미추홀구,문학동,20250630,20260701,미추홀구,2817771000,문학동,1,exact,unique_normalized_name,high,false,direct_geometry_join,2026-06-30,2026-07-31,13854,2516,7896,4588,952,0.181608,0.581054,0.378378,126.68588752,37.43659792,shapely_representative_point_within_polygon_wgs84,one_person_households_age_65_plus,65세 이상 1인 가구 수 (관측),952,관측된 65세 이상 1인 가구 규모이며 복지 미수급자 수 또는 고독사 위험자 수가 아님
vworld_sgis_20250630:23090750,23090750,미추홀구,숭의1·3동,20250630,20260701,미추홀구,2817752000,숭의1.3동,1,exact,unique_normalized_name,high,false,direct_geometry_join,2026-06-30,2026-07-31,17508,3382,8560,3557,1070,0.193169,0.415537,0.316381,126.64419482,37.46420925,shapely_representative_point_within_polygon_wgs84,one_person_households_age_65_plus,65세 이상 1인 가구 수 (관측),1070,관측된 65세 이상 1인 가구 규모이며 복지 미수급자 수 또는 고독사 위험자 수가 아님
vworld_sgis_20250630:23090760,23090760,미추홀구,용현1·4동,20250630,20260701,미추홀구,2817754000,용현1.4동,1,exact,unique_normalized_name,high,false,direct_geometry_join,2026-06-30,2026-07-31,17361,4422,11697,8281,1597,0.254709,0.707959,0.361149,126.65962044,37.45230442,shapely_representative_point_within_polygon_wgs84,one_person_households_age_65_plus,65세 이상 1인 가구 수 (관측),1597,관측된 65세 이상 1인 가구 규모이며 복지 미수급자 수 또는 고독사 위험자 수가 아님
vworld_sgis_20250630:23090770,23090770,미추홀구,도화2·3동,20250630,20260701,미추홀구,2817761000,도화2.3동,1,exact,unique_normalized_name,high,false,direct_geometry_join,2026-06-30,2026-07-31,28961,5561,13101,4906,1521,0.192017,0.374475,0.273512,126.66297512,37.47482939,shapely_representative_point_within_polygon_wgs84,one_person_households_age_65_plus,65세 이상 1인 가구 수 (관측),1521,관측된 65세 이상 1인 가구 규모이며 복지 미수급자 수 또는 고독사 위험자 수가 아님
vworld_sgis_20250630:23510110,23510110,강화군,강화읍,20250630,20260701,강화군,2871025000,강화읍,1,exact,unique_normalized_name,high,false,direct_geometry_join,2026-06-30,2026-07-31,21381,6960,10633,4750,2284,0.325523,0.446722,0.328161,126.49849981,37.75882364,shapely_representative_point_within_polygon_wgs84,one_person_households_age_65_plus,65세 이상 1인 가구 수 (관측),2284,관측된 65세 이상 1인 가구 규모이며 복지 미수급자 수 또는 고독사 위험자 수가 아님
vworld_sgis_20250630:23510310,23510310,강화군,선원면,20250630,20260701,강화군,2871031000,선원면,1,exact,unique_normalized_name,high,false,direct_geometry_join,2026-06-30,2026-07-31,10204,3185,4815,1832,824,0.312132,0.380478,0.258713,126.48722648,37.71383374,shapely_representative_point_within_polygon_wgs84,one_person_households_age_65_plus,65세 이상 1인 가구 수 (관측),824,관측된 65세 이상 1인 가구 규모이며 복지 미수급자 수 또는 고독사 위험자 수가 아님
vworld_sgis_20250630:23510320,23510320,강화군,불은면,20250630,20260701,강화군,2871032000,불은면,1,exact,unique_normalized_name,high,false,direct_geometry_join,2026-06-30,2026-07-31,4964,2487,2791,1375,821,0.501007,0.492655,0.330117,126.48607302,37.68109880,shapely_representative_point_within_polygon_wgs84,one_person_households_age_65_plus,65세 이상 1인 가구 수 (관측),821,관측된 65세 이상 1인 가구 규모이며 복지 미수급자 수 또는 고독사 위험자 수가 아님
vworld_sgis_20250630:23510330,23510330,강화군,길상면,20250630,20260701,강화군,2871033000,길상면,1,exact,unique_normalized_name,high,false,direct_geometry_join,2026-06-30,2026-07-31,7217,3092,3781,1738,874,0.428433,0.459667,0.282665,126.50131584,37.62644763,shapely_representative_point_within_polygon_wgs84,one_person_households_age_65_plus,65세 이상 1인 가구 수 (관측),874,관측된 65세 이상 1인 가구 규모이며 복지 미수급자 수 또는 고독사 위험자 수가 아님
vworld_sgis_20250630:23510340,23510340,강화군,화도면,20250630,20260701,강화군,2871034000,화도면,1,exact,unique_normalized_name,high,false,direct_geometry_join,2026-06-30,2026-07-31,4484,2242,2508,1257,703,0.500000,0.501196,0.313559,126.42123480,37.61996574,shapely_representative_point_within_polygon_wgs84,one_person_households_age_65_plus,65세 이상 1인 가구 수 (관측),703,관측된 65세 이상 1인 가구 규모이며 복지 미수급자 수 또는 고독사 위험자 수가 아님
vworld_sgis_20250630:23510350,23510350,강화군,양도면,20250630,20260701,강화군,2871035000,양도면,1,exact,unique_normalized_name,high,false,direct_geometry_join,2026-06-30,2026-07-31,4200,2106,2239,1024,584,0.501429,0.457347,0.277303,126.43945688,37.67377701,shapely_representative_point_within_polygon_wgs84,one_person_households_age_65_plus,65세 이상 1인 가구 수 (관측),584,관측된 65세 이상 1인 가구 규모이며 복지 미수급자 수 또는 고독사 위험자 수가 아님
vworld_sgis_20250630:23510360,23510360,강화군,내가면,20250630,20260701,강화군,2871036000,내가면,1,exact,unique_normalized_name,high,false,direct_geometry_join,2026-06-30,2026-07-31,2887,1530,1622,780,473,0.529962,0.480888,0.309150,126.39568787,37.71962681,shapely_representative_point_within_polygon_wgs84,one_person_households_age_65_plus,65세 이상 1인 가구 수 (관측),473,관측된 65세 이상 1인 가구 규모이며 복지 미수급자 수 또는 고독사 위험자 수가 아님
vworld_sgis_20250630:23510370,23510370,강화군,하점면,20250630,20260701,강화군,2871037000,하점면,1,exact,unique_normalized_name,high,false,direct_geometry_join,2026-06-30,2026-07-31,4012,2125,2155,1043,615,0.529661,0.483991,0.289412,126.39956033,37.76291634,shapely_representative_point_within_polygon_wgs84,one_person_households_age_65_plus,65세 이상 1인 가구 수 (관측),615,관측된 65세 이상 1인 가구 규모이며 복지 미수급자 수 또는 고독사 위험자 수가 아님
vworld_sgis_20250630:23510380,23510380,강화군,양사면,20250630,20260701,강화군,2871038000,양사면,1,exact,unique_normalized_name,high,false,direct_geometry_join,2026-06-30,2026-07-31,1928,1003,1064,529,319,0.520228,0.497180,0.318046,126.40799430,37.80305903,shapely_representative_point_within_polygon_wgs84,one_person_households_age_65_plus,65세 이상 1인 가구 수 (관측),319,관측된 65세 이상 1인 가구 규모이며 복지 미수급자 수 또는 고독사 위험자 수가 아님
vworld_sgis_20250630:23510390,23510390,강화군,송해면,20250630,20260701,강화군,2871039000,송해면,1,exact,unique_normalized_name,high,false,direct_geometry_join,2026-06-30,2026-07-31,3185,1554,1673,731,447,0.487912,0.436940,0.287645,126.46355386,37.77849550,shapely_representative_point_within_polygon_wgs84,one_person_households_age_65_plus,65세 이상 1인 가구 수 (관측),447,관측된 65세 이상 1인 가구 규모이며 복지 미수급자 수 또는 고독사 위험자 수가 아님
vworld_sgis_20250630:23510400,23510400,강화군,교동면,20250630,20260701,강화군,2871040000,교동면,1,exact,unique_normalized_name,high,false,direct_geometry_join,2026-06-30,2026-07-31,2628,1461,1502,745,463,0.555936,0.496005,0.316906,126.27215977,37.78474408,shapely_representative_point_within_polygon_wgs84,one_person_households_age_65_plus,65세 이상 1인 가구 수 (관측),463,관측된 65세 이상 1인 가구 규모이며 복지 미수급자 수 또는 고독사 위험자 수가 아님
vworld_sgis_20250630:23510410,23510410,강화군,삼산면,20250630,20260701,강화군,2871041000,삼산면,1,exact,unique_normalized_name,high,false,direct_geometry_join,2026-06-30,2026-07-31,1970,1057,1156,614,359,0.536548,0.531142,0.339640,126.31398446,37.69811237,shapely_representative_point_within_polygon_wgs84,one_person_households_age_65_plus,65세 이상 1인 가구 수 (관측),359,관측된 65세 이상 1인 가구 규모이며 복지 미수급자 수 또는 고독사 위험자 수가 아님
vworld_sgis_20250630:23510420,23510420,강화군,서도면,20250630,20260701,강화군,2871042000|2871042500,서도면|서도면볼음출장소,2,parent_with_branch_office,branch_office_parent_aggregate|unique_normalized_name,high,true,sum_additive_counts_then_recompute_rates,2026-06-30,2026-07-31,621,361,390,222,135,0.581320,0.569231,0.373961,126.18174139,37.67161265,shapely_representative_point_within_polygon_wgs84,one_person_households_age_65_plus,65세 이상 1인 가구 수 (관측),135,관측된 65세 이상 1인 가구 규모이며 복지 미수급자 수 또는 고독사 위험자 수가 아님
vworld_sgis_20250630:23520310,23520310,옹진군,북도면,20250630,20260701,옹진군,2872031000|2872031500,북도면|북도면장봉출장소,2,parent_with_branch_office,branch_office_parent_aggregate|unique_normalized_name,high,true,sum_additive_counts_then_recompute_rates,2026-06-30,2026-07-31,2083,1027,1257,739,377,0.493039,0.587908,0.367089,126.45145970,37.52795904,shapely_representative_point_within_polygon_wgs84,one_person_households_age_65_plus,65세 이상 1인 가구 수 (관측),377,관측된 65세 이상 1인 가구 규모이며 복지 미수급자 수 또는 고독사 위험자 수가 아님
vworld_sgis_20250630:23520320,23520320,옹진군,연평면,20250630,20260701,옹진군,2872038000,연평면,1,exact,unique_normalized_name,high,false,direct_geometry_join,2026-06-30,2026-07-31,1887,495,1407,1086,258,0.262321,0.771855,0.521212,125.69754797,37.66646303,shapely_representative_point_within_polygon_wgs84,one_person_households_age_65_plus,65세 이상 1인 가구 수 (관측),258,관측된 65세 이상 1인 가구 규모이며 복지 미수급자 수 또는 고독사 위험자 수가 아님
vworld_sgis_20250630:23520330,23520330,옹진군,백령면,20250630,20260701,옹진군,2872033000,백령면,1,exact,unique_normalized_name,high,false,direct_geometry_join,2026-06-30,2026-07-31,4442,1327,2778,1795,494,0.298739,0.646148,0.372268,124.67264500,37.95017327,shapely_representative_point_within_polygon_wgs84,one_person_households_age_65_plus,65세 이상 1인 가구 수 (관측),494,관측된 65세 이상 1인 가구 규모이며 복지 미수급자 수 또는 고독사 위험자 수가 아님
vworld_sgis_20250630:23520340,23520340,옹진군,대청면,20250630,20260701,옹진군,2872034000|2872034500,대청면|대청면소청출장소,2,parent_with_branch_office,branch_office_parent_aggregate|unique_normalized_name,high,true,sum_additive_counts_then_recompute_rates,2026-06-30,2026-07-31,1356,542,903,609,233,0.399705,0.674419,0.429889,124.69832486,37.82434719,shapely_representative_point_within_polygon_wgs84,one_person_households_age_65_plus,65세 이상 1인 가구 수 (관측),233,관측된 65세 이상 1인 가구 규모이며 복지 미수급자 수 또는 고독사 위험자 수가 아님
vworld_sgis_20250630:23520350,23520350,옹진군,덕적면,20250630,20260701,옹진군,2872035000,덕적면,1,exact,unique_normalized_name,high,false,direct_geometry_join,2026-06-30,2026-07-31,1836,949,1217,772,402,0.516885,0.634347,0.423604,126.11546768,37.24166004,shapely_representative_point_within_polygon_wgs84,one_person_households_age_65_plus,65세 이상 1인 가구 수 (관측),402,관측된 65세 이상 1인 가구 규모이며 복지 미수급자 수 또는 고독사 위험자 수가 아님
vworld_sgis_20250630:23520360,23520360,옹진군,자월면,20250630,20260701,옹진군,2872037000|2872037500,자월면|자월면이작출장소,2,parent_with_branch_office,branch_office_parent_aggregate|unique_normalized_name,high,true,sum_additive_counts_then_recompute_rates,2026-06-30,2026-07-31,1285,630,824,503,263,0.490272,0.610437,0.417460,126.30601204,37.25794381,shapely_representative_point_within_polygon_wgs84,one_person_households_age_65_plus,65세 이상 1인 가구 수 (관측),263,관측된 65세 이상 1인 가구 규모이며 복지 미수급자 수 또는 고독사 위험자 수가 아님
vworld_sgis_20250630:23520370,23520370,옹진군,영흥면,20250630,20260701,옹진군,2872036000,영흥면,1,exact,unique_normalized_name,high,false,direct_geometry_join,2026-06-30,2026-07-31,6451,2295,3819,2216,881,0.355759,0.580257,0.383878,126.45919998,37.25610696,shapely_representative_point_within_polygon_wgs84,one_person_households_age_65_plus,65세 이상 1인 가구 수 (관측),881,관측된 65세 이상 1인 가구 규모이며 복지 미수급자 수 또는 고독사 위험자 수가 아님
