program_id,category_code,category,title,status,description,gender,lifecycle,region,intro,period,content,target,scale,apply_period,apply_method,contact,updated_date,source_url
A2026010200300200400100289,OHH020101,정서,1로와 친구,접수중,"1인가구 상담, 신규회원 프로그램",전체,전체,영종구,"1인가구 상담, 신규회원 프로그램",2026-02-01~2026-11-30,"1인가구 욕구파악 및 정보제공
· 신규 1인가구 프로그램",인천시 영종구 거주 1인가구 누구나,,2026-02-02 ~ 2026-11-30,문의처로 전화신청/아래 링크 접속 후 신청,영종구가족센터 가족사업2팀 / 032-245-7775,2026-03-20,https://www.incheon.go.kr/1in/OHH020108/view?oneHouseHoldId=A2026010200300200400100289
A2026040700300200400100376,OHH020101,정서,1로와 친구(한지공예),접수마감,한지공예 교실,전체,전체,중구,한지공예 교실,2026-04-20~2026-04-27,,"1인가구 누구나 선착순 10명
* 신규참여자 우선모집",,2026-04-06 ~ 2026-04-10,중구가족센터 홈페이지 또는 전화문의,인천중구가족센터 032)245-7775,2026-03-20,https://www.incheon.go.kr/1in/OHH020108/view?oneHouseHoldId=A2026040700300200400100376
A2026051400300200400100381,OHH020101,정서,1로와 친구_지화꽃체험,접수마감,지화꽃공예 체험,전체,전체,중구,지화꽃공예 체험,2026-05-16 ~ 2026-05-16,,1인가구 누구나(신규회원 우선모집),14명,2026-05-06 ~ 2026-05-15,중구가족센터 홈페이지 신청,중구가족센터 032-245-7775,2026-03-20,https://www.incheon.go.kr/1in/OHH020108/view?oneHouseHoldId=A2026051400300200400100381
A2026022300300200400600324,OHH020101,정서,1인 가구 사회관계망 프로그램 ‘동고동락(同苦同樂)’,접수중,사회적 고립 위험이 있는 1인 가구를 대상으로 집단·소그룹 활동을 운영하여 이웃 간 관계를 형성하고 사회적 고립감 완화를 지원하는 사회관계망 형성 사업,전체,전체,남동구,사회적 고립 위험이 있는 1인 가구를 대상으로 집단·소그룹 활동을 운영하여 이웃 간 관계를 형성하고 사회적 고립감 완화를 지원하는 사회관계망 형성 사업,2026. 04. 01. ~ 2026. 11. 31.,"- 집단 프로그램(관계형성 활동, 만들기 체험 등)
- 동별 소그룹 활동(산책, 만들기, 보드게임, 식사 등 참여자 욕구 기반 활동)
- 개별 상담 및 안부 확인을 통한 지속적인 관계 형성 지원","인천광역시 남동구(구월1·2·3·4동, 남촌도림동) 거주중인 사회적 고립 위험이 있는 1인가구",,2026-04-01 ~ 2026-10-31,"- 남동구 또는 행정복지센터를 통한 추천
- 본 기관 이용자 중 필요성이 인정되는 자",구월종합사회복지관 032-463-9900,2026-03-20,https://www.incheon.go.kr/1in/OHH020108/view?oneHouseHoldId=A2026022300300200400600324
A2026022600300200400200340,OHH020101,정서,"1인가구 「마음회복 심리지원」(전문심리상담, 프로그램)",접수중,동구 주민 1인가구 대상 마음회복 심리지원,전체,전체,동구,동구 주민 1인가구 대상 마음회복 심리지원,2026-03-02~2026-11-30,"① 전문심리상담(마음회복 심리상담) 8회기 지원
② 1로 모여봐요(마음회복 프로그램) 8회기 지원","<아래 사항 모두 충족하는 자>
① 인천시 동구 주민 중 1인가구
② 본 센터 정신건강검사 결과 심리지원 필요 대상으로 확인되는 자",,2026-02-02 ~ 2026-11-30,"① 문의처 전화신청(유선신청)
② 아래 링크 접속 후 신청(온라인 신청)",인천동구정신건강복지센터 / 032-765-3690,2026-03-20,https://www.incheon.go.kr/1in/OHH020108/view?oneHouseHoldId=A2026022600300200400200340
A2026022000300200400500307,OHH020101,정서,1인가구 관계망 형성 지원사업,접수마감,중장년 1인가구를 대상으로 관계형성기술 강의 및 실습을 통한 역량 강화와 관계망 형성 지원,전체,중장년,연수구,중장년 1인가구를 대상으로 관계형성기술 강의 및 실습을 통한 역량 강화와 관계망 형성 지원,2026. 3. 5. ~ 2026. 11. 25.,"- 관계망 형성 관련 강의, 실습 참여
* 소통 교육, 스트레스관리 교육, 노후대비 교육
* 강의 종료 후 참여자 간 실습 및 관계망 형성 시간",연수구 거주 65세 미만 1인가구 25명,,2026-02-02 ~ 2026-02-26,주민등록등본(최근 3개월 이내 발급한) 지참 후 복지관 방문 신청,연수종합사회복지관 서비스제공2팀 / 032-811-8012,2026-03-20,https://www.incheon.go.kr/1in/OHH020108/view?oneHouseHoldId=A2026022000300200400500307
A2026010200300200400800268,OHH020101,정서,1인가구 나들이,접수예정,1인가구 사회적관계망 형성을 위한 단체 여가활동,전체,전체,계양구,1인가구 사회적관계망 형성을 위한 단체 여가활동,2026. 09. *세부일정 미정,"○ 기간 : 2026. 09. *세부일정 미정
○ 장소 : 계양구가족센터 또는 개별장소
○ 내용 : 단체 나들이 활동 지원을 통한 1인가구 간의
교류·소통 기회 확대 및 여가욕구 충족",계양구 거주 1인가구,,2026-09-01 ~ 2026-09-05,계양구가족센터 홈페이지 프로그램 신청,계양구가족센터(032-547-1017(내선201)),2026-03-20,https://www.incheon.go.kr/1in/OHH020108/view?oneHouseHoldId=A2026010200300200400800268
A2026040300300200400000375,OHH020101,정서,1인가구 맞춤형 심리지원 프로그램,접수중,심리·정서적 지원이 필요한 1인가구의 마음건강을 지원하기 위해 1인가구 특성에 맞는 생애주기별 맞춤형 프로그램을 운영하고 있습니다,전체,전체,인천광역시 전체,심리·정서적 지원이 필요한 1인가구의 마음건강을 지원하기 위해 1인가구 특성에 맞는 생애주기별 맞춤형 프로그램을 운영하고 있습니다,연중,"퍼스널 컬러, 아로마테라피, 디퓨저, 핸드드립, 명상 자살예방교육 등 다양한 힐링 프로그램으로 구성",인천광역시 내 거주 1인가구,,2026-01-01 ~ 2026-12-31,,인천광역시자살예방센터 032)468-9917,2026-03-20,https://www.incheon.go.kr/1in/OHH020108/view?oneHouseHoldId=A2026040300300200400000375
A2026071600300200401100477,OHH020101,정서,1인가구 심리정서지원사업(노년기),접수중,1인가구 반찬나눔 및 심리정서 말벗 서비스,전체,노년,옹진군,1인가구 반찬나눔 및 심리정서 말벗 서비스,2026.01.01. ~ 2026.10.31.,자원봉사자들이 반찬을 만들어 노년기 1인가구 가정에 배달하고 심리정서 지원을 위한 말벗 서비스 제공,옹진군 거주 노년 1인가구,,2026-01-01 ~ 2026-12-31,옹진군가족센터 포털 홈페이지 신청,옹진군가족센터 프로그램 담당자 070-8832-3918,2026-03-20,https://www.incheon.go.kr/1in/OHH020108/view?oneHouseHoldId=A2026071600300200401100477
A2026022300300200400600328,OHH020101,정서,1인가구 은둔형 외톨이 지원사업 ‘쨍하고 해뜰날’,접수마감,고립가구의 일상회복과 관계망형성 지원사업,전체,중장년,남동구,고립가구의 일상회복과 관계망형성 지원사업,2026. 2. 2. ~ 2026. 12. 31.,지역밀착형 1인가구 발굴 및 서비스 지원,중장년 1인가구(만40세 이상 ~ 만65세 이하),,2026-01-02 ~ 2026-03-31,구월1동행정복지센터 및 주민 의뢰를 통한 선정,구월종합사회복지관 032-463-9900 (직통: 070-4942-5471),2026-03-20,https://www.incheon.go.kr/1in/OHH020108/view?oneHouseHoldId=A2026022300300200400600328
A2026022000300200400700313,OHH020101,정서,1인가구 중장년프로그램 [싱글벙글],접수중,1인가구 중장년 일상생활 역량 강화 및 사회적 관계망 형성을 위한 프로그램,전체,중장년,부평구,1인가구 중장년 일상생활 역량 강화 및 사회적 관계망 형성을 위한 프로그램,2026. 03. 11. ~ 2026. 07. 01. (상반기) / 2026. 08. 01. ~ 2026. 11. 18. (하반기),"중장년 1인 가구를 위한 일상생활교육, 건강교육, 요리활동, 힐링활동 등 모임활동","부평구 삼산동, 부개동 거주 및 생활권 중장년 1인 가구(만 40세 이상 ~ 만 65세 이하)",,2026-02-19 ~ 2026-11-18,전화 및 온라인(https://naver.me/FM9WPdUj) 신청,삼산종합사회복지관 부개3동팀 / 032-529-8607,2026-03-20,https://www.incheon.go.kr/1in/OHH020108/view?oneHouseHoldId=A2026022000300200400700313
A2026022000300200400700318,OHH020101,정서,1인가구 청·장년 활력증진 사회참여프로그램 ‘새알’,접수마감,중장년을 위한 1인가구 커뮤니티 지원 사업,전체,중장년,부평구,중장년을 위한 1인가구 커뮤니티 지원 사업,2026. 3. 13. ~ 2026. 6. 26. 매주 금요일 오후 3시,"집단활동, 정서활동, 신체활동, 나들이 등을 우울감 감소 및 사회적 지지체계 형성",부평구 거주 청·장년 1인가구(30세~64세) 중 우울감을 느끼고 있는 주민,,2026-02-20 ~ 2026-03-31,부평중부종합사회복지관 방문접수 및 전화접수,부평중부종합사회복지관 / 032)528-4020,2026-03-20,https://www.incheon.go.kr/1in/OHH020108/view?oneHouseHoldId=A2026022000300200400700318
A2026022600300200400200341,OHH020101,정서,"2026년 동 지역사회보장협의체 특화사업 「다시 봄(Spring/See), 송림」",접수마감,"중장년 1인 가구의 사회적 고립을 예방하기 위해 5개 분야 사업(정서 지원, 관계 형성 등)을 통합 지원하여 사회적 관계망 형성",전체,중장년,동구,"중장년 1인 가구의 사회적 고립을 예방하기 위해 5개 분야 사업(정서 지원, 관계 형성 등)을 통합 지원하여 사회적 관계망 형성",2026. 3. ~ 2026. 11.,"- 내 마음을 보다(정서) : 반려식물 및 감정 메모지 전달을 통한 관계 형성
- 생활에 향기를 입히다(환경) : 전문 업체를 통한 세탁기 분해 청소 및 주거 위생 관리
- 삶에 생기를 더하다(활력) : 홈 파밍 재배 키트 및 문화체험(공연 관람) 지원
- 식탁에 온기를 채우다(식생활) : 부식품 및 밀키트 지원(연 4회)
- 일촌 맺기 및 정기 방문(관계) : 가정방문을 통한 안부 확인 및 고립감 해소","인천시 동구 송림4동 거주, 중장년 1인가구(40세 이상 ~ 65세 이하)",,2026-03-01 ~ 2026-04-30,동구 송림4동 행정복지센터 찾아가는 보건복지팀으로 문의,동구 송림4동 행정복지센터 찾아가는 보건복지팀 / ☎032-760-4975,2026-03-20,https://www.incheon.go.kr/1in/OHH020108/view?oneHouseHoldId=A2026022600300200400200341
A2023121300300200400700046,OHH020101,정서,[행복 동행 사업] 1인가구 중장년 수다살롱,접수마감,중장년을 위한 1인가구 커뮤니티 지원 사업,전체,중장년,부평구,중장년을 위한 1인가구 커뮤니티 지원 사업,2026. 3. 1. ~ 2026. 11. 30.,"중장년 1인가구 동아리 구성 및 활동비 지원
(개인 신청시 독서, 뜨개질, 텃밭 중 택 1 / 단체 신청시 자유주제)","인천시 거주 중장년 1인가구(만40세 이상 ~ 만64세 이하)
* 그룹 당 3-5명 / 5그룹 모집시 조기마감
* 부평구 거주자 우선 선정
* 단체 신청시 중장년 외 인원을 포함하고 싶은 경우 담당자에게 문의",,2026-03-03 ~ 2026-03-20,부평구건강가정지원센터 홈페이지를 통해 신청,인천부평구건강가정지원센터 가족사업팀 / 070-4827-1936,2026-03-20,https://www.incheon.go.kr/1in/OHH020108/view?oneHouseHoldId=A2023121300300200400700046
A2026022400300200400500336,OHH020101,정서,[행복 동행 사업] 1인가구 중장년 수다살롱,접수마감,중장년 1인가구를 대상으로 소규모 관심분야 동아리 운영 및 정기적인 교류 관계 형성,전체,중장년,연수구,중장년 1인가구를 대상으로 소규모 관심분야 동아리 운영 및 정기적인 교류 관계 형성,2026-04-01~2026-10-31,중장년 1인가구 동아리 구성 및 활동비 지원,연수구 거주 중장년 1인가구(만40세 이상 ~ 만64세 이하),,2026-04-01 ~ 2026-05-31,연수구가족센터 홈페이지 또는 방문접수,연수구가족센터 070-4412-0200,2026-03-20,https://www.incheon.go.kr/1in/OHH020108/view?oneHouseHoldId=A2026022400300200400500336
A2026072200300200400500486,OHH020101,정서,[행복 동행 사업] 1인가구 중장년 수다살롱,접수중,중장년 1인가구의 건강 증진 및 사회적 관계망 형성을 위한 공예 소모임 운영,전체,중장년,연수구,중장년 1인가구의 건강 증진 및 사회적 관계망 형성을 위한 공예 소모임 운영,2026. 9. 1. ~ 2026. 11. 30.,중장년 1인가구 동아리 구성 및 활동비 지원,인천시 거주 중장년 1인가구(만 40세~64세 이하),,2026-08-10 ~ 2026-08-31,유선 연락 및 연수구가족센터 홈페이지 신청,연수구가족센터 상담사례관리팀 / 070-4412-0200,2026-03-20,https://www.incheon.go.kr/1in/OHH020108/view?oneHouseHoldId=A2026072200300200400500486
A2026073100300200400700492,OHH020101,정서,"[행복 동행 사업] 나를 읽다, 초록을 심다",접수중,"내 마음 건강 확인프로그램
- 나의 타고난 기질 검사
- 테라리움 테라피",전체,전체,부평구,"내 마음 건강 확인프로그램
- 나의 타고난 기질 검사
- 테라리움 테라피",2026-08-18 ~ 2026-08-25,,부평구 거주 1인가구,10명,2026-07-23 ~ 2026-08-13,부평구건강가정지원센터 홈페이지,부평구건강가정지원센터 070-4827-1936,2026-03-20,https://www.incheon.go.kr/1in/OHH020108/view?oneHouseHoldId=A2026073100300200400700492
A2026010200300200401000265,OHH020101,정서,"[행복 동행 사업] 문화예술 자조모임 ""빛이 나는 SOLO""",접수예정,건강한 여가문화 체험,전체,전체,강화군,건강한 여가문화 체험,2026-09-14~2026-12-04,"국악 또는 한국전통무용을 배우는 문화예술 자조모임을 운영하여 강화군가족센터 송년의 밤 행사에서 발표.
참여자의 성취감과 지역사회 소통을 도모",강화군 관내거주 1인가구,,2026-09-01 ~ 2026-09-08,강화군가족센터 홈페이지 신청,강화군가족센터 / 032-933-0980,2026-03-20,https://www.incheon.go.kr/1in/OHH020108/view?oneHouseHoldId=A2026010200300200401000265
A2026010200300200400900278,OHH020101,정서,[행복 동행 사업] 싱글生글 ‘프로힐링러’,접수예정,1인가구 심리정서 지원,전체,전체,서구,1인가구 심리정서 지원,2026. 10. 1. ~ 2026. 11. 30.,"- 1인가구 자기탐색 및 미래설계 활동
- 요가 및 등산 활동",인천시 거주 1인가구(만 19세 이상) ※ 서구 거주 1인가구 우선 선정,,2026-09-01 ~ 2026-09-30,인천서구가족센터 홈페이지 프로그램 신청 참고,인천서구가족센터 가족사업팀 / 032-569-1562,2026-03-20,https://www.incheon.go.kr/1in/OHH020108/view?oneHouseHoldId=A2026010200300200400900278
A2026063000300200401400469,OHH020101,정서,[행복 동행 사업] 싱글生글 ‘프로힐링러’,접수예정,1인가구 심리정서 지원,전체,전체,서구,1인가구 심리정서 지원,2026. 10. 1. ~ 2026. 11. 30.,"- 1인가구 자기탐색 및 미래설계 활동
- 요가 및 등산 활동",인천시 거주 1인가구(만 19세 이상) ※ 서구 거주 1인가구 우선 선정,,2026-09-01 ~ 2026-09-30,인천서구가족센터 홈페이지 프로그램 신청 참고,인천서구가족센터 가족사업팀 / 032-569-1562,2026-03-20,https://www.incheon.go.kr/1in/OHH020108/view?oneHouseHoldId=A2026063000300200401400469
A2026010200300200400900277,OHH020101,정서,[행복 동행 사업] 싱글생글 ‘프로소통러’,접수마감,중장년 1인가구 모임 활동 지원,전체,중장년,서구,중장년 1인가구 모임 활동 지원,2026. 5. 1. ~ 2026. 11. 30.,"댄스스포츠 모임, 공동장보기&요리 모임, 봉사&체험 모임, 반려동물 모임","인천시 거주 중장년 1인가구 20명(만 40세 ~ 만 64세)
※ 서구 거주 중장년 1인가구 우선 선정",,2026-03-16 ~ 2026-04-21,인천서구가족센터 홈페이지 참고,인천서구가족센터 가족사업팀 / 032-569-1562,2026-03-20,https://www.incheon.go.kr/1in/OHH020108/view?oneHouseHoldId=A2026010200300200400900277
A2026063000300200401400468,OHH020101,정서,[행복 동행 사업] 싱글생글 ‘프로소통러’,접수마감,중장년 1인가구 모임 활동 지원,전체,중장년,서구,중장년 1인가구 모임 활동 지원,2026. 5. 1. ~ 2026. 11. 30.,"댄스스포츠 모임, 공동장보기&요리 모임, 봉사&체험 모임, 반려동물 모임","인천시 거주 중장년 1인가구 20명(만 40세 ~ 만 64세)
※ 서구 거주 중장년 1인가구 우선 선정",,2026-03-16 ~ 2026-04-21,인천서구가족센터 홈페이지 참고,인천서구가족센터 가족사업팀 / 032-569-1562,2026-03-20,https://www.incheon.go.kr/1in/OHH020108/view?oneHouseHoldId=A2026063000300200401400468
A2026010200300200401000259,OHH020101,정서,"[행복 동행 사업] 중장년 1인가구 수다 살롱 ""너, 나 그리고 우리""",접수마감,중장년을 위한 1인가구 커뮤니티 지원 사업,전체,중장년,강화군,중장년을 위한 1인가구 커뮤니티 지원 사업,2026. 3. 3. ~ 2026. 11. 30.,중장년 1인가구 동아리 구성 및 활동비 지원,강화군 관내거주 1인가구(만40세 이상 ~ 만65세 이하),,2026-03-01 ~ 2026-03-31,강화군가족센터 홈페이지 신청,강화군가족센터 / 032-933-0980,2026-03-20,https://www.incheon.go.kr/1in/OHH020108/view?oneHouseHoldId=A2026010200300200401000259
A2026033100300200400000351,OHH020101,정서,[행복 동행 사업] 중장년 1인가구 수다살롱,접수중,(사업목적) 중장년 1인가구 관심분야 동아리 구성 및 지원을 통한 사회적 관계망 형성,전체,중장년,강화군 | 연수구 | 부평구 | 서구,(사업목적) 중장년 1인가구 관심분야 동아리 구성 및 지원을 통한 사회적 관계망 형성,연중,"중장년 1인가구 동아리 구성(1개 모임당 5명 내외)
정기적인 모임과 활동을 통한 사회 참여 활성화(월 2회 이상)
주제별, 연령별 모임 지원으로 소통과 여가의 장 마련","인천시 거주 중장년(40~64세) 1인가구
- 강화군, 연수구, 부평구, 서구",군구별 4개 내외 동아리,2026-01-01 ~ 2026-12-31,"군구 가족센터 전화, 홈페이지","강화군 가족센터(032-932-1005), 연수구 가족센터(032-851-2740), 부평구 건강가정지원센터(032-508-0121), 서구 가족센터(032-569-1560)",2026-03-20,https://www.incheon.go.kr/1in/OHH020108/view?oneHouseHoldId=A2026033100300200400000351
A2026010200300200401000263,OHH020101,정서,"[행복 동행 사업] 템플스테이 ""마음을 읽는 시간""",접수중,심리적 안정과 건강한 생활습관 회복,전체,전체,강화군,심리적 안정과 건강한 생활습관 회복,2026.9.5.~2026.9.6.(1박2일),템플스테이 체험(1박2일)을 통해 심리적 안정과 공동체 활동을 통해 사회적 관계망 강화,강화군 관내거주 1인가구,,2026-08-10 ~ 2026-08-14,강화군가족센터 홈페이지 신청,강화군가족센터 / 032-933-0980,2026-03-20,https://www.incheon.go.kr/1in/OHH020108/view?oneHouseHoldId=A2026010200300200401000263
A2026022600300200400200344,OHH020101,정서,‘든든보따리’ 나눔사업,접수마감,중장년을 위한 1인가구 밑반찬 지원 및 안부확인 사업,전체,중장년,제물포구,중장년을 위한 1인가구 밑반찬 지원 및 안부확인 사업,2026. 2. ~ 2026. 11.,중장년 1인가구 밑반찬 지원 및 안부확인,인천시 만석동 거주 중장년 1인가구(만50세 이상 ~ 만65세 이하),,2026-02-23 ~ 2026-03-06,만석동행정복지센터 내방 및 유선신청,만석동 행정복지센터 찾아가는 보건복지팀/ 032-760-4951,2026-03-20,https://www.incheon.go.kr/1in/OHH020108/view?oneHouseHoldId=A2026022600300200400200344
A2026022300300200400600335,OHH020101,정서,"‘이웃하다, 마음을 잇다’ (웃음가득한 마을만들기)",접수중,"고립위험에 놓인 1인가구 대상으로 멘토링, 소모임 등 참여를 통해 사회적 관계를 회복하고 마을안에서 서로 돌보는 활동",전체,전체,남동구,"고립위험에 놓인 1인가구 대상으로 멘토링, 소모임 등 참여를 통해 사회적 관계를 회복하고 마을안에서 서로 돌보는 활동",2026. 1. 1. ~ 2026. 12. 31.,"● 이웃동반자활동(소그룹멘토링)
● 소모임 참여(보드게임/요리/건강운동/만들기모임 4가지 中 1개)
● 함께안녕이웃의날(나눔활동)
● 연합나들이",남동구(논현동) 거주 주민 중 사회적 고립을 느끼는 1인가구 주민(만65세이상/40세 이상 64세 이하 중장년),,2026-07-01 ~ 2026-08-31,복지관 전화접수,논현종합사회복지관 / 032-446-9339,2026-03-20,https://www.incheon.go.kr/1in/OHH020108/view?oneHouseHoldId=A2026022300300200400600335
A2026010200300200400100295,OHH020101,정서,“요리하며 모이고 즐거움을 나누는 모여락(樂)”,접수마감,중장년 1인 가구를 위한 사회적 관계망 지원사업,전체,중장년,영종구,중장년 1인 가구를 위한 사회적 관계망 지원사업,2026. 3. 1. ~ 2026. 11. 30.,"- 요리활동 및 식사(모임활동) 진행
- 심리치료 등 마음치유 활동 진행
- 청 만들기, 공예 등 만들기 활동 진행
- 애니어그램, 버크만 성격 검사 활동 진행
- 활동이 마무리 된 후 꾸준한 자조모임 활동 진행",영종도 거주 중장년 1인가구(만40세 이상 ~ 만65세 이하),,2026-02-02 ~ 2026-02-27,영종종합사회복지관 내방 및 전화 신청,영종종합사회복지관 사례관리팀 / 032-751-7511,2026-03-20,https://www.incheon.go.kr/1in/OHH020108/view?oneHouseHoldId=A2026010200300200400100295
A2026022000300200400500302,OHH020101,정서,「마음잇기•회복동행」 중독예방 돌봄상담,접수중,고립된 중독 위기 1인가구의 '사회적 연결망'을 구축하여 고독사를 예방하고 건강한 일상 회복을 돕는 밀착형 사업,전체,전체,연수구,고립된 중독 위기 1인가구의 '사회적 연결망'을 구축하여 고독사를 예방하고 건강한 일상 회복을 돕는 밀착형 사업,2026. 3. 1. ~ 2026. 11. 30.,"(고립된 1인가구의 사회적 연결망 잇기)
1. 회복동행: 동료지원인과 함께하는 ‘마음나눔’ 방문 및 정서지지
2. 관계잇기: 명절, 기념일(단주기념일, 생일) 등 사회적 단절감을 느끼는 시기의 집중 케어
3. 치유성장: 회복활동지원(자조모임 참가비지원 등)","선학시영 아파트, 연수시영 1차 아파트, 연수주공 1단지 아파트 거주 1인 가구(중독고위험군)",,2026-03-01 ~ 2026-11-30,"- 본인 직접 신청할 경우: 연수구중독관리통합지원센터 전화 및 내소
- 기관담당자가 신청할 경우: 연수구중독관리통합지원센터 홈페이지 (참여공간>공지사항>대상자연계의뢰서 양식) 작성 후 공문 또는 의뢰서 발송",연수구중독관리통합지원센터 전화: 032-236-9477~8 / 팩스: 032.236.9479 / 이메일: ickosacc@hanmail.net,2026-03-20,https://www.incheon.go.kr/1in/OHH020108/view?oneHouseHoldId=A2026022000300200400500302
A2026040200300200400600366,OHH020101,정서,가족상담,접수중,가족심리상담,전체,전체,남동구,가족심리상담,2026-02-23~2026-12-12,"개인, 부부, 가족 심리상담",심리적 어려움을 겪고 있는 개인 및 가족,,2026-01-02 ~ 2026-11-30,"남동구가족센터 전화접수, 홈페이지 사이버상담 접수","남동구가족센터 032)467-3904(내선 2), 070-4522-8019 직통",2026-03-20,https://www.incheon.go.kr/1in/OHH020108/view?oneHouseHoldId=A2026040200300200400600366
A2026051400300200400700380,OHH020101,정서,가족상담,접수중,건강한 가족을 위한 맞춤형 상담 서비스,전체,전체,부평구,건강한 가족을 위한 맞춤형 상담 서비스,2026-01-01~2026-12-31,,"심리적, 관계적 어려움을 겪고 있는 모든 개인, 부부, 가족 + 임신과 출산에 관한 갈등이 있는 임산부와 그 가족 + 아동, 청소년",,2026-01-01 ~ 2026-12-31,부평구건강가정지원센터 홈페이지 회원 가입 후 가족상담 신청,부평구건강가정지원센터 032-508-0101,2026-03-20,https://www.incheon.go.kr/1in/OHH020108/view?oneHouseHoldId=A2026051400300200400700380
A2025032400300200400500243,OHH020101,정서,고독사 예방관리 사업,접수중,독거노인을 위한 건강음료 지원 및 정기적인 모니터링을 통한 고독사 예방,전체,노년,연수구,독거노인을 위한 건강음료 지원 및 정기적인 모니터링을 통한 고독사 예방,2026. 3. 1. ~ 2026. 12. 18.,"주 3회 건강음료 지원 및 안부확인
분기별 모니터링 및 실태조사","1순위 : 돌봄 체계를 이용하지 않는 저소득 독거노인
2순위 : 저소득 독거노인
3순위 : 사례관리자 상담을 통해 서비스가 필요하다고 판단되는 자",,2026-02-01 ~ 2026-10-30,세화종합사회복지관 내방 및 유선 신청,세화종합사회복지관 사례관리팀 / 032-813-2790~4,2026-03-20,https://www.incheon.go.kr/1in/OHH020108/view?oneHouseHoldId=A2025032400300200400500243
A2026040300300200400000374,OHH020101,정서,고위험군 1인가구 회복지원,접수중,심리·정서적으로 어려움을 겪는 1인가구를 발견하고 검사 및 전문상담을 통해 마음건강 및 심리회복을 돕고 있습니다.,전체,전체,인천광역시 전체,심리·정서적으로 어려움을 겪는 1인가구를 발견하고 검사 및 전문상담을 통해 마음건강 및 심리회복을 돕고 있습니다.,연중,"마음건강 선별검사, 심층상담 및 지속상담, 종합심리검사 전문심리상담",인천광역시 내 거주 1인가구,,2026-01-01 ~ 2026-12-31,,인천광역시자살예방센터 032)468-9917,2026-03-20,https://www.incheon.go.kr/1in/OHH020108/view?oneHouseHoldId=A2026040300300200400000374
A2026041700300200400400378,OHH020101,정서,골든라이프,접수중,중장년 은둔ㆍ고립 주민 관계망 강화 프로그램,전체,중장년,미추홀구,중장년 은둔ㆍ고립 주민 관계망 강화 프로그램,2026.04.22.~2026.11.25.,"미술교실, 원예힐링테라피, 웰다잉 특강, 요리교실, 자조모임, 외부활동, 나들이 등",미추홀구 거주 중장년 1인가구(만35세 이상 ~ 만64세 이하),선착순 20명 마감 시 모집 마감,2026-04-14 ~ 2026-11-25,내방 신청 및 전화 신청,숭의종합사회복지관 032)888-6222,2026-03-20,https://www.incheon.go.kr/1in/OHH020108/view?oneHouseHoldId=A2026041700300200400400378
A2026022000300200400800311,OHH020101,정서,공동체 및 사회적 관계망 형성 프로그램,접수중,고립도 및 고독사 위험도가 높은 1인 가구를 공동체 프로그램에 참여시켜 커뮤니티를 형성하고 고독사를 예방,전체,전체,계양구,고립도 및 고독사 위험도가 높은 1인 가구를 공동체 프로그램에 참여시켜 커뮤니티를 형성하고 고독사를 예방,2026. 3. 1. ~ 2026. 11. 30.,"가족센터, 종합사회복지관과 연계하여 사회적 고립도 및 고독사 위험도가 높은 1인 가구 10인 내외를 프로그램에 참여할 수 있도록 독려하여 사회적 관계망을 형성하고 고립도를 완화하여 고독사 예방을 목적으로 하는 사업",인천광역시 계양구 거주 1인 가구,,2026-02-01 ~ 2026-11-30,관할 동 행정복지센터 신청,인천광역시 계양구청 복지정책과 희망복지팀(032-450-6700),2026-03-20,https://www.incheon.go.kr/1in/OHH020108/view?oneHouseHoldId=A2026022000300200400800311
A2026020300300200400400296,OHH020101,정서,관내 종합사회복지관과 함께 하는 [나눔터] 사업,접수중,"사회적 고립 위험(1인가구) 중장년(만40세~만64세)을 대상으로 관내 종합사회복지관(미추홀, 숭의, 인천)과 연계하여 사회적관계망 형성 프로그램 참여 등 1인가구의 생활력 향상, 공동체 형성을 위한 사업",전체,중장년,미추홀구,"사회적 고립 위험(1인가구) 중장년(만40세~만64세)을 대상으로 관내 종합사회복지관(미추홀, 숭의, 인천)과 연계하여 사회적관계망 형성 프로그램 참여 등 1인가구의 생활력 향상, 공동체 형성을 위한 사업",2026. 3. ~ 2026. 12.,"- 소규모 모임으로 구성되어 종합사회복지관에서 계획한 프로그램(요리, 정리수납 등 다양한 프로그램) 참여
- 프로그램(월 2~3회) 및 자조모임",미추홀구 거주 사회적 고립 위험(1인가구) 중장년 가구 (만40세~만64세),,2026-02-03 ~ 2026-12-01,관할 동 행정복지센터 및 구 복지정책과,미추홀구청 복지정책과 032-880-4717,2026-03-20,https://www.incheon.go.kr/1in/OHH020108/view?oneHouseHoldId=A2026020300300200400400296
A2026022300300200400600325,OHH020101,정서,구월4동 1인가구 지원사업 ‘이웃이음’,접수마감,구월4동 내 지역밀착형 안부확인 시스템을 통한 1인가구의 복지욕구 해소 및 이웃 간 관계망 형성을 통한 돌봄 공동체 조성 사업,전체,전체,남동구,구월4동 내 지역밀착형 안부확인 시스템을 통한 1인가구의 복지욕구 해소 및 이웃 간 관계망 형성을 통한 돌봄 공동체 조성 사업,2026. 2. 1. ~ 2026. 12. 31.,"월 3회 돌봄 및 안부확인, 연 6회 물품 지원, 연 1회 외부활동 지원",구월4동 내 돌봄 공백으로 안부확인이 필요한 1인가구,,2026-01-01 ~ 2026-01-31,구월4동 행정복지센터 추천,구월종합사회복지관 032-463-9900 (직통: 070-4942-5469),2026-03-20,https://www.incheon.go.kr/1in/OHH020108/view?oneHouseHoldId=A2026022300300200400600325
A2026022600300200400200345,OHH020101,정서,나들이 지원사업,접수마감,1인가구 노인의 외부활동 지원 및 사회관계 증진사업,전체,노년,제물포구,1인가구 노인의 외부활동 지원 및 사회관계 증진사업,2026. 5.,저소득 1인가구 어르신과 지역사회보장협의체 위원들과 함께 외부활동 지원 및 사회관계 증진,인천시 만석동 거주 노년 1인가구(만65세 이상),,2026-04-01 ~ 2026-04-07,만석동행정복지센터 내방 및 유선신청,만석동 행정복지센터 찾아가는 보건복지팀/ 032-760-4951,2026-03-20,https://www.incheon.go.kr/1in/OHH020108/view?oneHouseHoldId=A2026022600300200400200345
A2026022300300200400600326,OHH020101,정서,도림동 1인 가구 사회적 관계망 형성 사업 ‘도림이웃ON’,접수마감,신체 활동을 통한 사회적 관계망 형성 지원 사업,전체,노년,남동구,신체 활동을 통한 사회적 관계망 형성 지원 사업,2026. 3. 20. ~ 2026. 11. 30.,건강100세 운동교실 및 정서지원 활동 지원,도림동 거주 1인 가구(60~80대),,2026-03-01 ~ 2026-03-13,,구월종합사회복지관 032-463-9900 (직통: 070-4942-5467),2026-03-20,https://www.incheon.go.kr/1in/OHH020108/view?oneHouseHoldId=A2026022300300200400600326
A2025032400300200400500244,OHH020101,정서,독거남성 자조모임 “행복남”,접수중,"- 지역 내 독거남성의 사회적 고립 문제 완화
- 상호 지지적 관계망 형성을 통한 공동체 의식 증진",남성,노년,연수구,"- 지역 내 독거남성의 사회적 고립 문제 완화
- 상호 지지적 관계망 형성을 통한 공동체 의식 증진",2026. 2. ~ 2026. 12.,"독거 남성 모임
- 문화체험, 취미·나눔 활동 등",연수구에 거주하는 60세 이상 독거 남성,,2026-02-01 ~ 2026-12-31,세화종합사회복지관 내방 및 유선 신청,세화종합사회복지관 지역조직팀 / 032-813-2790~4,2026-03-20,https://www.incheon.go.kr/1in/OHH020108/view?oneHouseHoldId=A2025032400300200400500244
A2026022000300200400700316,OHH020101,정서,독거어르신 관계망형성프로그램 [다복회],접수마감,독거어르신을 위한 사회적 안전망 및 관계 형성 프로그램,전체,노년,부평구,독거어르신을 위한 사회적 안전망 및 관계 형성 프로그램,2026. 3. 19. ~ 2026. 12. 3.,"문화 활동, 건강 활동, 어르신 생활교육, 인지 기능 향상 활동, 나들이","부평구 삼산동, 부개동 거주 독거 어르신(만65세 이상)",,2026-02-19 ~ 2026-03-18,삼산종합사회복지관 방문 혹은 유선 신청,삼산종합사회복지관 삼산1동팀 / 032-529-8607,2026-03-20,https://www.incheon.go.kr/1in/OHH020108/view?oneHouseHoldId=A2026022000300200400700316
A2026072000300200400600480,OHH020101,정서,만나면 좋은 친구,접수중,단지 내 소모임을 통한 고립가구 외로움 완화 및 정서적 안정,전체,전체,남동구,단지 내 소모임을 통한 고립가구 외로움 완화 및 정서적 안정,2026. 3. 28. ~ 2026. 11. 30.,취미활동을 함께하며 마음을 살펴는 활동,마음건강이 필요한 지역 주민,,2026-02-28 ~ 2026-09-15,전화 신청,만수종합사회복지관 / 032-463-8161,2026-03-20,https://www.incheon.go.kr/1in/OHH020108/view?oneHouseHoldId=A2026072000300200400600480
A2026010200300200400100293,OHH020101,정서,미가엘 이음터(찾아가는 복지 시범 특화사업),접수중,사회적 고립 위험이 있는 중장년층 1인가구의 관계 형성과 지역사회 연결을 지원하는 커뮤니티 기반 사업,전체,중장년,중구,사회적 고립 위험이 있는 중장년층 1인가구의 관계 형성과 지역사회 연결을 지원하는 커뮤니티 기반 사업,2026. 3. 1. ~ 2026. 12. 1.,"- 1인가구 대상 월 1~2회 소규모 모임 운영 (식사모임, 삼겹살 파티, 차 마시며 이야기 나누기 등)
- 지원단 1:1 또는 소그룹 매칭 후 함께 식사·산책·취미 활동 진행
- 여행, 영화 보기, 간단한 만들기 등 가볍게 참여 가능한 활동 중심 모임
- 지역 카페·공방 등 동네 공간을 활용한 만남 진행",인천 중구 원도심 거주 중장년 1인가구(만40세 이상 ~ 만65세 이하),,2026-01-01 ~ 2026-12-31,전화 및 방문 상담 후 참여,성.미가엘종합사회복지관 지역조직팀 / 032-766-0981,2026-03-20,https://www.incheon.go.kr/1in/OHH020108/view?oneHouseHoldId=A2026010200300200400100293
A2026022300300200400600331,OHH020101,정서,사이채움,접수마감,고립 위험이 있는 1인 가구 주민과 중학생 봉사자들이 함께 취미 프로그램을 진행하며 세대 교류 진행,전체,노년,남동구,고립 위험이 있는 1인 가구 주민과 중학생 봉사자들이 함께 취미 프로그램을 진행하며 세대 교류 진행,2026. 4. 3. ~ 2026. 11. 27.,노인 1인 가구 및 중학생 봉사자들이 함께 세대 교류 프로그램 진행,"1. 고립 위험이 있는 1인 가구 노인
2. 이웃 관계 형성을 희망하는 1인 가구 노인
3. 다른 세대와의 교류를 희망하는 1인 가구 노인",,2026-03-13 ~ 2026-03-27,"복지관 전화, 방문 상담",만수종합사회복지관 지역보호팀 / 032-463-8161,2026-03-20,https://www.incheon.go.kr/1in/OHH020108/view?oneHouseHoldId=A2026022300300200400600331
A2026022000300200400700321,OHH020101,정서,사잇길(사람과 마을을 잇는 길),접수중,"중장년 고립가구 사회적 관계망 지원사업
- 그룹집단활동 진행, 거점공간 연계와 위기 상황 대응(사례관리)",전체,중장년,부평구,"중장년 고립가구 사회적 관계망 지원사업
- 그룹집단활동 진행, 거점공간 연계와 위기 상황 대응(사례관리)",2026. 1. 2. ~ 2026. 12. 31.,"• 사회적 관계망 연계 / 강화를 위한 집단프로그램
• 중장년 고립가구를 찾고 지원하기 위한 아웃리치
• 중장년 고립가구가 쉽게 방문할 수 있는 거점공간 연계
• 위기 상황에 대응하기 위한 사례관리","• 부평구에 거주하거나 활동하는 40~60대 중장년 고립 가구(고독사 위험군)
• 가족과 관계 단절로 인해 사회적 연계가 필요한 주민
• 정서적 불안, 우울 등으로 지속해서 치료나 정서적 지원이 필요한 주민",,2026-01-02 ~ 2026-12-31,"갈산종합사회복지관 전화 문의, 방문 상담, 가정방문 상담",갈산종합사회복지관 서비스제공2팀 (032-515-8187),2026-03-20,https://www.incheon.go.kr/1in/OHH020108/view?oneHouseHoldId=A2026022000300200400700321
A2026022300300200400600332,OHH020101,정서,서창동 마을모임,접수마감,"1. 단지 내 소모임을 통한 사회적 관계망 형성
2. 고립가구 외로움 완화 및 정서적 안정",전체,중장년,남동구,"1. 단지 내 소모임을 통한 사회적 관계망 형성
2. 고립가구 외로움 완화 및 정서적 안정",2026. 3. 12. ~ 2026. 11. 30.,중장년 1인가구 동아리 구성 및 활동비 지원,"1. 고립 위험이 있는 1인 가구 주민
2. 이웃 관계 형성을 희망하는 서창LH1단지 내 주민
3. 마을모임에 참여하기 원하는 서창LH1단지 내 주민",,2026-02-19 ~ 2026-03-11,"전화 신청, 구글 폼 신청(QR코드)
https://forms.gle/XrEhfQJu6SSZastD7",만수종합사회복지관 지역조직팀 / 032-463-8161,2026-03-20,https://www.incheon.go.kr/1in/OHH020108/view?oneHouseHoldId=A2026022300300200400600332
A2026010200300200400100290,OHH020101,정서,솔로플레이,접수중,1인가구 취미생활 프로그램,전체,전체,영종구,1인가구 취미생활 프로그램,2026. 3. 1. ~ 2026. 11. 30.,"· 독(獨)한클래스 : 1인가구 청장년 혼자하는 취미생활
· 배움마실 : 1인가구 60세이상 교육관련 프로그램",인천시 영종구 거주 1인가구 누구나,,2026-03-01 ~ 2026-11-30,문의처로 전화신청/아래 링크 접속 후 신청,영종구가족센터 가족사업2팀 / 032-245-7775,2026-03-20,https://www.incheon.go.kr/1in/OHH020108/view?oneHouseHoldId=A2026010200300200400100290
A2023121300300200400800062,OHH020101,정서,슬기로운 농장생활 시즌4,접수중,공유텃밭 농작활동 및 자조모임을 통한 사회적관계망 형성 지원,전체,전체,계양구,공유텃밭 농작활동 및 자조모임을 통한 사회적관계망 형성 지원,2026. 03. 28. ~ 2026. 11. 28.,"○ 장소 : 인천광역시 계양구 장제로 977번길 7(방축동) 1-4 남대문고씨 주말농장
○ 내용 :
-공유텃밭 운영을 통한 농작활동 및 수확의 경험 제공
-프로그램 지원 및 자조모임을 통한 자아성취 및 사회적 관계망 형성 지원",계양구 거주 1인가구 및 취약위기가구,,2026-03-03 ~ 2026-09-30,계양구가족센터 홈페이지 프로그램 신청,계양구가족센터(032-547-1017(내선207번),2026-03-20,https://www.incheon.go.kr/1in/OHH020108/view?oneHouseHoldId=A2023121300300200400800062
A2025032400300200400500239,OHH020101,정서,싱글(Single)벙글 프로젝트,접수중,지역에 외로움과 고립의 우려가 있는 중장년 남성의 사회적 관계망 형성 사업,남성,중장년,연수구,지역에 외로움과 고립의 우려가 있는 중장년 남성의 사회적 관계망 형성 사업,2026-03~ 2026-11,"중·장년 남성 공동체를 대상으로 개별 및 집단 상담, 정서지원프로그램, 지역사회 연계활동, 나들이 등 진행",연수구 내 외로움과 고립의 우려가 있는 중·장년층 남성 (만 40세 이상 ~ 65세 이하),,2026-01-01 ~ 2026-11-30,함박종합사회복지관 내방 및 유선 신청,함박종합사회복지관 / 032-724-9965,2026-03-20,https://www.incheon.go.kr/1in/OHH020108/view?oneHouseHoldId=A2025032400300200400500239
A2026022000300200400800310,OHH020101,정서,"안부 확인 서비스(톡톡! 안녕하세요. AI 안부전화서비스, IoT 돌봄플러그, 마음 톡톡 말벗서비스)",접수중,"- 1인 가구에 대한 주 1회 안부 전화로 고독사 예방
- 자주 사용하는 가전에 플러그를 연결하여 전기 사용량, 조도 측정을 통한 고독사 예방 사업",전체,전체,계양구,"- 1인 가구에 대한 주 1회 안부 전화로 고독사 예방
- 자주 사용하는 가전에 플러그를 연결하여 전기 사용량, 조도 측정을 통한 고독사 예방 사업",연중,"- 톡톡 안녕하세요 : 전화를 받고 자동 응답 멘트를 듣고 전화를 끊으면 안부 확인 완료
- AI 안부전화서비스 : AI 상담사를 통하여 안부 확인 전화
- IoT 돌봄플러그 : 자주 사용하는 가전에 연결하여 조도 측정 및 전기 사용량을 측정하여 생활 반응 확인 및 고독사 예방
- 마음 톡톡 말벗 서비스 : 노인일자리 참여자인 복지안심기동반이 주1회 1인 가구에 전화하여 5~10분간 말벗 서비스 및 안부 확인 서비스 제공",계양구 거주 1인 가구,,2026-01-01 ~ 2026-12-31,관할 동 행정복지센터 신청,계양구청 복지정책과 희망복지팀(032-450-6700),2026-03-20,https://www.incheon.go.kr/1in/OHH020108/view?oneHouseHoldId=A2026022000300200400800310
A2025032400300200400500245,OHH020101,정서,안부전화서비스,접수중,정기적인 안부전화를 통한 안부확인 및 정서지원,전체,노년,연수구,정기적인 안부전화를 통한 안부확인 및 정서지원,2025. 1. ~ 2025. 12.,안부전화,인천시 연수구 연수3동에 거주하는 65세 이상 독거노인,,2026-01-01 ~ 2026-12-31,세화종합사회복지관 내방 및 유선 신청,세화종합사회복지관 서비스제공2팀 / 032-813-2790~4,2026-03-20,https://www.incheon.go.kr/1in/OHH020108/view?oneHouseHoldId=A2025032400300200400500245
A2026022000300200400500305,OHH020101,정서,안부전화서비스,접수중,정기적인 안부전화를 통한 안부 확인 및 정서지원,전체,전체,연수구,정기적인 안부전화를 통한 안부 확인 및 정서지원,2026. 1. ~ 2026. 12.,안부전화,"연수구 연수1동, 송도1~5동에 거주하는 지역주민",,2026-01-01 ~ 2026-12-31,함박종합사회복지관 내방 및 유선 신청,함박종합사회복지관 / 032-724-9965,2026-03-20,https://www.incheon.go.kr/1in/OHH020108/view?oneHouseHoldId=A2026022000300200400500305
A2026010200300200400900281,OHH020101,정서,안심폰 지원사업,접수중,취약노인과 생활지원사 매칭을 통한 안부확인 등 정서서비스 지원,전체,노년,서구,취약노인과 생활지원사 매칭을 통한 안부확인 등 정서서비스 지원,2026. 1. 1. ~ 2026. 12. 31.,노인맞출돌봄서비스 대상자 중 신체적·정신적인 이유로 안전확인이 필요한 독거노인에게 안심폰을 지원하고 생활지원사와 연계하여 안전모니터링 실시,노인돌봄서비스 대상자 중 안부확인 등이 필요한 독거노인,,2026-01-01 ~ 2026-12-31,문의처로 전화 신청,서구노인복지관 / 032-251-9472 가좌노인문화센터 / 032-251-9735 연희노인문화센터 / 032-251-9756 검단노인복지관 / 032-251-9711,2026-03-20,https://www.incheon.go.kr/1in/OHH020108/view?oneHouseHoldId=A2026010200300200400900281
A2026063000300200401400472,OHH020101,정서,안심폰 지원사업,접수중,취약노인과 생활지원사 매칭을 통한 안부확인 등 정서서비스 지원,전체,노년,서구,취약노인과 생활지원사 매칭을 통한 안부확인 등 정서서비스 지원,2026. 1. 1. ~ 2026. 12. 31.,노인맞출돌봄서비스 대상자 중 신체적·정신적인 이유로 안전확인이 필요한 독거노인에게 안심폰을 지원하고 생활지원사와 연계하여 안전모니터링 실시,노인돌봄서비스 대상자 중 안부확인 등이 필요한 독거노인,,2026-01-01 ~ 2026-12-31,문의처로 전화 신청,서구노인복지관 / 032-251-9472 가좌노인문화센터 / 032-251-9735 연희노인문화센터 / 032-251-9756 검단노인복지관 / 032-251-9711,2026-03-20,https://www.incheon.go.kr/1in/OHH020108/view?oneHouseHoldId=A2026063000300200401400472
A2026051400300200400100382,OHH020101,정서,"오롯이, 나",접수중,1인가구 사연 접수 프로그램,전체,전체,영종구,1인가구 사연 접수 프로그램,2026-03-01 ~ 2026-11-30,"· 익명/실명 선택하여 사연 접수
· 월별 주제, 자유 주제 참여 가능
· 축하, 응원, 위로, 고민 공유",영종거주 1인가구 누구나,,2026-03-01 ~ 2026-11-30,문의처로 전화 신청 / 아래 링크 접속 후 신청,영종구가족센터 가족사업2팀 / 032-245-7775,2026-03-20,https://www.incheon.go.kr/1in/OHH020108/view?oneHouseHoldId=A2026051400300200400100382
A2025032400300200400500241,OHH020101,정서,온(溫)정 선학밥상,접수마감,중장년·노인을 위한 남성 1인가구 요리교육,남성,전체,인천광역시 전체,중장년·노인을 위한 남성 1인가구 요리교육,2026. 6. 1. ~ 2026. 11. 30.,"1. 1인 가구 요리교육
2. 요리 나눔 활동","인천시 거주 중장년 및 노인 남성 1인가구
※ 필요에 따라 참여연령 조정 가능",,2026-06-01 ~ 2026-06-30,"선학종합사회복지관 유선 및 내방, 홈페이지 신청",선학종합사회복지관 사례관리팀 / 032-813-6453,2026-03-20,https://www.incheon.go.kr/1in/OHH020108/view?oneHouseHoldId=A2025032400300200400500241
A2026040200300200400700367,OHH020101,정서,온가족보듬사업,접수중,"사례관리, 청소년(한)부모지원, 미혼모부지원사업 등",전체,전체,부평구,"사례관리, 청소년(한)부모지원, 미혼모부지원사업 등",2026-01-01~2026-12-31,,"부평구 거주 중위소득 100%이하 대상자, 긴급위기 가족, 청소년(한)부모, 미혼모·부 등",,2026-01-01 ~ 2026-12-31,부평구건강가정지원센터 전화문의,부평구건강가정지원센터 032)508-0141~3,2026-03-20,https://www.incheon.go.kr/1in/OHH020108/view?oneHouseHoldId=A2026040200300200400700367
A2026040200300200400200363,OHH020101,정서,온가족보듬사업 가족상담,접수중,온 가족이 함께 행복한 내일을 위한 맞춤형 상담 솔루션 지원,전체,전체,동구,온 가족이 함께 행복한 내일을 위한 맞춤형 상담 솔루션 지원,2026-01-01~2026-12-31,"개인·부부 가족상담, 임신·출산 갈등상담, 이혼 전·후 상담, 아동·청소년 상담 등",개인 및 가족상담을 희망하는 동구지역 주민,,2026-01-01 ~ 2026-12-31,전화접수 이후 온라인 홈페이지 신청 필수,동구가족센터 032)773-0297(담당자 4914),2026-03-20,https://www.incheon.go.kr/1in/OHH020108/view?oneHouseHoldId=A2026040200300200400200363
A2026040200300200400800359,OHH020101,정서,온가족보듬사업 긴급위기지원 서비스,접수중,"온가족보듬사업에서는 긴급하거나 위기상황에 놓인 개인과 가족을 위하여
상담비지원 서비스를 지원하고있습니다.
사설 심리상담센터에서 상담을 받길 희망하지만, 비용 부담으로 어려움이 있을 경우
접수 및 사례관리 등록 후 상담비를 총 100만원까지 지원하고 있습니다.
*사례관리 등록 후, 상담비 외에 필요한 복지 서비스를 맞춤 지원",전체,전체,계양구,"온가족보듬사업에서는 긴급하거나 위기상황에 놓인 개인과 가족을 위하여
상담비지원 서비스를 지원하고있습니다.
사설 심리상담센터에서 상담을 받길 희망하지만, 비용 부담으로 어려움이 있을 경우
접수 및 사례관리 등록 후 상담비를 총 100만원까지 지원하고 있습니다.
*사례관리 등록 후, 상담비 외에 필요한 복지 서비스를 맞춤 지원",2026-01-01~2026-12-31,,"한부모, 조손, 다문화, 미혼모부, 청소년부모, 1인가구 등 계양구에 거주하는 도움이 필요한 다양한 가족 및 개인
* 중위소득 100% 이내 우선 지원",,2026-01-01 ~ 2026-12-31,계양구가족센터 전화문의,계양구가족센터 032) 547-1017 (내선 102),2026-03-20,https://www.incheon.go.kr/1in/OHH020108/view?oneHouseHoldId=A2026040200300200400800359
A2026040200300200400200364,OHH020101,정서,온가족보듬사업 사례관리,접수중,"가족 전체의 복합적인 문제를 해결하고, 욕구를 해소하기 위한 맞춤형 통합서비스로
욕구에 맞춰 센터 내부 서비스 및 지역사회 자원 연계 지원합니다.",전체,전체,동구,"가족 전체의 복합적인 문제를 해결하고, 욕구를 해소하기 위한 맞춤형 통합서비스로
욕구에 맞춰 센터 내부 서비스 및 지역사회 자원 연계 지원합니다.",2026-01-01~2026-12-31,,"한부모가족, 조손가족, 노부모 부양가족, 손자녀 돌봄 조부모, 청소년부모, 1인가구, 다문화가족, 방임(보호)아동 및 원가정, 이혼 위기 가족 등",,2026-01-01 ~ 2026-12-31,동구가족센터 내방/전화 신청,"동구가족센터 032)773-0297(내선 4907, 4914)",2026-03-20,https://www.incheon.go.kr/1in/OHH020108/view?oneHouseHoldId=A2026040200300200400200364
A2026040200300200400400365,OHH020101,정서,온가족보듬사업 사례관리,접수중,"가족기능이 약해진 가족 및 위기가족이 가진 복합적 문제 해결 및 욕구 해소를 위해
가족기능 회복과 정서·경제적 자립역량 강화를 도모합니다.",전체,전체,미추홀구,"가족기능이 약해진 가족 및 위기가족이 가진 복합적 문제 해결 및 욕구 해소를 위해
가족기능 회복과 정서·경제적 자립역량 강화를 도모합니다.",2026-01-01~2026-12-31,,"가족기능 및 역량강화를 위해 지원이 필요한 모든 가족
재난·사고 등 경제·사회적 위기사건을 직면한 가족
* 기준 중위소득 100%이하 우선 지원",,2026-01-01 ~ 2026-12-31,미추홀구가족센터 내방/전화 신청,미추홀구가족센터 032)875-2993,2026-03-20,https://www.incheon.go.kr/1in/OHH020108/view?oneHouseHoldId=A2026040200300200400400365
A2026040200300200401000361,OHH020101,정서,온가족보듬사업 사례관리,접수중,취약·위기가족의 어려움을 해결하기 위해 상담과 사례관리를 통해 맞춤형 서비스를 제공합니다.,전체,전체,강화군,취약·위기가족의 어려움을 해결하기 위해 상담과 사례관리를 통해 맞춤형 서비스를 제공합니다.,2026-01-01~2026-12-31,,"한부모가족, 조손가족, 노부모 부양가족, 손자녀 돌봄 조부모, 청소년(한)부모, 1인가구, 다문화가족, 방임(보호)아동 및 원가정, 이혼위기가족 등
* 기준 중위소득 100%이하 우선지원",,2026-01-01 ~ 2026-12-31,강화군가족센터 전화문의,강화군가족센터 032)932-1005,2026-03-20,https://www.incheon.go.kr/1in/OHH020108/view?oneHouseHoldId=A2026040200300200401000361
A2026040200300200400800360,OHH020101,정서,온가족보듬사업 사례관리 서비스,접수중,"사례관리란?
: 도움의 손길이 필요한 지역 주민에게 다양한 복지 서비스를 연계하여 경제, 생활, 교육, 심리 등 다양한 어려움을 함께 극복해나가는 과정
지원 내용
: 경제적 도움이 필요할 때
누군가 내 이야가를 들어줬으면 할 때
>>> 나에게 맞는 복지서비스 맞춤 지원<<<",전체,전체,계양구,"사례관리란?
: 도움의 손길이 필요한 지역 주민에게 다양한 복지 서비스를 연계하여 경제, 생활, 교육, 심리 등 다양한 어려움을 함께 극복해나가는 과정
지원 내용
: 경제적 도움이 필요할 때
누군가 내 이야가를 들어줬으면 할 때
>>> 나에게 맞는 복지서비스 맞춤 지원<<<",2026-01-01~2026-12-31,,"한부모, 조손, 다문화, 미혼모부, 청소년부모, 1인가구 등 계양구에 거주하는 도움이 필요한 다양한 가족 및 개인
* 중위소득 100% 이내 우선 지원",,2026-01-01 ~ 2026-12-31,,"계양구가족센터 032-547-1017(102,201)",2026-03-20,https://www.incheon.go.kr/1in/OHH020108/view?oneHouseHoldId=A2026040200300200400800360
A2026040200300200400800358,OHH020101,정서,온가족보듬사업 프로그램,접수중,배우고 즐기고 소통하는 보듬프로그램,전체,전체,계양구,배우고 즐기고 소통하는 보듬프로그램,2026-02-01~2026-12-31,,"한부모, 조손, 다문화, 미혼모부, 청소년부모, 1인가구 등 계양구에 거주하는 도움이 필요한 다양한 가족 및 개인
* 중위소득 100% 이내 우선 지원",,2026-02-01 ~ 2026-12-31,계양구가족센터 전화문의,"계양구가족센터 032)547-1017(내선202,211)",2026-03-20,https://www.incheon.go.kr/1in/OHH020108/view?oneHouseHoldId=A2026040200300200400800358
A2026040200300200401000362,OHH020101,정서,온가족보듬사업-가족상담,접수중,"몸과 마음이 힘들고 지친 분들, 상담을 통해 여러분이 겪고 있는 어려움을 해결하세요.",전체,전체,강화군,"몸과 마음이 힘들고 지친 분들, 상담을 통해 여러분이 겪고 있는 어려움을 해결하세요.",2026-01-01~2026-12-31,"부부상담, 부모-자녀상담, 임신·출산갈등상담, 이혼 전·후 상담, 그 외 가족상담
(일반상담, 정보제공상담, 집단상담 등)",강화군민 누구나,,2026-01-01 ~ 2026-12-31,강화군가족센터 전화 및 방문접수,강화군가족센터 032)932-1005,2026-03-20,https://www.incheon.go.kr/1in/OHH020108/view?oneHouseHoldId=A2026040200300200401000362
A2026022000300200400500304,OHH020101,정서,외출유도쿠폰 지원사업 '이음쿠폰',접수마감,"은둔고립 1인 가구 대상으로 실질적인 외출 기회를 제공하고자 외출 유도형 쿠폰을 지급하여 반찬 구매, 외식 등 일상생활에 필요한 서비스를 이용할 수 있도록 하여 사회적응 및 지역사회와의 안전망 구축",전체,전체,연수구,"은둔고립 1인 가구 대상으로 실질적인 외출 기회를 제공하고자 외출 유도형 쿠폰을 지급하여 반찬 구매, 외식 등 일상생활에 필요한 서비스를 이용할 수 있도록 하여 사회적응 및 지역사회와의 안전망 구축",2026-04~ 2026-11,"1. 은둔,고립 1인가구 주민 10명 발굴
2. 외출유도 쿠폰사용 업체발굴 및 서비스연계
3. 음식점, 편의점 등 일상생활지원 쿠폰 제공",은둔고립 1인 가구,,2026-03-01 ~ 2026-03-31,선학종합사회복지관 유선 및 내방 신청,선학종합사회복지관 서비스제공팀 / 032-813-6453,2026-03-20,https://www.incheon.go.kr/1in/OHH020108/view?oneHouseHoldId=A2026022000300200400500304
A2026022600300200400200346,OHH020101,정서,원예치료 사업,접수예정,1인가구 노인의 원예치료 사업,전체,노년,제물포구,1인가구 노인의 원예치료 사업,2026. 10.,저소득 1인가구 어르신과 지역사회보장협의체 위원들과 짝을 이뤄 함께 식물과의 상호작용을 통한 정서적 안정과 신체건강 촉진을 위한 활동,인천시 만석동 거주 노년 1인가구(만65세 이상),,2026-09-01 ~ 2026-09-07,만석동행정복지센터 내방 및 유선신청,만석동 행정복지센터 찾아가는 보건복지팀/ 032-760-4951,2026-03-20,https://www.incheon.go.kr/1in/OHH020108/view?oneHouseHoldId=A2026022600300200400200346
A2026022000300200400500308,OHH020101,정서,은둔·고립 1인 청년 지원 사업 [혼플러스],접수중,은둔·고립 청년을 대상으로 청년 맞춤 강좌 및 체험활동을 제공하여 일상을 회복시키고 사회복귀를 지원,전체,청년,인천광역시 전체,은둔·고립 청년을 대상으로 청년 맞춤 강좌 및 체험활동을 제공하여 일상을 회복시키고 사회복귀를 지원,2026. 3. ~ 12.,"- 역량강화교육: 재무, 스트레스 관리 등 교육
- 공동체활동: 사회적 관계망 형성을 위한 공동체활동",인천시 거주 은둔·고립 청년 10명,,2026-03-01 ~ 2026-12-31,연수종합사회복지관 방문 후 상담,연수종합사회복지관 서비스제공2팀 / 032-811-8012,2026-03-20,https://www.incheon.go.kr/1in/OHH020108/view?oneHouseHoldId=A2026022000300200400500308
A2026022300300200400600334,OHH020101,정서,이웃기웃,접수중,1인가구(고립가구)를 위한 위기가구 정서지원 사업,전체,전체,남동구,1인가구(고립가구)를 위한 위기가구 정서지원 사업,2026. 3. 2. ~ 2026. 12. 31.,1인가구(고립가구) 대상 정기적 안부확인 및 정서지원 활동을 통한 관계망 유지·강화,인천시 남동구 거주 1인가구(고립가구),,2026-03-01 ~ 2026-12-31,복지관 전화 문의,만수종합사회복지관 사례관리팀 / 032-463-8161,2026-03-20,https://www.incheon.go.kr/1in/OHH020108/view?oneHouseHoldId=A2026022300300200400600334
A2026010200300200400100287,OHH020101,정서,일인빌리티,접수중,1인가구 능력 향상 프로그램,전체,전체,영종구,1인가구 능력 향상 프로그램,2026. 3. 1. ~ 2026. 11. 30.,"· 식생활 UP – 1근 레시피, 냉장고 소진요리
· 건강 UP – 30일 목표달성 챌린지",인천시 영종구 거주 1인가구 누구나,,2026-03-01 ~ 2026-11-30,문의처로 전화신청/아래 링크 접속 후 신청,영종구가족센터 가족사업2팀 / 032-245-7775,2026-03-20,https://www.incheon.go.kr/1in/OHH020108/view?oneHouseHoldId=A2026010200300200400100287
A2026010200300200400100292,OHH020101,정서,자조모임(청춘살롱),접수중,1인가구 자조모임,전체,노년,영종구,1인가구 자조모임,2026-01-30~2026-12-31,"· 청춘살롱 - 60세이상 1인가구 자조모임
- 온라인 커뮤니티 조성
- 여가문화생활 지원",인천시 영종구 거주 60세이상 1인가구,,2026-01-27 ~ 2026-11-30,문의처로 전화 신청 / 아래 링크 접속 후 신청,영종구가족센터 가족사업2팀 / 032-245-7775,2026-03-20,https://www.incheon.go.kr/1in/OHH020108/view?oneHouseHoldId=A2026010200300200400100292
A2026040300300200400100371,OHH020101,정서,자조모임(해드리오),접수중,1인가구 자조모임,전체,청년,영종구,1인가구 자조모임,2026. 4. 18. ~ 2026. 11. 21.8,- 해드리오 : 청·장년 자조모임,인천시 영종구 거주 1인가구 누구나,,2026-03-01 ~ 2026-11-20,문의처로 전화 신청 / 아래 링크 접속 후 신청,영종구가족센터 가족사업2팀 / 032-752-2722,2026-03-20,https://www.incheon.go.kr/1in/OHH020108/view?oneHouseHoldId=A2026040300300200400100371
A2026010200300200400600271,OHH020101,정서,정신질환 치료비 지원사업,접수중,만19세 이상 1인 가구 대상 정신질환 치료비 지원,전체,전체,남동구,만19세 이상 1인 가구 대상 정신질환 치료비 지원,2026년 연중 ~ 예산 소진 시,만19세 이상 1인가구 정신건강의학적 검사비 및 치료비 본인일부부담금 지원(1인당 연50만원 내),"아래 ① ~ ④모두 충족하는자
① 인천시 남동구민 중 1인가구에 해당하는자
② 만19세 이상
③ 남동구 정신건강복지센터에서 시행하는 정신건강검사지에서 상담 대상군으로 분류된 자
④ 타 사업 치료비 지원을 받지 않은 자",,2026-01-01 ~ 2026-12-31,남동구정신건강복지센터 방문 등록 신청,남동구정신건강복지센터 / 032-465-6412,2026-03-20,https://www.incheon.go.kr/1in/OHH020108/view?oneHouseHoldId=A2026010200300200400600271
A2026072000300200401200484,OHH020101,정서,제물포구 청년행복충전소,접수마감,청년 1인가구 마음회복 프로그램,전체,청년,제물포구,청년 1인가구 마음회복 프로그램,2026. 7. 31. ~ 2026. 12. 31.,청년 1인가구 여가문화체험 및 건강검진 지원 등,인천시 제물포구 거주 청년 1인가구(만19세 이상 ~ 만39세 이하),,2026-07-17 ~ 2026-07-24,제물포구 동 행정복지센터 또는 창영종합사회복지관,"제물포구 복지정책과 / 032-770-6612, 창영종합사회복지관 / 032-773-1733",2026-03-20,https://www.incheon.go.kr/1in/OHH020108/view?oneHouseHoldId=A2026072000300200401200484
A2026022300300200400600329,OHH020101,정서,주민조직사업 ‘딩동댕’,접수마감,반려견을 매개체로 주민조직 형성 및 올바른 반려문화 확산,전체,청년,남동구,반려견을 매개체로 주민조직 형성 및 올바른 반려문화 확산,2026. 2. 2. ~ 2026. 12. 31.,1인 청년가구 주민조직 형성을 통한 올바른 반려문화 확산,인천 내 거주하는 반려견을 키우는 1인 청년가구,,2026-01-02 ~ 2026-03-31,구글폼을 통한 접수(https://forms.gle/wvYAML7AoF5TX9zz9),구월종합사회복지관 032-463-9900 (직통: 070-4942-5464),2026-03-20,https://www.incheon.go.kr/1in/OHH020108/view?oneHouseHoldId=A2026022300300200400600329
A2025032400300200400500237,OHH020101,정서,중장년 고립가구 발굴 및 관계망 형성 사업 “숨고 아지트” (복지시범특화사업),접수중,"지역 내 거점공간 운영을 통한 중장년 고립가구 발굴 및 사회적 관계망 구축, 고독사 예방",전체,중장년,연수구,"지역 내 거점공간 운영을 통한 중장년 고립가구 발굴 및 사회적 관계망 구축, 고독사 예방",2026. 1. ~ 2026. 12.,"거점공간(청학동, 선학동 등) 활용을 통한 관계형성 프로그램 운영
- 아지트 모임
- 손 끝(공예, 요리, 목공 등 활동 프로그램) 모임
- 나들이",연수구에 거주하는 중장년(만 40세~64세) 고립가구,,2026-01-01 ~ 2026-12-31,세화종합사회복지관 내방 및 유선 신청,세화종합사회복지관 서비스제공2팀 / 032-813-2790~4,2026-03-20,https://www.incheon.go.kr/1in/OHH020108/view?oneHouseHoldId=A2025032400300200400500237
A2026022300300200400600322,OHH020101,정서,"찾아가는 복지 시범 특화사업 ""문, 안 인사""",접수중,은둔·고립·1인가구를 대상으로 심리상담 및 활동형 프로그램 제공,전체,전체,인천광역시 전체,은둔·고립·1인가구를 대상으로 심리상담 및 활동형 프로그램 제공,2026. 1. 2. ~ 2026. 12. 31.,"○ 심리·정서·신체적 건강 회복을 위한 전문상담 제공
○ 고립감, 외로움 해소를 위한 활동형 프로그램 제공
청년 고독탈출, 중장년 볼링/공예/요리 소모임,
자연체험 활동, 함께하는 마을축제, 유급봉사활동, 나들이
○ 은둔·고립·1인가구에 대한 사회적 인식 개선 및 고립 예방","인천시 거주 은둔·고립·1인가구 청년 (만20세 ~ 39세)
인천시 거주 은둔·고립·1인가구 중장년 (만40세 ~ 65세)",,2026-03-01 ~ 2026-08-31,"홈페이지 프로그램 신청 문안인사 게시물에서 온라인 신청(구글 설문지 링크), 전화",성산종합사회복지관(032-437-2500),2026-03-20,https://www.incheon.go.kr/1in/OHH020108/view?oneHouseHoldId=A2026022300300200400600322
A2025041600300200400400246,OHH020101,정서,찾아가는 복지시범 특화사업 ‘이웃기웃’,접수중,"지역 내 은둔, 고립, 1인 가구를 대상으로 은둔고립가구 발굴 및 사회적관계망 형성 도모",전체,전체,미추홀구,"지역 내 은둔, 고립, 1인 가구를 대상으로 은둔고립가구 발굴 및 사회적관계망 형성 도모",2026.4.~11.,"심심상인 : 가정으로 방문하여 상담 및 안부확인, 다양한 DIY(요리, 만들기) 활동 등 지원
다정다감 : 가정과 외부(거점공간 및 지역사회)에서 다양한 활동(반려텃밭 가꾸기, 원데이클래스 등) 지원
화양연화 : 거점공간을 활용한 다양한 활동(문화생활, 식사모임 등) 지원","39~70세 고립, 은둔 1인가구
※ 미추홀구 7개동(관교동, 문학동, 주안 3·7·8동, 학익 1·2동)",,2026-04-01 ~ 2026-11-30,인천종합사회복지관 032-873-0541 문의,인천종합사회복지관 032-873-0541,2026-03-20,https://www.incheon.go.kr/1in/OHH020108/view?oneHouseHoldId=A2025041600300200400400246
A2026022000300200400700319,OHH020101,정서,"청년 1인가구동아리 “함께, 부평”",접수중,부평구에서 거주하는 청년 1인 가구의 사회적 관계망 형성을 돕고 우울감 및 일상의 무료함을 해소하기 위한 동아리 사업,전체,청년,부평구,부평구에서 거주하는 청년 1인 가구의 사회적 관계망 형성을 돕고 우울감 및 일상의 무료함을 해소하기 위한 동아리 사업,2026. 3 ~ 2026. 12,"1순위 : 부평구 내 다양한 장소들 방문(음식점&카페, 공원산책, 영화관람, 미술관/박물관 방문 등) 및 나들이 진행
2순위 : 이외 회원들이 건의하는 활동
기타 : 반기별 나들이 진행(평일 오전~오후 진행)
* 나들이의 경우 복지관 차량 지원 가능하며, 장소 및 시간은 추후 투표로 결정할 예정입니다.","- 부평지역에서 활동이 가능한 2030청년
- 20세~39세(2007년생~1987년생)",,2026-03-01 ~ 2026-12-31,부평중부종합사회복지관 홈페이지 QR코드 및 전화접수,부평중부종합사회복지관 / 032-528-4020,2026-03-20,https://www.incheon.go.kr/1in/OHH020108/view?oneHouseHoldId=A2026022000300200400700319
A2026022000300200400700320,OHH020101,정서,청년1인가구정서지원프로그램 ‘일행’,접수마감,청년1인가구를 대상으로 월 2회 요리활동 진행,전체,청년,인천광역시 전체,청년1인가구를 대상으로 월 2회 요리활동 진행,2026. 3. 19. ~ 2026. 12. 3.,요리 및 반찬나눔활동,인천시 거주 청년 1인가구(20세 이상 ~ 49세 이하),,2026-02-24 ~ 2026-03-16,부평중부종합사회복지관 방문접수 및 전화접수,부평중부종합사회복지관 / 032-528-4020,2026-03-20,https://www.incheon.go.kr/1in/OHH020108/view?oneHouseHoldId=A2026022000300200400700320
A2026010200300200400100294,OHH020101,정서,청년해봄(관계 속 피어나는 청년의 힘),접수중,사회적 고립·은둔 위험이 있는 청년 1인가구의 일상 회복과 사회적 관계 형성 지원 프로그램,전체,청년,중구,사회적 고립·은둔 위험이 있는 청년 1인가구의 일상 회복과 사회적 관계 형성 지원 프로그램,2026. 3. 1. ~ 2026. 12. 31.,"- 소그룹 모임으로 일상 이야기 나누기, 취미 활동 함께하기
- 외출이 어려운 참여자를 위한 소규모·단계적 참여 활동 및 구성
- 필요 시 상담기관·정신건강 유관기관 연계",인천 중구 원도심 거주 청년 1인가구(만19세~만39세),,2026-01-01 ~ 2026-11-30,전화 및 방문 상담 후 참여,성.미가엘종합사회복지관 지역조직팀 / 032-766-0981,2026-03-20,https://www.incheon.go.kr/1in/OHH020108/view?oneHouseHoldId=A2026010200300200400100294
A2026040300300200400100372,OHH020101,정서,해드리오_도자기 클래스 1,접수마감,'기억의 음식'을 주제로 나만의 도자기를 만드는 문화예술 프로그램 입니다.,전체,전체,중구,'기억의 음식'을 주제로 나만의 도자기를 만드는 문화예술 프로그램 입니다.,2026-05-01~2026-05-22,"도예 기법 학습, 도예 실습 및 작품 제작","인천 중구 거주 청·중장년 1인가구 8명
(※ 전 회차 참여 가능자 우선 선발, 선착순 접수)",,2026-04-06 ~ 2026-05-22,QR신청,중구가족센터 032)752-2722,2026-03-20,https://www.incheon.go.kr/1in/OHH020108/view?oneHouseHoldId=A2026040300300200400100372
A2026040300300200400100373,OHH020101,정서,해드리오_도자기 클래스 2,접수마감,'기억의 음식'을 주제로 나만의 도자기를 만드는 문화예술 프로그램 입니다.,전체,전체,중구,'기억의 음식'을 주제로 나만의 도자기를 만드는 문화예술 프로그램 입니다.,2026-05-29~2026-06-19,"○ 장소 : 모토도자공방 (공방으로 직접 방문)
○ 일정 및 활동내용 :
- 2026.5.29.(금) 16:00~18:00 (기억의 음식 나누기, 도예 기초를 통한 찻잔/술잔 제작)
- 2026.6.5.(금) 16:00~18:00 (코일링 기법으로 그릇 제작)
- 2026.6.12.(금) 16:00~18:00 (판기법·눌러찍기를 통한 접시 제작)
- 2026.6.19.(금) 16:00~18:00 (연리문 기법으로 마블링 접시 제작)","인천 중구 거주 청·중장년 1인가구 8명 (※ 전 회차 참여 가능자 우선 선발, 선착순 접수)",,2026-04-06 ~ 2026-06-19,QR신청,중구가족센터 032)752-2722,2026-03-20,https://www.incheon.go.kr/1in/OHH020108/view?oneHouseHoldId=A2026040300300200400100373
A2026061500300200400000387,OHH020101,정서,힐링토크콘서트 「마음 On Air」,접수마감,"1인가구, 중장년 등 외로운 시민을 위한 토크콘서트",전체,전체,인천광역시 전체,"1인가구, 중장년 등 외로운 시민을 위한 토크콘서트",2026-07-09,"인천광역시자살예방센터에서
1인가구 및 중장년 등 외로움을 느끼는 시민과 함께하는
힐링토크콘서트 「마음 On Air」를 개최합니다.
✅ 「마음 On Air」
▶​ 일시: 2026년 7월 9일(목) 15:00 ~ 17:00
▶​ 장소: 제물포스마트타운 1층 신중년 아지트 커뮤니티홀
▶​ 순서
- On Air 1부(15:00 ~ 15:55) 김혜민 작가 미니강연
- On Air 2부(16:05 ~ 16:30) 사연 및 경험나눔
- On Air 3부(16:30 ~ 17:00) 위로와 힐링의 노래
✅ 신청 안내
▶​ 신청기간: 2026년 6월 15일(월) ~ 6월 28일(일)
▶​ 대 상: 1인가구 및 중장년 등 인천시민
▶​ 참석인원: 선착순 40명
※많은 분들을 모시기 어려워, 선착순으로 모집함을 양해바랍니다.
▶​ 참여링크 : https://forms.gle/LAbVYF3qTU2Z2uoR9
♧ 참석신청과 함께 2부 사연나눔 시간에 함께 나눌 귀하의 마음을 들려주세요
♧​​​ 사연이 채택되시면 2부 힐링토크콘서트 초대장과, 행사일 소정의 선물을 드립니다~^^",1인가구 및 중장년 등 인천시민,,2026-06-15 ~ 2026-06-28,https://forms.gle/LAbVYF3qTU2Z2uoR9,인천광역시자살예방센터 ☎ 032-468-9917 (내선 1),2026-03-20,https://www.incheon.go.kr/1in/OHH020108/view?oneHouseHoldId=A2026061500300200400000387
A2026022600300200400200342,OHH020102,주거,2026년 동 지역사회보장협의체 활성화 사업 「1인가구 가사경감 클린(Clean) 주방 사업」,접수마감,거동 불편 노인 및 장애인 1인 가정에 음식물 처리기를 지원하여 가사 부담 경감 및 위생적인 주거 환경 조성,전체,노년,동구,거동 불편 노인 및 장애인 1인 가정에 음식물 처리기를 지원하여 가사 부담 경감 및 위생적인 주거 환경 조성,2026. 3. ~ 2026. 10.,"- 1인가구 맞춤형 음식물 처리기 지원
- 사후 관리 및 사용 확인을 통한 안부 모니터링","동구 송림4동 거주, 거동 불편 저소득 노인 및 장애인, 1인가구",,2026-03-01 ~ 2026-04-30,동구 송림4동 행정복지센터 찾아가는 보건복지팀으로 문의,동구 송림4동 행정복지센터 찾아가는 보건복지팀 / ☎ 032-760-4975,2026-03-20,https://www.incheon.go.kr/1in/OHH020108/view?oneHouseHoldId=A2026022600300200400200342
A2026061500300200400000388,OHH020102,주거,2026년 찾아가는 청년주거상담소,접수마감,"주거교육을 희망하는 청년층을 대상으로 부동산 계약, 주택도시기금 대출, 공공·민영주택 청약 등 청년층이 필요로 하는 주거정책 및 관련 정보를 제공",전체,청년,인천광역시 전체,"주거교육을 희망하는 청년층을 대상으로 부동산 계약, 주택도시기금 대출, 공공·민영주택 청약 등 청년층이 필요로 하는 주거정책 및 관련 정보를 제공",2026-06-18,"행사일시 : 2026. 6. 18.(목) 14:00 ~ 16:00
행사장소 : 인천광역시청 본관 2층 대회의실
행사일정
- 14:00 ~14:05(5‘) : 개회 및 프로그램 안내, 국토부
- 14:05 ~14:25(20‘) : 사회초년생을 위한 부동산 계약 교육, 자문위원(공인중개사)
- 14:25 ~14:45(20‘) : 부동산 금융 및 전세사기 방지 교육, 주택도시보증공사
- 14:45 ~15:05(20‘) : 공공주택‧청약 관련 교육, 한국토지주택공사
- 15:05 ~15:25(20‘) : 민영주택‧청약 관련 교육, 한국부동산원
- 15:25 ~15:55(30‘) : 분야별 주거상담(청약, 전세사기, 금융), 각 분야 강사
- 15:55 ~16:00(5‘) : 단체사진 촬영 및 폐회, 참석자 전원",18~39세 청년 누구나,100명,2026-06-09 ~ 2026-06-16,인천청년포털에서 신청,"국토교통부, 인천광역시(032-440-4174)",2026-03-20,https://www.incheon.go.kr/1in/OHH020108/view?oneHouseHoldId=A2026061500300200400000388
A2026010200300200401000262,OHH020102,주거,"[행복 동행 사업] 셀프집수리 ""내집에 손 좀 보겠습니다""",접수마감,스스로 주거환경을 개선하고 관리하는 역량강화,전체,전체,강화군,스스로 주거환경을 개선하고 관리하는 역량강화,2026. 6. 13. ~ 2026. 7. 25.,"- 간단한 수리, 정비, 관리, 생활 팁 실습
- 직접체험하며 배우는 실습중심의 주거교육",강화군 관내거주 1인가구,,2026-06-01 ~ 2026-06-12,강화군가족센터 홈페이지 신청,강화군가족센터 / 032-933-0980,2026-03-20,https://www.incheon.go.kr/1in/OHH020108/view?oneHouseHoldId=A2026010200300200401000262
A2026040300300200400500370,OHH020102,주거,"다시, 일상",접수마감,청·중장년 고립가구 일상회복 지원사업,전체,중장년,연수구,청·중장년 고립가구 일상회복 지원사업,2026-05-04~2026-11-30,"일상회복프로그램(주거환경개선, 정리정돈 코칭), 생활안정물품지원 등",연수구민 청·중장년 1인 및 돌봄필요가구 8가정,,2026-03-30 ~ 2026-04-30,세화종합사회복지관 유선접수,세화종합사회복지관 032)813-2790~4,2026-03-20,https://www.incheon.go.kr/1in/OHH020108/view?oneHouseHoldId=A2026040300300200400500370
A2026010200300200400000286,OHH020102,주거,인천형 청년월세 지원사업,접수마감,경제적 어려움을 겪고 있는 청년층 월세 지원을 통한 주거비 부담 완화,전체,청년,인천광역시 전체,경제적 어려움을 겪고 있는 청년층 월세 지원을 통한 주거비 부담 완화,2026. 1. ~ 12.,1인당 월 최대 20만원씩 최장 24개월(회) 월세 지원,"인천 19세~39세 이하 부모님과 별도 거주 무주택 청년
- 소득기준 : (원가구) 기준 중위소득 100%이하이면서 (청년가구) 기준 중위소득 60%이하
- 재산기준 : (원가구) 재산 470백만원 이하이면서 (청년가구) 재산 122백만원 이하
- 전입신고 필수",,2026-03-30 ~ 2026-05-29,"복지로(19~34세), 인천청년포털(35~39세)을 통한 온라인신청
또는 관할 행정복지센터 방문 신청","관할 구청(행정복지센터), 미추홀콜센터(032-120), 국토부 콜센터(1599-0001)",2026-03-20,https://www.incheon.go.kr/1in/OHH020108/view?oneHouseHoldId=A2026010200300200400000286
A2026071300300200400500476,OHH020102,주거,청·중장년 고립가구 일상회복 지원사업,접수중,청·중장년 고립가구 생활개선 지원 및 고독·고립 예방 관리,전체,중장년,연수구,청·중장년 고립가구 생활개선 지원 및 고독·고립 예방 관리,2026. 5. ~ 2026. 11.,"청·중장년 고립가구 생활개선을 통한 일상회복 지원
- 주거환경개선 지원 및 청소·정리정돈 코칭
- 생활안정물품 지원
- 정리정돈 유지 및 실천방법 역량강화교육
- 참여자 간담회",고립위험이 있는 청·중년 고립가구 8명,,2026-05-01 ~ 2026-12-31,세화종합사회복지관 내방 및 유선 신청,세화종합사회복지관 서비스제공2팀 / 032-813-2790~4,2026-03-20,https://www.incheon.go.kr/1in/OHH020108/view?oneHouseHoldId=A2026071300300200400500476
A2026072000300200400000482,OHH020102,주거,청년 임대주택 공급,접수중,저소득층 청년에게 저렴한 임대료의 임대주택을 공급하여 주거환경 개선 및 주거안정에 기여,전체,청년,인천광역시 전체,저소득층 청년에게 저렴한 임대료의 임대주택을 공급하여 주거환경 개선 및 주거안정에 기여,2026. 1. ~ 12.,"공공주택사업자(iH,LH)가 기존주택을 매입하여 시세 대비 저렴한 임대료로 저소득층 무주택 미혼 청년에게 공급","수급자, 한부모가족, 차상위계층, 자립준비청년 등 무주택 미혼 19세 이상 39세 이하 청년",,2026-01-01 ~ 2026-12-31,"신청기간은 모급공고문 확인(관련 사이트 참조)
인천도시공사(방문접수), LH(PC 또는 모바일)",인천도시공사(☎ 1522-0072) 한국토지주택공사(☎ 1600-1004),2026-03-20,https://www.incheon.go.kr/1in/OHH020108/view?oneHouseHoldId=A2026072000300200400000482
A2026010200300200400000285,OHH020102,주거,청년 주택임차보증금 이자 지원,접수마감,인천 청년들의 주거비용 부담 완화와 안정적인 주거생활 지원을 위한 임차보증금 대출이자 지원,전체,청년,인천광역시 전체,인천 청년들의 주거비용 부담 완화와 안정적인 주거생활 지원을 위한 임차보증금 대출이자 지원,2026. 1. ~ 12.,"(지원내용)대출한도 최대 1억원 이내, 대출이자 연 최대 3.5% 지원
- 1자녀 이상가구 : 연 3.5%, 그 외 가구 연 3.0% 지원
(대출기간)2년 이내, 최장 4년(2년 범위 내 1회 연장가능, 만기시 일시 상환)","(기본)19~39세 이하의 무주택 청년세대주로 인천시에 주소를 두거나, 인천시로 전입예정인 자
(소득) 본인 연소득 6천만원(부부합산 연소득 8천만원) 이하
(주택) 전세·보증부월세 임차보증금 2.5억원 이하 주택",,2026-05-11 ~ 2026-05-11,인천청년포털 온라인 신청,미추홀콜센터 / 032-120,2026-03-20,https://www.incheon.go.kr/1in/OHH020108/view?oneHouseHoldId=A2026010200300200400000285
A2026072000300200401200483,OHH020102,주거,클린하우스 만들기,접수중,주거환경 개선이 필요한 중장년을 위한 1인가구 및 취약계층 청소·방역·소독 서비스 지원,전체,중장년,제물포구,주거환경 개선이 필요한 중장년을 위한 1인가구 및 취약계층 청소·방역·소독 서비스 지원,2026. 7. ~ 2026. 12.,주거환경 개선이 필요한 중장년을 위한 1인가구 및 취약계층 청소·방역·소독 서비스 지원,제물포구 거주 주거취약 계층(중장년 1인가구 포함),,2026-07-20 ~ 2026-12-31,제물포구 각 동 행정복지센터,"제물포구 복지정책과 / 032-770-6612, 인천제물포구지역자활센터 / 032-761-0766",2026-03-20,https://www.incheon.go.kr/1in/OHH020108/view?oneHouseHoldId=A2026072000300200401200483
A2023121300300200400000074,OHH020103,안전,AI 안부확인 돌봄서비스,접수중,1인가구 AI 케어콜 돌봄서비스를 통한 위기가구 조기발굴 및 고독사 예방,전체,전체,인천광역시 전체,1인가구 AI 케어콜 돌봄서비스를 통한 위기가구 조기발굴 및 고독사 예방,2026. 1. ~ 12.,"○ 지원대상 : 고독사 고위험군 1인가구
○ 지원내용 : AI 통화료 및 플랫폼 사용료
○ 사업내용
- AI가 주1회 자동 전화 후 담당자에게 통화결과를 리포트하며 그 결과는 케어콜 시스템으로 체계적 관리
- 이상징후(통화기록이 없거나 말이 없는 사람 등)가 있는 대상자에게 담당자가 개별 연락하여 상황 확인 및 조치",고독사 고위험군 1인가구,,2026-01-01 ~ 2026-12-31,거주지 관할 읍면동 주민센터,인천광역시 외로움정책과,2026-03-20,https://www.incheon.go.kr/1in/OHH020108/view?oneHouseHoldId=A2023121300300200400000074
A2023121300300200400700047,OHH020103,안전,[행복 동행 사업] 1인가구 안심홈세트지원,접수마감,가정용 보안용품 지원을 통한 주거 안전 지원,전체,전체,부평구,가정용 보안용품 지원을 통한 주거 안전 지원,2026-07-01~2026-07-31,가정용 보안용품 지원,"인천시 거주 1인가구
*부평구 거주자 우선 선정
*안전취약계층(여성1인가구, 노인1인가구, 보호종료아동) 우선 선정",,2026-07-01 ~ 2026-07-31,"부평구건강가정지원센터 홈페이지에서 신청 서류 다운로드
1. 메일 접수(icfamily0101@hanmail.net)
2. 센터 방문 접수(부평구 부영로 161, 주안빌딩 502호)",인천부평구건강가정지원센터 가족사업팀 / 070-4827-1936,2026-03-20,https://www.incheon.go.kr/1in/OHH020108/view?oneHouseHoldId=A2023121300300200400700047
A2026022400300200400000339,OHH020103,안전,노인맞춤돌봄서비스,접수중,독거어르신을 위한 돌봄서비스 제공,전체,노년,인천광역시 전체,독거어르신을 위한 돌봄서비스 제공,2026. 1. 1. ~ 2026. 12. 31.,"· 안전지원 : 방문·전화를 통한 안부확인, 정보제공, 말벗
· 사회참여 : 대면프로그램(사회관계향상 프로그램, 자조모임 등) 참여
· 생활교육 : 신체건강·정신건강분야 생활교육
· 일상생활지원 : 외출동행, 가사지원(중점돌봄군 한정)
· 퇴원환자서비스(신규) : 영양지원, 가사지원, 동행지원 서비스","만 65세 이상 국민기초생활수급자, 차상위계층, 기초연금수급자로서, 독거·조손·고령부부 등 신체적, 경제적, 정신적인 어려움을 겪어 돌봄이 필요한 노인",,2026-01-01 ~ 2026-12-31,주민등록상 주소지 읍·면·동 행정복지센터에 전화·우편·팩스·온라인(복지로) 신청,인천광역시 통합돌봄과,2026-03-20,https://www.incheon.go.kr/1in/OHH020108/view?oneHouseHoldId=A2026022400300200400000339
A2023121300300200400000079,OHH020103,안전,독거노인·장애인 응급안전안심서비스,접수중,"댁내에 안전확인 장비를 설치하여 안전 확인, 119 응급호출",전체,노년,인천광역시 전체,"댁내에 안전확인 장비를 설치하여 안전 확인, 119 응급호출",2026. 1. 1. ~ 2026. 12. 31.,독거노인 장애인에게 댁내 장비를 설치하여 실시간 안전확인을 통해 응급상황 발생 시 신속한 대응,"(독거노인) 소득과 관계없이 실제로 혼자 살고 있는 65세 이상 노인
(노인 2인 가구) 기초생활 수급자, 차상위, 기초연금수급자 중
① 한명이 질환(당뇨, 혈압, 뇌졸중 및 치매 등)을 앓고 있거나 거동이 불편한 경우
② 모두 75세 이상인 경우
(조손가구) 노인과 손·자녀(24세 이하)로만 구성된 가구 중
① 노인 1인 및 손·자녀 : 독거노인 기준과 동일
② 노인 2인 및 손·자녀 : 노인 2인 가구 기준과 동일
(장애인 가구) 장애인활동지원 수급자이면서 독거 또는 취약가구에 해당하는 장애인",,2026-01-01 ~ 2026-12-31,"읍·면·동 행정복지센터, 지역센터에 방문·전화·우편·팩스 신청",인천광역시 통합돌봄과,2026-03-20,https://www.incheon.go.kr/1in/OHH020108/view?oneHouseHoldId=A2023121300300200400000079
A2026010200300200400900280,OHH020103,안전,독거노인·장애인 응급안전안심서비스,접수중,댁내에 안전확인 센서를 설치하여 실시간 안전 확인,전체,노년,서구,댁내에 안전확인 센서를 설치하여 실시간 안전 확인,2026. 1. 1. ~ 2026. 12. 31.,"독거노인·장애인에게 응급구조, 구급을 위한 댁내장비를 설치하고 실시간 안전확인을 통해 응급상황 발생 시 신속한 대응","- (독거노인) 소득과 관계없이 실제로 혼자 살고 있는 65세
이상의 노인
- (노인2인가구) 기초생활수급자, 차상위 또는 기초연금
수급자인 가구 중
① 한 명이 질환(당뇨, 혈압, 뇌졸중 및 치매 등)
② 모두 75세 이상인 경우
- (조손가구) 노인과 손자녀(24세 미만)으로 구성된 가구 중
① 노인 1인 및 손자녀 : 독거가구 기준과 동일
② 노인 2인 및 손자녀 : 노인 2인 가구 기준과 동일
- (장애인 가구) 장애인활동지원 수급자이면서 독거 또는
취약가구에 해당하는 장애인",,2026-01-01 ~ 2026-12-31,문의처로 전화 신청,서구노인복지관 / 032-251-9479,2026-03-20,https://www.incheon.go.kr/1in/OHH020108/view?oneHouseHoldId=A2026010200300200400900280
A2026063000300200401400471,OHH020103,안전,독거노인·장애인 응급안전안심서비스,접수중,댁내에 안전확인 센서를 설치하여 실시간 안전 확인,전체,노년,서구,댁내에 안전확인 센서를 설치하여 실시간 안전 확인,2026. 1. 1. ~ 2026. 12. 31.,"독거노인·장애인에게 응급구조, 구급을 위한 댁내장비를 설치하고 실시간 안전확인을 통해 응급상황 발생 시 신속한 대응","- (독거노인) 소득과 관계없이 실제로 혼자 살고 있는 65세
이상의 노인
- (노인2인가구) 기초생활수급자, 차상위 또는 기초연금
수급자인 가구 중
① 한 명이 질환(당뇨, 혈압, 뇌졸중 및 치매 등)
② 모두 75세 이상인 경우
- (조손가구) 노인과 손자녀(24세 미만)으로 구성된 가구 중
① 노인 1인 및 손자녀 : 독거가구 기준과 동일
② 노인 2인 및 손자녀 : 노인 2인 가구 기준과 동일
- (장애인 가구) 장애인활동지원 수급자이면서 독거 또는
취약가구에 해당하는 장애인",,2026-01-01 ~ 2026-12-31,문의처로 전화 신청,서구노인복지관 / 032-251-9479,2026-03-20,https://www.incheon.go.kr/1in/OHH020108/view?oneHouseHoldId=A2026063000300200401400471
A2023121300300200400000073,OHH020103,안전,돌봄플러그,접수중,고독사 고위험군 1인가구의 가전제품에 부착한 스마트 플러그에서 일정시간 미사용 감지 시 실시간 안전확인 및 신속대응,전체,전체,인천광역시 전체,고독사 고위험군 1인가구의 가전제품에 부착한 스마트 플러그에서 일정시간 미사용 감지 시 실시간 안전확인 및 신속대응,2026. 1. ~ 12.,"○ 지원대상 : 고독사 고위험군 1인가구
○ 지원내용 : 돌봄플러그 기기 설치·운영비
○ 사업내용
- TV 등 가전제품에 부착한 스마트 돌봄플러그에서 일정시간 미사용 감지 시 담당자에게 메시지 발송
- 돌봄플러그를 활용한 전력량 및 조도 변화 추이 확인으로 긴급상황에 신속 대응",고독사 고위험군 1인가구,,2026-01-01 ~ 2026-12-31,거주지 읍면동 행정복지센터,인천광역시 외로움정책과,2026-03-20,https://www.incheon.go.kr/1in/OHH020108/view?oneHouseHoldId=A2023121300300200400000073
A2026062500300200400400392,OHH020103,안전,미추홀구 여성안심드림(Dream),접수마감,"- 여성 1인가구 안심장비(현관 도어가드) 지원
- 여성 1인 점포 비상벨 지원",여성,전체,미추홀구,"- 여성 1인가구 안심장비(현관 도어가드) 지원
- 여성 1인 점포 비상벨 지원",2026.6.25.~7.24.,,미추홀구 관내 여성 1인가구 10가구 / 여성 1인점포 20점포,,2026-06-25 ~ 2026-07-24,미추홀구 홈페이지,미추홀구청(032-880-7315),2026-03-20,https://www.incheon.go.kr/1in/OHH020108/view?oneHouseHoldId=A2026062500300200400400392
A2026062600300200400700393,OHH020103,안전,부평구 여성안심드림(Dream),접수마감,여성1인가구 및 여성1인점포 안심장비 지,여성,전체,부평구,여성1인가구 및 여성1인점포 안심장비 지,2026.06.08.~2026.07.03.,"1인가구 : 안심도어가드 또는 안심홈세트
1인점포 : 안심비상벨",부평구 관내 여성 1인가구 또는 여성 1인점포,,2026-06-08 ~ 2026-07-03,"- 방 문 : 부평구청 신관 4층 여성가족과 (평일 09:00~18:00, 점심시간(12:00~13:00) 및 공휴일 제외)
- e메일 : 담당자 이메일 canell@korea.kr (제목:여성안심드림사업 신청)로 신청서 제출",부평구청 여성가족과 성평등정책팀(☏032-509-3972),2026-03-20,https://www.incheon.go.kr/1in/OHH020108/view?oneHouseHoldId=A2026062600300200400700393
A2023121300300200400000078,OHH020103,안전,안심폰 지원사업,접수중,안심폰 지급을 통한 안부확인 및 정서지원,전체,노년,인천광역시 전체,안심폰 지급을 통한 안부확인 및 정서지원,2026. 1. 1. ~ 2026. 12. 31.,"독거어르신에게 안심폰을 지원하여 생활지원사 연계를 통한 안전모니터링 및 정서 지원
※ 안심폰 주요 기능 : 온도·습도·유해가스·움직임 감지, 119 및 생활지원사 원터치 호출, 음성·영상 통화, 음악감상, AI 활용 말벗 서비스, 일정알림(복약지도), 건강 컨텐츠 제공",노인맞춤돌봄서비스 이용자 중 안전확인필요 취약노인,,2026-01-01 ~ 2026-12-31,노인맞춤돌봄서비스 지역 수행기관 신청,인천광역시 통합돌봄과,2026-03-20,https://www.incheon.go.kr/1in/OHH020108/view?oneHouseHoldId=A2023121300300200400000078
A2026021200300200400000297,OHH020103,안전,여성안심드림(Dream),접수중,범죄에 취약한 여성 1인가구 및 여성 1인 점포에 범죄예방 안심장비 제공,여성,전체,계양구,범죄에 취약한 여성 1인가구 및 여성 1인 점포에 범죄예방 안심장비 제공,2026.5.~12.,"- 여성 1인가구 : 안심홈세트(cctv, 스마트초인종 등) 또는 도어가드 지원
- 여성 1인점포 : 안심비상벨 설치, 신고 시 경찰 즉시 출동","여성 1인가구 및 점포(범죄·폭력피해자, 저소득가구 우선)",,2026-05-01 ~ 2026-12-31,"주소지 군·구(여성·가정부서) 문의 및 접수
※ 계양구 제외",인천광역시 여성정책과,2026-03-20,https://www.incheon.go.kr/1in/OHH020108/view?oneHouseHoldId=A2026021200300200400000297
A2026070600300200401100474,OHH020104,건강,1인가구 요리프로그램,접수마감,"함께 만들고, 나누고, 정리까지!
전 과정 체험형 요리교실",전체,중장년,옹진군,"함께 만들고, 나누고, 정리까지!
전 과정 체험형 요리교실",2026-07-15,,1인가구 청장년,8명,2026-07-01 ~ 2026-07-15,,옹진군가족센터 070-8832-5121,2026-03-20,https://www.incheon.go.kr/1in/OHH020108/view?oneHouseHoldId=A2026070600300200401100474
A2026010200300200401100283,OHH020104,건강,1인가구 요리프로그램(청장년),접수마감,"만들고, 나누고, 함께 식사 후 정리까지
전 과정 체험형 요리교육",전체,전체,옹진군,"만들고, 나누고, 함께 식사 후 정리까지
전 과정 체험형 요리교육",2026-05-28,1인가구 정서지원 및 따뜻한 이웃 공동체 만들기(요리교실),1인가구 청년&중장년 8명,,2026-05-14 ~ 2026-05-28,옹진군 가족센터 홈페이지 신청,옹진군 가족센터 / 070-8832-5121,2026-03-20,https://www.incheon.go.kr/1in/OHH020108/view?oneHouseHoldId=A2026010200300200401100283
A2026040100300200401100354,OHH020104,건강,1인가구 요리프로그램(청장년),접수마감,"만들고, 나누고, 함께 식사 후 정리까지
전 과정 체험형 요리교육",전체,전체,옹진군,"만들고, 나누고, 함께 식사 후 정리까지
전 과정 체험형 요리교육",2026-04-15,,1인가구 청년&중장년(8명),,2026-04-01 ~ 2026-04-15,,옹진군가족센터(070-8832-5121),2026-03-20,https://www.incheon.go.kr/1in/OHH020108/view?oneHouseHoldId=A2026040100300200401100354
A2026022300300200400600333,OHH020104,건강,1인가구 중장년 남성모임 ‘한솥밥 친구’,접수마감,인천 내 중장년 대상 요리활동을 통한 1인가구 사회적 교류 증진,남성,중장년,인천광역시 전체,인천 내 중장년 대상 요리활동을 통한 1인가구 사회적 교류 증진,2026.03.~ 2026.10.,"요리활동, 지역나눔활동, 특별활동(나들이, 역량강화 등)",인천시 내 1인가구 중장년(40~68세) 남성,,2026-03-09 ~ 2026-03-20,복지관 전화 문의,만수종합사회복지관 사례관리팀 / 032-463-8161,2026-03-20,https://www.incheon.go.kr/1in/OHH020108/view?oneHouseHoldId=A2026022300300200400600333
A2026010200300200400600270,OHH020104,건강,[중장년 1인가구] 건강밥상 만들기,접수마감,중장년을 위한 1인가구 커뮤니티 지원 사업,전체,중장년,남동구,중장년을 위한 1인가구 커뮤니티 지원 사업,2026. 5. 30. ~ 2026. 9. 12.,중장년 1인가구의 식생활 개선 및 사회적 관계망 형성 프로그램,남동구 거주 중장년 1인가구(만40세 이상 ~ 만65세 이하),,2026-05-11 ~ 2026-05-25,남동구가족센터 홈페이지 프로그램 신청,남동구가족센터 / 032-467-3904,2026-03-20,https://www.incheon.go.kr/1in/OHH020108/view?oneHouseHoldId=A2026010200300200400600270
A2026010200300200400600269,OHH020104,건강,[청년 1인가구] 복싱교실,접수마감,청년 1인가구를 위한 정신건강 프로그램,전체,청년,남동구,청년 1인가구를 위한 정신건강 프로그램,2026. 4. 1. ~ 2026. 5. 20.,기초 복싱 동작 훈련을 통한 신체활동 증진 및 스트레스 완화 프로그램,청년 1인가구(만19세 이상~ 만39세 이하),,2026-03-04 ~ 2026-03-20,구글링크 접수(QR코드),남동구가족센터 / 070-4522-8027,2026-03-20,https://www.incheon.go.kr/1in/OHH020108/view?oneHouseHoldId=A2026010200300200400600269
A2023121300300200400700048,OHH020104,건강,[행복 동행 사업] 1인가구 웰니스 프로그램,접수마감,1인가구 건강 증진 프로그램,전체,전체,부평구,1인가구 건강 증진 프로그램,2026-05-01~2026-07-24,"요가, 스트레스 관리, 정서 지원 프로그램","부평구 생활권 1인가구 10명
*부평구 거주자 우선 선정",,2026-04-16 ~ 2026-04-30,부평구건강가정지원센터 홈페이지를 통해 신청,인천부평구건강가정지원센터 가족사업팀 / 070-4827-1936,2026-03-20,https://www.incheon.go.kr/1in/OHH020108/view?oneHouseHoldId=A2023121300300200400700048
A2026072200300200400500485,OHH020104,건강,[행복 동행 사업] 1인가구 중장년 수다살롱 나래필라,접수마감,중장년 여성 1인가구의 건강 증진 및 사회적 관계망 형성을 위한 소모임 운영,여성,중장년,연수구,중장년 여성 1인가구의 건강 증진 및 사회적 관계망 형성을 위한 소모임 운영,2026. 8. 1. ~ 2026. 10. 8.,"중장년 여성 1인가구의 건강 증진 및 건강한 생활습관 형성을 위한 필라테스 프로그램 운영.
운동 전 티타임을 통해 참여자 간 소통과 교류를 활성화하고 사회적 관계망 형성 및 정서적 지지 도모",인천시 거주 중장년 여성 1인가구(만 40세~64세 이하),,2026-07-13 ~ 2026-07-24,유선 연락 및 연수구가족센터 홈페이지 신청,연수구가족센터 상담사례관리팀 / 070-4412-0200,2026-03-20,https://www.incheon.go.kr/1in/OHH020108/view?oneHouseHoldId=A2026072200300200400500485
A2026010200300200400200273,OHH020104,건강,[행복 동행 사업] 1인가구 행복 동행사업 ‘행복한 건강밥상- on 쿡앤톡’,접수마감,요리 활동을 통한 노년 및 청년 1인가구의 식생활 개선과 사회적 교류 증진을 위한 프로그램,전체,전체,동구,요리 활동을 통한 노년 및 청년 1인가구의 식생활 개선과 사회적 교류 증진을 위한 프로그램,2026-03-05~2026-04-09,건강한 식생활 지원 및 사회적 지지체계 형성을 위한 1인 가구 대상 요리활동,"① 인천시 거주 노년 1인가구(만65세 이상)
② 인천시 거주 청년 1인가구(만19세~만39세)",,2026-02-01 ~ 2026-02-28,인천동구가족센터 홈페이지 ‘프로그램신청’ 탭 신청,인천동구가족센터 / 032-773-0297(1977),2026-03-20,https://www.incheon.go.kr/1in/OHH020108/view?oneHouseHoldId=A2026010200300200400200273
A2026010200300200401000260,OHH020104,건강,"[행복 동행 사업] 1인가구 행복한 건강 밥상 ""이심점심"" (1기)",접수마감,"1인가구 행복한 건강밥상-공동조리,식사를 통한 1인가구 식생활(혼밥)개선,스피드한끼(밀키트),약이되는 요리교실",전체,전체,강화군,"1인가구 행복한 건강밥상-공동조리,식사를 통한 1인가구 식생활(혼밥)개선,스피드한끼(밀키트),약이되는 요리교실",2026-03-09~2026-04-11,"공동조리와 식사를 통한 1인가구 식생활(혼밥)개선, 스피드 한끼(밀키트) 제작, 약이되는 요리교실 운영",강화군 관내거주 1인가구,,2026-03-03 ~ 2026-03-05,강화군가족센터 홈페이지 신청,강화군가족센터 / 032-933-0980,2026-03-20,https://www.incheon.go.kr/1in/OHH020108/view?oneHouseHoldId=A2026010200300200401000260
A2026040200300200401000355,OHH020104,건강,"[행복 동행 사업] 1인가구 행복한 건강 밥상 ""이심점심"" (2기)",접수마감,"1인가구 행복한 건강밥상-공동조리,식사를 통한 1인가구 식생활(혼밥)개선,스피드한끼(밀키트),약이되는 요리교실",전체,전체,강화군,"1인가구 행복한 건강밥상-공동조리,식사를 통한 1인가구 식생활(혼밥)개선,스피드한끼(밀키트),약이되는 요리교실",2026-08-10~2026-09-15,"공동조리와 식사를 통한 1인가구 식생활(혼밥)개선, 스피드 한끼(밀키트) 제작, 약이되는 요리교실 운영",강화군 거주 1인가구,,2026-07-24 ~ 2026-07-31,강화군가족센터 홈페이지 신청,강화군가족센터 / 032-933-0980,2026-03-20,https://www.incheon.go.kr/1in/OHH020108/view?oneHouseHoldId=A2026040200300200401000355
A2024031900300200400700209,OHH020104,건강,[행복 동행 사업] 1인가구 행복한 건강밥상,접수마감,1인가구 식생활 개선 프로그램,전체,전체,부평구,1인가구 식생활 개선 프로그램,2026. 3. 16. ~ 2026. 6. 26.,공동조리 및 식기공예,"부평구 생활권 청년 1인가구(만20세~만39세)
부평구 생활권 중장년, 노년 1인가구(만40세 이상)
*청년 10명, 중장년&노년 10명
*부평구 거주자 우선 선정",,2026-03-03 ~ 2026-03-13,부평구건강가정지원센터 홈페이지를 통해 신청,인천부평구건강가정지원센터 가족사업팀 / 070-4827-1936,2026-03-20,https://www.incheon.go.kr/1in/OHH020108/view?oneHouseHoldId=A2024031900300200400700209
A2026033100300200400000352,OHH020104,건강,[행복 동행 사업] 1인가구 행복한 건강밥상,접수중,(사업목적) 공동 조리·식사를 통한 1인가구 식생활(혼밥) 개선 및 사회적 교류 증진,전체,전체,강화군 | 동구 | 연수구 | 부평구 | 서구,(사업목적) 공동 조리·식사를 통한 1인가구 식생활(혼밥) 개선 및 사회적 교류 증진,연중,1인가구 식생활 개선 및 공동체형성을 위한 요리교실 운영,"인천시 거주 1인가구
- 강화군, 동구, 연수구, 부평구, 서구 가족센터",군구별 2개 이상 프로그램(연령 등 구분) 운영(프로그램별 4회기 내외),2026-01-01 ~ 2026-12-31,,"강화군 가족센터(032-932-1005), 동구 가족센터(032-773-0297), 연수구 가족센터(032-851-2740), 부평구 건강가정지원센터(032-508-0121), 서구 가족센터(032-569-1560)",2026-03-20,https://www.incheon.go.kr/1in/OHH020108/view?oneHouseHoldId=A2026033100300200400000352
A2026040300300200400500368,OHH020104,건강,[행복 동행 사업] 1인가구 행복한 건강밥상 (2기),접수마감,1인가구 식생활 개선 및 공동체 형성을 위한 요리교실 운영,전체,전체,연수구,1인가구 식생활 개선 및 공동체 형성을 위한 요리교실 운영,2026-06-30~2026-07-16,,연수구 거주 1인가구,,2026-06-01 ~ 2026-06-26,연수구가족센터 홈페이지 또는 방문 접수,연수구 가족센터 070-4412-0200,2026-03-20,https://www.incheon.go.kr/1in/OHH020108/view?oneHouseHoldId=A2026040300300200400500368
A2026051400300200400500383,OHH020104,건강,[행복 동행 사업] 1인가구 행복한 건강밥상(3기),접수예정,1인가구 식생활 개선 및 공동체 형성을 위한 요리교실 운영,전체,전체,연수구,1인가구 식생활 개선 및 공동체 형성을 위한 요리교실 운영,2026-10-01~2026-10-31,,연수구 거주 1인가구,,2026-09-01 ~ 2026-09-30,,연수구 가족센터 070-4412-0200,2026-03-20,https://www.incheon.go.kr/1in/OHH020108/view?oneHouseHoldId=A2026051400300200400500383
A2026022400300200400500337,OHH020104,건강,[행복 동행 사업] 1인가구 행복한 건강밥상[노년],접수마감,1인가구 식생활 개선 및 공동체 형성을 위한 요리교실 운영,전체,노년,연수구,1인가구 식생활 개선 및 공동체 형성을 위한 요리교실 운영,2026-05-26 ~ 2026-06-11,공동 조리.식사 및 푸드테라피,연수구 거주 만 65세 이상 1인가구,,2026-05-11 ~ 2026-05-21,연수구가족센터 홈페이지 또는 방문 접수,연수구가족센터070-4412-0200,2026-03-20,https://www.incheon.go.kr/1in/OHH020108/view?oneHouseHoldId=A2026022400300200400500337
A2026010200300200400900276,OHH020104,건강,[행복 동행 사업] 싱글生글 ‘프로집밥러’,접수마감,1인가구 요리코칭 프로그램,전체,전체,서구,1인가구 요리코칭 프로그램,2026-06-16 ~ 2026-07-18,쉽고 건강한 집밥 레시피부터 힐링하는 그릇 페이팅까지,"인천시 거주 1인가구 청년 10명, 중장년 10명
(서구 거주 1인가구 우선 선정)",,2026-05-01 ~ 2026-06-30,인천서구가족센터 홈페이지,인천서구가족센터 가족사업팀 / 032-569-1562,2026-03-20,https://www.incheon.go.kr/1in/OHH020108/view?oneHouseHoldId=A2026010200300200400900276
A2026063000300200401400467,OHH020104,건강,[행복 동행 사업] 싱글生글 ‘프로집밥러’,접수마감,1인가구 요리코칭 프로그램,전체,전체,서구,1인가구 요리코칭 프로그램,2026-06-16 ~ 2026-07-18,쉽고 건강한 집밥 레시피부터 힐링하는 그릇 페이팅까지,"인천시 거주 1인가구 청년 10명, 중장년 10명
(서구 거주 1인가구 우선 선정)",,2026-05-01 ~ 2026-06-30,인천서구가족센터 홈페이지,인천서구가족센터 가족사업팀 / 032-569-1562,2026-03-20,https://www.incheon.go.kr/1in/OHH020108/view?oneHouseHoldId=A2026063000300200401400467
A2026010200300200400900275,OHH020104,건강,[행복 동행 사업] 싱글생글 프로댄싱러 1기,접수마감,1인가구 K-POP 댄스 프로그램,전체,전체,서구,1인가구 K-POP 댄스 프로그램,2026. 3. 20. ~ 2026. 4. 24.,"스트레칭 및 댄스 기본기 배워보기
K-POP 안무 배워보기",인천 서구생활권 1인가구,,2026-02-25 ~ 2026-04-24,인천서구가족센터 홈페이지 프로그램 신청 참고,인천서구가족센터 가족사업팀 / 032-569-1562,2026-03-20,https://www.incheon.go.kr/1in/OHH020108/view?oneHouseHoldId=A2026010200300200400900275
A2026063000300200401400466,OHH020104,건강,[행복 동행 사업] 싱글생글 프로댄싱러 1기,접수마감,1인가구 K-POP 댄스 프로그램,전체,전체,서구,1인가구 K-POP 댄스 프로그램,2026. 3. 20. ~ 2026. 4. 24.,"스트레칭 및 댄스 기본기 배워보기
K-POP 안무 배워보기",인천 서구생활권 1인가구,,2026-02-25 ~ 2026-04-24,인천서구가족센터 홈페이지 프로그램 신청 참고,인천서구가족센터 가족사업팀 / 032-569-1562,2026-03-20,https://www.incheon.go.kr/1in/OHH020108/view?oneHouseHoldId=A2026063000300200401400466
A2026033100300200400900349,OHH020104,건강,[행복 동행 사업] 싱글생글 프로댄싱러 2기,접수마감,"1인가구 K-POP 댄스 프로그램
- 스트레칭 및 댄스 기본기 배워보기
- K-POP 안무 배워보기",전체,전체,서구,"1인가구 K-POP 댄스 프로그램
- 스트레칭 및 댄스 기본기 배워보기
- K-POP 안무 배워보기",2026-05-22~2026-06-26,,인천 서구생활권 1인가구,,2026-02-25 ~ 2026-06-26,,,2026-03-20,https://www.incheon.go.kr/1in/OHH020108/view?oneHouseHoldId=A2026033100300200400900349
A2026063000300200401400473,OHH020104,건강,[행복 동행 사업] 싱글생글 프로댄싱러 2기,접수마감,"1인가구 K-POP 댄스 프로그램
- 스트레칭 및 댄스 기본기 배워보기
- K-POP 안무 배워보기",전체,전체,서구,"1인가구 K-POP 댄스 프로그램
- 스트레칭 및 댄스 기본기 배워보기
- K-POP 안무 배워보기",2026-05-22~2026-06-26,,인천 서구생활권 1인가구,,2026-02-25 ~ 2026-06-26,,,2026-03-20,https://www.incheon.go.kr/1in/OHH020108/view?oneHouseHoldId=A2026063000300200401400473
A2026073100300200400500491,OHH020104,건강,[행복 동행 사업] 중장년 1인가구 수다살롱 [웰 다이브],접수마감,소그룹 동아지 활동 및 관계 형,전체,중장년,연수구,소그룹 동아지 활동 및 관계 형,2026-07-22 ~ 2026-09-30,,연수구 거주 또는 생활 만 40~64세 1인가구,5명,2026-07-28 ~ 2026-08-05,유선연락,연수구가족센터 070-4412-0200,2026-03-20,https://www.incheon.go.kr/1in/OHH020108/view?oneHouseHoldId=A2026073100300200400500491
A2026072200300200400500489,OHH020104,건강,[행복 동행 사업] 청년 1인가구 관계망 형성사업 관계ON 프로젝트,접수중,청년 1인 가구의 정서적 고립 예방과 또래 간 교류 활성화를 위한 단체운동(클라이밍) 프로그램 운영,전체,청년,연수구,청년 1인 가구의 정서적 고립 예방과 또래 간 교류 활성화를 위한 단체운동(클라이밍) 프로그램 운영,2026. 8. 18. ~ 2026. 10. 30.,스포츠 활동을 매개로 청년 1인가구의 건강 증진과 참여자 간 사회적 관계망 형성 지원,인천시 거주 청년 1인가구(만 19세 이상~39세 이하),,2026-08-06 ~ 2026-08-17,유선 연락 및 연수구가족센터 홈페이지 신청,연수구가족센터 상담사례관리팀 / 070-4412-0200,2026-03-20,https://www.incheon.go.kr/1in/OHH020108/view?oneHouseHoldId=A2026072200300200400500489
A2026072200300200400500488,OHH020104,건강,[행복 동행 사업] 행복한 건강밥상(청년),접수예정,청년 1인가구의 건강한 식생활 지원과 올바른 식습관 형성을 위한 요리 프로그램 운영,전체,청년,연수구,청년 1인가구의 건강한 식생활 지원과 올바른 식습관 형성을 위한 요리 프로그램 운영,2026. 9. 9. ~ 2026. 10. 14.,1인가구 식생활 개선 및 공동체 형성을 위한 요리교실 운영,인천시 거주 청년 1인가구(만 19세 이상 ~ 39세 이하),,2026-08-19 ~ 2026-09-08,유선 연락 및 연수구가족센터 홈페이지 신청,연수구가족센터 상담사례관리팀 / 070-4412-0200,2026-03-20,https://www.incheon.go.kr/1in/OHH020108/view?oneHouseHoldId=A2026072200300200400500488
A2026022600300200400200343,OHH020104,건강,건강하게 나 혼자 산다,접수마감,남성 취약계층 1인 가구 건강 관리 능력 증진 및 자립 지원,남성,노년,제물포구,남성 취약계층 1인 가구 건강 관리 능력 증진 및 자립 지원,2026-03-18~2026-06-30,"- 노년기 맞춤형 영양 교육(1회)
- 노년기 맞춤형 운동 교육(1회)
- 만성질환 예방 요리 교실(3회)
- 노년기 정신건강 교육(1회)","만석동 거주 남성 취약계층 1인 가구(만 65세 이상)
- 기초생활수급자, 차상위, 장애인",,2026-02-23 ~ 2026-03-17,만석동 행정복지센터 내방 및 전화 신청,만석동 행정복지센터 찾아가는 보건복지팀 / 032-760-4953,2026-03-20,https://www.incheon.go.kr/1in/OHH020108/view?oneHouseHoldId=A2026022600300200400200343
A2026010200300200400100291,OHH020104,건강,근육연금,접수중,60세이상 1인가구 신체 활동,전체,노년,영종구,60세이상 1인가구 신체 활동,2026-04-15 ~ 2026-11-11,"- 신체활동을 통한 스트레스 관리
- 숟가락 난타, 웃음 건강 체조, 시니어 라인댄스 등",인천시 영종구 거주 노년 1인가구 (만 60세 이상),,2026-02-01 ~ 2026-11-24,문의처로 전화신청/아래 링크 접속 후 신청,영종구가족센터 가족사업2팀 / 032-752-2722,2026-03-20,https://www.incheon.go.kr/1in/OHH020108/view?oneHouseHoldId=A2026010200300200400100291
A2026072000300200400600479,OHH020104,건강,기품있는 학교,접수중,치매 예방 및 우울 예방에 관심이 있는 노인 1인 가구 참여자들 대상으로 인지 학습 진행,전체,노년,남동구,치매 예방 및 우울 예방에 관심이 있는 노인 1인 가구 참여자들 대상으로 인지 학습 진행,2026. 9. 7. ~ 2026. 11. 30.,"노인 1인 가구를 대상으로 치매 예방 프로그램(뇌 체조, 손 유희, 인지기능 강화 수업, 보드게임, 인지 미술 수업 등) 진행 및 자조 모임 운영",인천시 남동구 거주 노인 1인 가구 30명,,2026-07-01 ~ 2026-09-04,"전화, 방문 상담",만수종합사회복지관 지역보호팀 / 032-463-8161,2026-03-20,https://www.incheon.go.kr/1in/OHH020108/view?oneHouseHoldId=A2026072000300200400600479
A2026071700300200400400478,OHH020104,건강,나와 미추(Meet You) 2기,접수예정,청장년 1인가구의 일상생활습관 형성 챌린지,전체,중장년,미추홀구,청장년 1인가구의 일상생활습관 형성 챌린지,2026. 9. 2. ~ 2026. 10. 2.(예정),미션인증을 통한 일상생활습관 형성 비대면 챌린지 프로그램,인천시 거주 청장년(만 19세 이상 ~ 만 39세 이하),,2026-09-02 ~ 2026-09-11,미추홀구가족센터 홈페이지 신청,미추홀구가족센터 가족사업팀 / 032-875-2993,2026-03-20,https://www.incheon.go.kr/1in/OHH020108/view?oneHouseHoldId=A2026071700300200400400478
A2026010200300200400000284,OHH020104,건강,"든든한 동행, 방문 장애인 등록 서비스",접수중,이동에 제약이 있고 동행가족이 없는 인천시민에게 장애인 등록 및 재판정(진단)을 위한 의료기관 및 관공서 방문 시 동행 서비스 제공,전체,전체,인천광역시 전체,이동에 제약이 있고 동행가족이 없는 인천시민에게 장애인 등록 및 재판정(진단)을 위한 의료기관 및 관공서 방문 시 동행 서비스 제공,2026. 2. ~ 2026. 12.,"장애 등록 및 재판정(진단)을 위한 의료기관 및 관공서 방문 시 동행 인력 및 차량 지원
※ 장애정도 진단서 발급목적이 명확한 병원 동행만 가능, 단순 동행 제외",이동에 제약이 있고 동행가족이 없어 장애인 등록 및 재판정(진단)이 어려운 인천시민,,2026-02-01 ~ 2026-12-31,유선 신청(거주지 행정복지센터),거주시 행정복지센터 및 시 장애인복지과(032-440-2962),2026-03-20,https://www.incheon.go.kr/1in/OHH020108/view?oneHouseHoldId=A2026010200300200400000284
A2026022300300200400600330,OHH020104,건강,만나는 쉐푸,접수마감,지역 내 결식 우려 세대 반찬 지원을 위한 독거노인 요리 및 나눔 프로그램,전체,노년,남동구,지역 내 결식 우려 세대 반찬 지원을 위한 독거노인 요리 및 나눔 프로그램,2026.03~2026.11,"- 맛나는 만남: 참여자(독거노인)가 주요리 1개, 밑반찬 1개를 조리 후 나눔 대상자에게 전달
- 쉐푸즈 한입꾸러미: 지역아동센터 방문하여 직접 만든 간식 꾸러미 전달","- 참여자: 지역 내 독거 노인
- 나눔대상자: 서창2동 거주 결식 우려 세대",,2026-03-01 ~ 2026-03-14,"복지관 전화, 방문 접수",만수종합사회복지관 지역보호팀 / 032-463-8161,2026-03-20,https://www.incheon.go.kr/1in/OHH020108/view?oneHouseHoldId=A2026022300300200400600330
A2026072000300200400600481,OHH020104,건강,몸 튼튼! 마음 튼튼! 이웃ON,접수중,"구월4동·도림동에 사는 1인가구 등 취약계층에게 실버체조와 정서지원 활동을 정기적으로 지원하여
건강한 여가생활과 이웃 간 교류를 넓히는 사업입니다.",전체,전체,남동구,"구월4동·도림동에 사는 1인가구 등 취약계층에게 실버체조와 정서지원 활동을 정기적으로 지원하여
건강한 여가생활과 이웃 간 교류를 넓히는 사업입니다.",2026. 2. 1. ~ 2026. 12. 31.,"① 건강100세운동교실
② 도림동 여가지원활동","구월4동·도림동에 거주하는 취약계층(수급자, 차상위계층, 1인가구 등)",,2026-03-01 ~ 2026-12-31,복지관으로 직접 문의,구월종합사회복지관 ☎ 032-463-9900,2026-03-20,https://www.incheon.go.kr/1in/OHH020108/view?oneHouseHoldId=A2026072000300200400600481
A2026021300300200400400299,OHH020104,건강,미미(ME美)밥상,접수마감,청장년 1인가구의 집밥 ‘LEVEL UP!’을 위한 집밥 요리 배우기,전체,청년,미추홀구,청장년 1인가구의 집밥 ‘LEVEL UP!’을 위한 집밥 요리 배우기,(예정) 2026.6.12.~2026.7.3.,집에서 해먹을 수 있는 요리를 함께 배우는 요리프로그램,인천시 거주 청장년(만 19세 이상 ~ 만 39세 이하),,2026-05-19 ~ 2026-06-11,미추홀구가족센터 홈페이지 신청,미추홀구가족센터 가족사업팀 / 032-875-1577,2026-03-20,https://www.incheon.go.kr/1in/OHH020108/view?oneHouseHoldId=A2026021300300200400400299
A2025032400300200400500242,OHH020104,건강,반찬나눔 활동,접수중,식생활 안심지원 - “가족봉사단을 통한 1인가구 반찬지원”,전체,노년,연수구,식생활 안심지원 - “가족봉사단을 통한 1인가구 반찬지원”,2026. 4. ~ 2026. 12. (매월 둘째 주 토),"1. 가족봉사단 VS 1인가구 매칭
2. 봉사단 활용 반찬 조리, 포장, 배달 및 모니터링
3. 1인가구 생일파티, 외식지원",선학 시영아파트 거주 1인가구 (만65세 이상 20가구),,2026-02-20 ~ 2026-12-31,선학종합사회복지관 유선 및 내방 신청,선학종합사회복지관 지역조직팀 / 032-813-6453,2026-03-20,https://www.incheon.go.kr/1in/OHH020108/view?oneHouseHoldId=A2025032400300200400500242
A2026010200300200400000266,OHH020104,건강,방문건강관리사업,접수중,방문건강관리서비스 제공,전체,전체,강화군 | 옹진군 | 중구 | 동구 | 미추홀구 | 연수구 | 남동구 | 부평구 | 계양구 | 서구,방문건강관리서비스 제공,2026. 1. 1. ~ 2026. 12. 31.,"가정방문 및 비대면 방식 통한 건강관리서비스 제공
문의처 : 강화군 보건소 / 032-930-4032
옹진군 보건소 / 032-899-3152
중구 보건소 / 032-760-6022,6823
동구 보건소 / 032-770-5733
미추홀구 숭의보건지소 / 032-880-5751
연수구 보건소 / 032-749-8142
남동구 보건소 / 032-453-8552
부평구 보건소 / 032-509-8593
계양구 보건소 / 032-430-7994,
서구 보건소 / 032-718-0482",건강관리서비스 이용·접근이 어렵고 건강관리가 필요한 주민,,2026-01-01 ~ 2026-12-31,각 군·구 보건소 문의,사업내용 참조,2026-03-20,https://www.incheon.go.kr/1in/OHH020108/view?oneHouseHoldId=A2026010200300200400000266
A2025032400300200400500238,OHH020104,건강,사랑의 음료 지원사업,접수중,저소득 고독사위험군 1인가구 대상 건강음료 지원 및 안부확인,전체,전체,연수구,저소득 고독사위험군 1인가구 대상 건강음료 지원 및 안부확인,2026. 3 ~ 2026. 12 (정원 마감 시까지),"주 2회 건강음료(우유, 유제품 등) 정기 배달
주기적 안부 확인 및 고립 가구 안전 확보","연수구 거주 저소득층 중 안부확인이 필요한 세대
(만 65세 이상 노인, 장애인, 만 40세 이상 중·장년층 등)",,2026-03-01 ~ 2026-12-31,유선 상담 및 기관 방문,연수구 복지정책과 및 각 동 행정복지센터 / 032-749-7672,2026-03-20,https://www.incheon.go.kr/1in/OHH020108/view?oneHouseHoldId=A2025032400300200400500238
A2026070600300200400700475,OHH020104,건강,상콤달콤 복숭아 케이크 만들기,접수마감,미니 복숭아 케이크 만들,전체,전체,부평구,미니 복숭아 케이크 만들,2026.7.20.,,부평구 1인가구 및 예비 1인가구,10명,2026-06-29 ~ 2026-07-10,QR코드 신청,부평구건강가정지원센터 070-4827-1936,2026-03-20,https://www.incheon.go.kr/1in/OHH020108/view?oneHouseHoldId=A2026070600300200400700475
A2026022000300200400800301,OHH020104,건강,생활체육 프로그램,접수중,"성인 대상 맨몸스트레칭, 필라테스 생활체육 프로그램 (계양체육회 협력)",전체,전체,계양구,"성인 대상 맨몸스트레칭, 필라테스 생활체육 프로그램 (계양체육회 협력)",2026. 02. 26. ~ 2026. 12. 31.,"○ 장소 : 계양구가족센터
○ 내용 : 맨몸스트레칭, 필라테스 등 일상생활에서 활용 가능한 체육활동",계양구 거주 1인가구 및 취약위기가구,,2026-02-19 ~ 2026-12-01,계양구가족센터 홈페이지 프로그램 신청,계양구가족센터(032-547-1017(내선207)),2026-03-20,https://www.incheon.go.kr/1in/OHH020108/view?oneHouseHoldId=A2026022000300200400800301
A2026040700300200400100377,OHH020104,건강,솔로플레이_독한클래스,접수마감,앙금플라워케이크 만들기 교실,전체,전체,중구,앙금플라워케이크 만들기 교실,2026-04-22,,인천 중구 거주 1인가구 청장년 10명,,2026-03-19 ~ 2026-04-10,중구가족센터 홈페이지 또는 전화문의,중구가족센터 032)245-7774,2026-03-20,https://www.incheon.go.kr/1in/OHH020108/view?oneHouseHoldId=A2026040700300200400100377
A2026022000300200400800300,OHH020104,건강,식문화체험교육,접수예정,고추장 만들기 체험교육,전체,전체,계양구,고추장 만들기 체험교육,2026.04.20. / 2026.10. *하반기 일정 미정,"○ 장소 : 인천광역시농업기술센터
○ 내용 : 고추장 만들기 체험 교육",계양구 거주 1인가구 및 취약위기가구,,2026-10-01 ~ 2026-10-05,계양구가족센터 홈페이지 프로그램 신청,계양구가족센터(032-547-1017(내선202)),2026-03-20,https://www.incheon.go.kr/1in/OHH020108/view?oneHouseHoldId=A2026022000300200400800300
A2026022000300200400800312,OHH020104,건강,요보호 어르신 영양관리 ‘효도 도시락’,접수중,어르신의 결식 예방 및 사회적 안전망 구축을 위한 도시락 배달 사업,전체,노년,계양구,어르신의 결식 예방 및 사회적 안전망 구축을 위한 도시락 배달 사업,2026. 1. 1. ~ 2026. 12. 31.,주 5회 가정방문 도시락 배달 서비스,"- 계양구민 중 60세 이상 저소득(수급자, 차상위, 저소득) 어르신
- 건강, 경제적 문제로 식생활 유지의 어려움이 높은 어르신",,2026-01-01 ~ 2026-12-31,"1) 본인 신청 시 계양종합사회복지관 유선전화 신청
2) 기관 의뢰의 경우 의뢰서 작성 후 복지관 메일 또는 팩스 발송",계양종합사회복지관 복지서비스과(032-552-9090),2026-03-20,https://www.incheon.go.kr/1in/OHH020108/view?oneHouseHoldId=A2026022000300200400800312
A2026022300300200400600323,OHH020104,건강,우양재단 어르신 결연 사업,접수중,"저소득 1인 가구 어르신을 위한 정기, 제철, 명절 먹거리(식재료) 지원 사업",전체,노년,남동구,"저소득 1인 가구 어르신을 위한 정기, 제철, 명절 먹거리(식재료) 지원 사업",2026. 1. 2. ~ 2026. 12. 31.,"지역사회 상점에서 구입한 먹거리(식재료) 제공 및 정기 안부 확인을 통한 저소득 1인 가구 어르신의 경제, 정서적 지원","남동구(구월1.2.4동, 남촌도림동 거주 주민) 내 저소득 1인 가구 독거 어르신",,2026-08-01 ~ 2026-08-31,전화 및 복지관 내방을 통한 신청 접수 진행,구월종합사회복지관 032-463-9900,2026-03-20,https://www.incheon.go.kr/1in/OHH020108/view?oneHouseHoldId=A2026022300300200400600323
A2026061600300200400000390,OHH020104,건강,일상돌봄 서비스 사업,접수중,"돌봄이 필요한 청·중장년(질병, 부상, 고립 등), 가족돌봄청년과 같이 일상생활에 도움이 필요한 대상에게 재가 돌봄·가사, 식사·영양관리, 심리지원 등 서비스를 통합적으로 제공하여 일상생활의 어려움을 해소하는 서비스입니다.",전체,전체,인천광역시 전체,"돌봄이 필요한 청·중장년(질병, 부상, 고립 등), 가족돌봄청년과 같이 일상생활에 도움이 필요한 대상에게 재가 돌봄·가사, 식사·영양관리, 심리지원 등 서비스를 통합적으로 제공하여 일상생활의 어려움을 해소하는 서비스입니다.",2026-01-01~2026-12-31,"일상돌봄 서비스는 크게 기본서비스와 특화서비스로 구분되며, 서비스 이용유형에 따라 이용하실 수 있는 시간과 개수가 다릅니다.
- 기본서비스는 서비스 제공인력이 이용자 가정을 방문해 일정 시간 내에서 재가 돌봄․가사 및 일상 지원 서비스를 탄력적으로 제공하는 서비스입니다.(재가돌봄, 가사지원, 일상지원)
- 특화 서비스는 서비스 이용자가 필요로 하는 심리지원, 운동, 교류 증진 등 일상의 부담을 경감하고 회복하기 위한 서비스입니다.(식사,영양관리 서비스, 병원 동행 서비스, 심리 지원 서비스, 휴식 지원 서비스, 소셜 다이닝 서비스 등)","대상 : 돌봄이 필요한 청소년·중장년(13~64세), 가족돌봄 청소년·청년(39세이하)",,2026-01-01 ~ 2026-12-31,본인 주민등록 주소지 관할 읍·면·동 행정복지센터 방문 또는 복지로(www.bokjiro.go.kr),인천광역시 통합돌봄과(032-440-7914),2026-03-20,https://www.incheon.go.kr/1in/OHH020108/view?oneHouseHoldId=A2026061600300200400000390
A2026022000300200400800309,OHH020104,건강,입맛대로 반찬 지원 사업,접수중,해당 동 관내 반찬가게와의 협약을 통한 1인 가구에 대한 반찬 지원 사업,전체,전체,계양구,해당 동 관내 반찬가게와의 협약을 통한 1인 가구에 대한 반찬 지원 사업,2026. 2. 1. ~ 2026. 11. 30.,"고독사 위험도 판단 도구를 통하여 위험군(저,중,고)으로 판단된 1인 가구에 대하여 외출을 유도하고 식생활 개선을 돕기 위한 동네 반찬 가게 협약을 통한 반찬 지원 사업",계양구 거주 1인 가구 중 고독사 위험군,,2026-02-01 ~ 2026-11-30,관할 동 행정복지센터 신청,계양구청 복지정책과 희망복지팀(032-450-6700),2026-03-20,https://www.incheon.go.kr/1in/OHH020108/view?oneHouseHoldId=A2026022000300200400800309
A2026061600300200400000389,OHH020104,건강,자원봉사자와 함께하는 병원동행 서비스,접수중,65세 이상 어르신이 병원 방문시 자원봉사자가 함께 동행하여 어르신이 좀 더 쉽게 병원을 내원할 수 있도록 지원,전체,노년,인천광역시 전체,65세 이상 어르신이 병원 방문시 자원봉사자가 함께 동행하여 어르신이 좀 더 쉽게 병원을 내원할 수 있도록 지원,2026-01-01~2026-12-31,"신청방법 : 신분증 등을 지참하고 거주지 행정복지센터 또는 기초 자원봉사센터 방문
지원대상 : 65세 이상 기초 연금대상자 (단, 거동이 불편하여 서비스 제공이 어렵거나, 유사 복지 서비스 이용자는 제외)
- 거동불편 예) 장기요양 1~3등급
- 유사 복지 서비스 예) 노인장기요양보험 동행서비스, 장애인 활동지원사업, 국가보훈처 보훈재가 복지서비스, 가사 간병 방문지원 사업 등
지원내용 : 어르신이 병원 내원시 자원봉사자가 무료로 병원까지 이동(자원봉사자 자차 또는 택시)시켜 드리고 접수, 수납, 처방약 수령 등을 도와 드림 (월 4회 이내)
제출서류 : 사진이 포함된 신분증",,,2026-01-01 ~ 2026-12-31,신분증 등을 지참하고 거주지 행정복지센터 또는 기초봉사센터 방문,군구 자원봉사센터,2026-03-20,https://www.incheon.go.kr/1in/OHH020108/view?oneHouseHoldId=A2026061600300200400000389
A2026022000300200400700314,OHH020104,건강,중장년 내 몸 챙김 건강교실,접수중,중장년 만성질환 건강관리 프로그램,전체,중장년,부평구,중장년 만성질환 건강관리 프로그램,2026. 3. 9. ~ 2026. 12. 1.,"건강관리 교육, 신체활동 및 식습관 개선, 자가관리 모니터링","당뇨, 고혈압, 이상지질혈증 건강관리가 필요한 중장년(만 40세~64세, 수급 또는 차상위, 상기 만성질환 진단자)",,2026-02-19 ~ 2026-12-01,전화 또는 홈페이지 내 홍보지 신청 링크로 신청,삼산종합사회복지관 부개2동팀 032-529-8607,2026-03-20,https://www.incheon.go.kr/1in/OHH020108/view?oneHouseHoldId=A2026022000300200400700314
A2026022300300200400600327,OHH020104,건강,찾아가는 평생교육 사업 ‘남촌동 내건강온’,접수중,남촌도림동 65세 이상 지역주민을 위한 건강증진 지원 사업,전체,노년,남동구,남촌도림동 65세 이상 지역주민을 위한 건강증진 지원 사업,2026. 2. 4. ~ 2026. 12. 9.,"- 65세 이상 노인을 대상으로 하는 실버체조
- 지역주민들 간의 주도적인 운동모임 운영
- 보건소 연계를 통한 운동처방 진행","지역 내 거주 노인 (만 65세 이상)
*1인가구 및 저소득층 우선 선발",,2026-03-01 ~ 2026-12-09,"복지관 전화, 방문",구월종합사회복지관 032-463-9900 (직통: 070-4942-5472),2026-03-20,https://www.incheon.go.kr/1in/OHH020108/view?oneHouseHoldId=A2026022300300200400600327
A2026072200300200400500490,OHH020104,건강,청년 1인가구 관계망 형성사업 관계ON 프로젝트,접수중,청년 1인 가구의 정서적 고립 예방과 또래 간 교류 활성화를 위한 단체운동(볼링) 프로그램 운영,전체,청년,연수구,청년 1인 가구의 정서적 고립 예방과 또래 간 교류 활성화를 위한 단체운동(볼링) 프로그램 운영,2026. 8. 25. ~ 2026. 10. 15.,스포츠 활동을 매개로 청년 1인가구의 건강 증진과 참여자 간 사회적 관계망 형성 지원,인천시 거주 청년 1인가구(만 19세 이상 ~ 39세 이하),,2026-08-10 ~ 2026-08-24,유선 연락 및 연수구가족센터 홈페이지 신청,연수구가족센터 상담사례관리팀 / 070-4412-0200,2026-03-20,https://www.incheon.go.kr/1in/OHH020108/view?oneHouseHoldId=A2026072200300200400500490
A2025071000300200400400258,OHH020104,건강,청장년 1인가구프로그램 나와미추(Meet You) 1기,접수마감,청장년 1인가구의 일상생활습관 형성 챌린지,전체,청년,미추홀구,청장년 1인가구의 일상생활습관 형성 챌린지,2026-04-27~2026-06-13,"미션인증을 통한 일상생활습관 형성 비대면 챌린지 프로그램
미션1. 하루 한 번 산책
미션2. 하루 한 끼 집밥먹기
미션3. 하루 한 번 시 필사
미션4. 하루 한 번 인사 또는 댓글",청장년(19세 이상 ~ 39세 이하) 1인가구 및 예비 1인가구,,2026-04-27 ~ 2026-06-13,미추홀구가족센터 홈페이지 신청,미추홀구가족센터 가족사업팀 / 032-875-1577,2026-03-20,https://www.incheon.go.kr/1in/OHH020108/view?oneHouseHoldId=A2025071000300200400400258
A2026061600300200400000391,OHH020104,건강,통합돌봄서비스,접수중,일상생활에 어려움을 겪는 사람이 살던 곳에서 건강한 생활을 영위 하도록 의료·요양·돌봄 서비스를 통합·연계하여 제공,전체,노년,인천광역시 전체,일상생활에 어려움을 겪는 사람이 살던 곳에서 건강한 생활을 영위 하도록 의료·요양·돌봄 서비스를 통합·연계하여 제공,2026-01-01~2026-12-31,"(보건의료) 방문진료, 정신건강관리, 치매관리, 퇴원환자 연계사업 등
(건강관리) 방문건강관리, AI-IoT건강관리, 지역사회중심 재활사업 등
(장기요양) 방문간호·요양·목욕, 재택의료센터, 주야간 보호기간내 단기보호 등
(일상생활돌봄) 긴급돌봄, 응급안전서비스, 노인맞춤돌봄, 가사·간병 방문지원 등","노쇠, 장애 등으로 일상생활 유지에 어려움이 있어 의료·요양·돌봄의 복합적인 지원을 필요로 하는 65세 이상 노인, 65세 미만 심한 장애인",,2026-03-27 ~ 2026-12-31,"주소지 관할 읍·면·동주민센터 또는 국민건강보험공단 지사 방문신청, 우편·팩스 신청 접수",인천광역시 통합돌봄과,2026-03-20,https://www.incheon.go.kr/1in/OHH020108/view?oneHouseHoldId=A2026061600300200400000391
A2026041700300200400400379,OHH020104,건강,함께하는 건강밥상,접수마감,요리실습활동을 통한 건강한 식생활 형성 및 관계 형성 프로그램,전체,노년,미추홀구,요리실습활동을 통한 건강한 식생활 형성 및 관계 형성 프로그램,2026. 4. 30. ~ 2026. 7. 16.,주 1회 집 반찬 요리 실,미추홀구 숭의/용현동 거주 저소득 1인가구 어르신(만 70세 이상),,2026-04-08 ~ 2026-04-23,숭의종합사회복지관 내방 신청 및 전화 신청,숭의종합사회복지관 / 032-888-6222,2026-03-20,https://www.incheon.go.kr/1in/OHH020108/view?oneHouseHoldId=A2026041700300200400400379
A2026010200300200400000267,OHH020104,건강,호스피스 교육‧홍보 사업,접수중,웰다잉 문화조성을 위한 호스피스 교육,전체,전체,인천광역시 전체,웰다잉 문화조성을 위한 호스피스 교육,2026. 1. 1. ~ 2026. 12. 31.,호스피스 교육 및 인식개선 홍보,"- 인천시 내 호스피스 중인 환자 및 임종과정에 있는 환자가족
- 호스피스에 관심있는 인천시민",,2026-03-01 ~ 2026-12-31,문의처로 전화 문의/아래 링크 접속 후 신청,가톨릭대학교 인천성모병원 호스피스센터 280-6202,2026-03-20,https://www.incheon.go.kr/1in/OHH020108/view?oneHouseHoldId=A2026010200300200400000267
A2026033100300200400000353,OHH020105,경제,[행복 동행 사업] 1인가구 규모있는 내 인생 재무교육,접수중,(사업목적) 생애주기별 맞춤형 재무·경제 프로그램 운영을 통한 1인가구 재무 설계 강화 및 자기돌봄 능력 향상 지원,전체,전체,강화군 | 연수구 | 부평구 | 서구,(사업목적) 생애주기별 맞춤형 재무·경제 프로그램 운영을 통한 1인가구 재무 설계 강화 및 자기돌봄 능력 향상 지원,연중,"생애주기별 맞춤형 재무·경제 교육 및 개인 재무상담 연계 지원
※ 개인 재무상담 연계는 교육과정 70% 이상 이수자에 한정 지원","인천시 거주 1인가구
- 강화군, 연수구, 부평구, 서구",군구별 1개 과정(연령 등 구분) 이상 교육(과정별 4회기 내외),2026-01-01 ~ 2026-12-31,,"강화군 가족센터(032-932-1005), 연수구 가족센터(032-851-2740), 부평구 건강가정지원센터(032-508-0121), 서구 가족센터(032-569-1560)",2026-03-20,https://www.incheon.go.kr/1in/OHH020108/view?oneHouseHoldId=A2026033100300200400000353
A2026051400300200400500385,OHH020105,경제,[행복 동행 사업] 1인가구 규모있는 내 인생 재무교육(3기),접수마감,"맞춤형 재무, 경제 교육",전체,전체,연수구,"맞춤형 재무, 경제 교육",2026-06-22~2026-07-20,,,,2026-06-01 ~ 2026-06-20,,연수구가족센터 070-4412-0200,2026-03-20,https://www.incheon.go.kr/1in/OHH020108/view?oneHouseHoldId=A2026051400300200400500385
A2026051400300200400500384,OHH020105,경제,[행복 동행 사업] 1인가구 규모있는 내 인생 재무교육(노년),접수마감,"맞춤형 재무, 경제 교육",전체,노년,연수구,"맞춤형 재무, 경제 교육",2026-04-30~2026-05-20,,,,2026-04-21 ~ 2026-04-29,,연수구가족센터 032-822-9994,2026-03-20,https://www.incheon.go.kr/1in/OHH020108/view?oneHouseHoldId=A2026051400300200400500384
A2026022400300200400500338,OHH020105,경제,[행복 동행 사업] 1인가구 규모있는 내인생 재무교육(청년),접수마감,1인가구 전반의 체계적인 재무설계 교육을 통해 경제적 불안과 미래 위험을 예방하고 자립적이고 안정적인 삶을 지원할 수 있도록 지원,전체,청년,연수구,1인가구 전반의 체계적인 재무설계 교육을 통해 경제적 불안과 미래 위험을 예방하고 자립적이고 안정적인 삶을 지원할 수 있도록 지원,2026-04-02~2026-05-11,맞춤형 재무 경제 교육 5회기를 통한 기초 재무역량 강화,연수구에 거주 또는 생활하는 19~39세 1인가구,,2026-03-30 ~ 2026-03-27,연수구가족센터 홈페이지,연수구가족센터 070-4412-0200,2026-03-20,https://www.incheon.go.kr/1in/OHH020108/view?oneHouseHoldId=A2026022400300200400500338
A2026010200300200401000264,OHH020105,경제,"[행복 동행 사업] 공동장보기 ""소소한 장보기-소분+소통""",접수마감,1인가구 공동장보기(식재료 소분으로 낭비방지 및 공동체 활성화),전체,전체,강화군,1인가구 공동장보기(식재료 소분으로 낭비방지 및 공동체 활성화),2026-06-01~2026-07-31,"함께모여 식재료 장보기 후 소분활동, 요리활동 등 사회관계망 형성 지원",강화군 관내거주 1인가구,,2026-05-26 ~ 2026-05-29,강화군가족센터 홈페이지 신청,강화군가족센터 / 032-933-0980,2026-03-20,https://www.incheon.go.kr/1in/OHH020108/view?oneHouseHoldId=A2026010200300200401000264
A2026010200300200401000261,OHH020105,경제,"[행복 동행 사업] 규모있는 내 인생 재무교육 ""내인생 플랜"" (1기)",접수마감,"생애주기별 재무,경제교육 및 재무상담 연계 지원",전체,전체,강화군,"생애주기별 재무,경제교육 및 재무상담 연계 지원",2026-04-07~2026-05-12,"생애주기별 맞춤형 재무,경제 교육을 통한 인생계획 및 개별 재무상담 진행",강화군 거주 1인가구,,2026-03-23 ~ 2026-03-31,강화군가족센터 홈페이지 신청,강화군가족센터 / 032-933-0980,2026-03-20,https://www.incheon.go.kr/1in/OHH020108/view?oneHouseHoldId=A2026010200300200401000261
A2026040200300200401000356,OHH020105,경제,"[행복 동행 사업] 규모있는 내 인생 재무교육 ""내인생 플랜"" (2기)",접수예정,"생애주기별 재무,경제교육 및 재무상담 연계 지원",전체,전체,강화군,"생애주기별 재무,경제교육 및 재무상담 연계 지원",2026-09-01~2026-10-31,"생애주기별 맞춤형 재무,경제 교육을 통한 인생계획 및 개별 재무상담 진행",강화군 거주 1인가구,,2026-08-18 ~ 2026-08-21,강화군가족센터 홈페이지 신청,강화군가족센터 / 032-933-0980,2026-03-20,https://www.incheon.go.kr/1in/OHH020108/view?oneHouseHoldId=A2026040200300200401000356
A2026072200300200400500487,OHH020105,경제,[행복 동행 사업] 규모있는 내 인생 재무설계[중장년],접수예정,중장년 1인가구의 경제적 자립과 재무관리 역량 강화를 위한 재무 교육,전체,중장년,연수구,중장년 1인가구의 경제적 자립과 재무관리 역량 강화를 위한 재무 교육,2026. 10. 1. ~ 2026. 10. 29.,"맞춤형 경제·재무 교육을 5회기 운영하여 1인가구의 기초 재무역량을 강화하고, 안정적인 노후 설계와 경제적 자립을 지원",인천시 거주 중장년 1인가구(만 40세~64세 이하),,2026-09-14 ~ 2026-09-30,유선 연락 및 연수구가족센터 홈페이지 신청,연수구가족센터 상담사례관리팀 / 070-4412-0200,2026-03-20,https://www.incheon.go.kr/1in/OHH020108/view?oneHouseHoldId=A2026072200300200400500487
A2023121300300200400700044,OHH020105,경제,[행복 동행 사업] 돈관리! 이것만 알면 돼!!,접수마감,1인가구 재무교육(기초 및 심화편),전체,전체,부평구,1인가구 재무교육(기초 및 심화편),2026.05.04.~2026.06.29.,,30세 이상 1인가구,,2026-04-22 ~ 2026-06-28,부평구건강가정지원센터 홈페이지를 통해 신청,인천부평구건강가정지원센터 가족사업팀 / 070-4827-1936,2026-03-20,https://www.incheon.go.kr/1in/OHH020108/view?oneHouseHoldId=A2023121300300200400700044
A2026010200300200400900279,OHH020105,경제,[행복 동행 사업] 싱글生글 ‘프로머니러’,접수마감,1인가구 재무관리 지원,전체,전체,서구,1인가구 재무관리 지원,2026. 8. 1. ~ 2026. 11. 30.,"- 1인가구 맞춤 재무교육
- 개별 맞춤 재무상담
※ 교육 이수 참여자 한정 재무상담 연계",인천시 거주 1인가구(만 19세 이상) ※ 서구 거주 1인가구 우선 선정,,2026-07-01 ~ 2026-07-31,인천서구가족센터 홈페이지 프로그램 신청 참고,인천서구가족센터 가족사업팀 / 032-569-1562,2026-03-20,https://www.incheon.go.kr/1in/OHH020108/view?oneHouseHoldId=A2026010200300200400900279
A2026063000300200401400470,OHH020105,경제,[행복 동행 사업] 싱글生글 ‘프로머니러’,접수마감,1인가구 재무관리 지원,전체,전체,서구,1인가구 재무관리 지원,2026. 8. 1. ~ 2026. 11. 30.,"- 1인가구 맞춤 재무교육
- 개별 맞춤 재무상담
※ 교육 이수 참여자 한정 재무상담 연계",인천시 거주 1인가구(만 19세 이상) ※ 서구 거주 1인가구 우선 선정,,2026-07-01 ~ 2026-07-31,인천서구가족센터 홈페이지 프로그램 신청 참고,인천서구가족센터 가족사업팀 / 032-569-1562,2026-03-20,https://www.incheon.go.kr/1in/OHH020108/view?oneHouseHoldId=A2026063000300200401400470
A2026021300300200400400298,OHH020105,경제,가장(家長)해피,접수마감,청장년 1인가구의 문화체험 및 재무교육,전체,청년,미추홀구,청장년 1인가구의 문화체험 및 재무교육,2026.05.09.~2026.05.16.,"1회기: 나의 재무역량 알아보기
2회기 : 나만의 명태도어벨 만들기",청장년(만 19세 이상 ~ 만 39세 이하) 1인가구 및 예비 1인가구,,2026-04-15 ~ 2026-05-16,미추홀구가족센터 홈페이지 가입 후 신청,미추홀구가족센터 / 032-875-1577,2026-03-20,https://www.incheon.go.kr/1in/OHH020108/view?oneHouseHoldId=A2026021300300200400400298
A2026022000300200400700317,OHH020105,경제,중·장년 1인가구 재무관리 프로그램 ‘세무랑 재무랑’,접수마감,중·장년을 위한 1인가구 재무관리교육,전체,중장년,부평구,중·장년을 위한 1인가구 재무관리교육,2026. 8. 6. ~ 2026. 11. 19. 매주 목요일 2시,중장년 1인가구 대상 세법교육과 재무관리 및 은퇴설계 지원을 통한 재무역량 향상과 자립 기반 마련,부평구 거주 중·장년 1인가구(40세~64세),,2026-06-01 ~ 2026-07-31,부평중부종합사회복지관 방문접수 및 전화접수,부평중부종합사회복지관 / 032-528-4020,2026-03-20,https://www.incheon.go.kr/1in/OHH020108/view?oneHouseHoldId=A2026022000300200400700317
A2026022000300200400500303,OHH020106,기타,돌봄신호등-가가호호,접수중,취약계층 밀집 지역 내 가정방문을 통해 고립 및 위기가구발굴 및 지원,전체,전체,연수구,취약계층 밀집 지역 내 가정방문을 통해 고립 및 위기가구발굴 및 지원,2026. 1. 1. ~ 2026. 12. 31. (연중),"1. 가구방문을 통해 고립 및 위기 가구 발굴
2. 지역 전문가(통장, 동대표 등)와 네트워크 진행
3. 고립, 위기가구에 대한 상담 및 자원 연계 진행",연수구 주민 누구나,,2026-01-01 ~ 2026-12-31,"선학종합사회복지관 유선 및 내방 신청, 홈페이지 신청",선학종합사회복지관 사례관리팀 / 032-813-6453,2026-03-20,https://www.incheon.go.kr/1in/OHH020108/view?oneHouseHoldId=A2026022000300200400500303
A2026010200300200400100288,OHH020106,기타,배움마실,접수중,60세이상 1인가구 교육프로그램,전체,노년,중구,60세이상 1인가구 교육프로그램,2026. 3. 1. ~ 2026. 11. 30.,"-손글씨수업(글씨교정, 글쓰기)
-디지털 관련 교육
-주거안전교육(재난위기 상황 대처)",인천시 중구 거주 노년 1인가구(만60세 이상),,2026-04-01 ~ 2026-10-31,문의처로 전화신청/아래 링크 접속 후 신청,인천중구가족센터 / 032-245-7774~5,2026-03-20,https://www.incheon.go.kr/1in/OHH020108/view?oneHouseHoldId=A2026010200300200400100288
A2026022000300200400500306,OHH020106,기타,사례관리,접수중,혼자 해결할 수 없는 어려움을 가진 주민이 스스로 살아갈 수 있는 힘을 기를 수 있도록 지역주민과 사례관리자가 함께 필요한 계획을 세우고 실천하는 사업입니다.,전체,전체,연수구,혼자 해결할 수 없는 어려움을 가진 주민이 스스로 살아갈 수 있는 힘을 기를 수 있도록 지역주민과 사례관리자가 함께 필요한 계획을 세우고 실천하는 사업입니다.,2026. 1. ~ 2026. 12.,"1. 가정방문 상담을 통한 주민의 욕구 파악 및 목표 수립
2. 상담, 일상생활 지원, 경제적 지원, 정서 지원 등 필요한 자원 연계
3. 목표 달성을 위한 실천·점검
4. 평가 및 종결","혼자 해결할 수 없는 어려움을 겪고 있는 연수1동, 송도1~5동 주민",,2026-01-01 ~ 2026-12-31,함박종합사회복지관 내방 및 유선 신청,함박종합사회복지관 / 032-724-9965,2026-03-20,https://www.incheon.go.kr/1in/OHH020108/view?oneHouseHoldId=A2026022000300200400500306
A2026022000300200400700315,OHH020106,기타,자립 준비 청년들의 자립 역량 강화 프로그램 ‘드림업’,접수중,자립 준비에 어려움을 겪는 자립 준비 청년들을 위한 자립 역량 강화 사업,전체,청년,인천광역시 전체,자립 준비에 어려움을 겪는 자립 준비 청년들을 위한 자립 역량 강화 사업,2026. 2. 24. ~ 2026. 12. 9.,"자립준비청년을 위한 일상생활교육, 취업준비활동, 정서안정활동, 맞춤형 자립 지원","인천시 거주 아동‧청소년 복지시설(아동양육시설, 공동생활가정, 위탁가정, 청소년쉼터)를 퇴소(예정)한 만 18세 이상 ~ 만 29세 미만의 자립준비청년 15명",,2026-02-24 ~ 2026-12-09,전화 또는 홈페이지 내 홍보지 신청 링크로 신청,삼산종합사회복지관 부개1동팀 032-529-8607,2026-03-20,https://www.incheon.go.kr/1in/OHH020108/view?oneHouseHoldId=A2026022000300200400700315
