admin_dong_code_20260701,district_name_20260701,admin_dong_name,population_reference_date,household_reference_date,privacy_cell_status,total_population,population_age_65_plus,total_households,one_person_households,one_person_households_age_65_plus,population_age_65_plus_share,one_person_household_share,age_65_plus_one_person_share_of_age_65_plus_population
2812551000,제물포구,신포동,2026-06-30,2026-07-31,publishable_aggregate,4398,1478,2470,1391,653,0.336062,0.563158,0.441813
2812552000,제물포구,연안동,2026-06-30,2026-07-31,publishable_aggregate,4945,1795,2828,1565,648,0.362993,0.553395,0.361003
2812553000,제물포구,신흥동,2026-06-30,2026-07-31,publishable_aggregate,14062,3453,7056,3134,1090,0.245555,0.444161,0.315668
2812554000,제물포구,도원동,2026-06-30,2026-07-31,publishable_aggregate,3374,1389,1961,1086,591,0.411678,0.553799,0.425486
2812555000,제물포구,율목동,2026-06-30,2026-07-31,publishable_aggregate,3036,1058,1892,1154,533,0.348485,0.609937,0.503781
2812556000,제물포구,동인천동,2026-06-30,2026-07-31,publishable_aggregate,5168,1969,3274,2107,992,0.380998,0.643555,0.503809
2812557000,제물포구,개항동,2026-06-30,2026-07-31,publishable_aggregate,6426,2285,3815,2173,906,0.355587,0.569594,0.396499
2812558000,제물포구,만석동,2026-06-30,2026-07-31,publishable_aggregate,6027,1852,3046,1351,674,0.307284,0.443533,0.363931
2812559000,제물포구,화수1.화평동,2026-06-30,2026-07-31,publishable_aggregate,5112,1894,2653,1233,696,0.370501,0.464757,0.367476
2812560000,제물포구,화수2동,2026-06-30,2026-07-31,publishable_aggregate,6548,2493,3551,1770,932,0.380727,0.498451,0.373847
2812561000,제물포구,송현1.2동,2026-06-30,2026-07-31,publishable_aggregate,9341,2600,4276,1536,626,0.278343,0.359214,0.240769
2812562000,제물포구,송현3동,2026-06-30,2026-07-31,publishable_aggregate,2554,1040,1512,844,455,0.407204,0.558201,0.4375
2812563000,제물포구,송림1동,2026-06-30,2026-07-31,publishable_aggregate,6586,1207,2830,832,234,0.183268,0.293993,0.193869
2812564000,제물포구,송림2동,2026-06-30,2026-07-31,publishable_aggregate,1136,538,731,477,281,0.473592,0.652531,0.522305
2812565000,제물포구,송림3·5동,2026-06-30,2026-07-31,publishable_aggregate,5058,1427,2311,860,384,0.282127,0.372133,0.269096
2812566000,제물포구,송림4동,2026-06-30,2026-07-31,publishable_aggregate,5857,1061,2491,707,195,0.181151,0.283822,0.183789
2812567000,제물포구,송림6동,2026-06-30,2026-07-31,publishable_aggregate,7618,1833,3515,1311,512,0.240614,0.372973,0.279324
2812568000,제물포구,금창동,2026-06-30,2026-07-31,publishable_aggregate,2089,936,1219,678,397,0.448061,0.556194,0.424145
2815551000,영종구,영종동,2026-06-30,2026-07-31,publishable_aggregate,30702,4958,15689,7474,1492,0.161488,0.476385,0.300928
2815552000,영종구,영종1동,2026-06-30,2026-07-31,publishable_aggregate,35752,3565,14640,4443,755,0.099715,0.303484,0.211781
2815553000,영종구,영종2동,2026-06-30,2026-07-31,publishable_aggregate,27549,2411,10889,3155,398,0.087517,0.289742,0.165077
2815554000,영종구,운서1동,2026-06-30,2026-07-31,publishable_aggregate,17500,2312,8691,4415,584,0.132114,0.507997,0.252595
2815555000,영종구,운서2동,2026-06-30,2026-07-31,publishable_aggregate,22779,1869,15200,10946,599,0.082049,0.720132,0.320492
2815556000,영종구,용유동,2026-06-30,2026-07-31,publishable_aggregate,3339,1558,2222,1442,678,0.466607,0.648965,0.435173
2817751000,미추홀구,숭의2동,2026-06-30,2026-07-31,publishable_aggregate,13423,3389,6756,3006,1218,0.252477,0.444938,0.359398
2817752000,미추홀구,숭의1.3동,2026-06-30,2026-07-31,publishable_aggregate,17508,3382,8560,3557,1070,0.193169,0.415537,0.316381
2817753000,미추홀구,숭의4동,2026-06-30,2026-07-31,publishable_aggregate,16543,4009,8325,3599,1426,0.242338,0.432312,0.3557
2817754000,미추홀구,용현1.4동,2026-06-30,2026-07-31,publishable_aggregate,17361,4422,11697,8281,1597,0.254709,0.707959,0.361149
2817755000,미추홀구,용현2동,2026-06-30,2026-07-31,publishable_aggregate,22597,4360,10377,4106,1282,0.192946,0.395683,0.294037
2817756000,미추홀구,용현3동,2026-06-30,2026-07-31,publishable_aggregate,6548,2210,4103,2536,946,0.337508,0.618084,0.428054
2817757000,미추홀구,용현5동,2026-06-30,2026-07-31,publishable_aggregate,44052,8363,19850,7583,2115,0.189844,0.382015,0.2529
2817758000,미추홀구,학익1동,2026-06-30,2026-07-31,publishable_aggregate,41454,6791,17208,5364,1473,0.16382,0.311715,0.216905
2817759000,미추홀구,학익2동,2026-06-30,2026-07-31,publishable_aggregate,17396,4657,8381,3369,1367,0.267705,0.401981,0.293537
2817760000,미추홀구,도화1동,2026-06-30,2026-07-31,publishable_aggregate,20330,4843,10285,4629,1679,0.238219,0.450073,0.346686
2817761000,미추홀구,도화2.3동,2026-06-30,2026-07-31,publishable_aggregate,28961,5561,13101,4906,1521,0.192017,0.374475,0.273512
2817762000,미추홀구,주안1동,2026-06-30,2026-07-31,publishable_aggregate,19885,3156,12345,7810,1152,0.158713,0.632645,0.365019
2817763000,미추홀구,주안2동,2026-06-30,2026-07-31,publishable_aggregate,22421,5247,11395,4829,1760,0.234022,0.423782,0.33543
2817764000,미추홀구,주안3동,2026-06-30,2026-07-31,publishable_aggregate,12081,2894,6203,2852,1014,0.23955,0.459778,0.35038
2817765000,미추홀구,주안4동,2026-06-30,2026-07-31,publishable_aggregate,19715,4897,9578,4010,1602,0.24839,0.418668,0.327139
2817766000,미추홀구,주안5동,2026-06-30,2026-07-31,publishable_aggregate,18956,4683,10005,4897,1624,0.247046,0.489455,0.346786
2817767000,미추홀구,주안6동,2026-06-30,2026-07-31,publishable_aggregate,20862,4569,10321,4615,1416,0.219011,0.447147,0.309915
2817768000,미추홀구,주안7동,2026-06-30,2026-07-31,publishable_aggregate,12067,3693,6179,2778,1255,0.306041,0.449587,0.339832
2817769000,미추홀구,주안8동,2026-06-30,2026-07-31,publishable_aggregate,18427,4918,8862,3555,1445,0.266891,0.401151,0.293819
2817770000,미추홀구,관교동,2026-06-30,2026-07-31,publishable_aggregate,13770,3732,6235,2258,837,0.271024,0.362149,0.224277
2817771000,미추홀구,문학동,2026-06-30,2026-07-31,publishable_aggregate,13854,2516,7896,4588,952,0.181608,0.581054,0.378378
2818563000,연수구,옥련1동,2026-06-30,2026-07-31,publishable_aggregate,17155,4092,7943,3011,1190,0.238531,0.379076,0.290811
2818564000,연수구,옥련2동,2026-06-30,2026-07-31,publishable_aggregate,19591,4009,8146,2335,820,0.204635,0.286644,0.20454
2818575000,연수구,선학동,2026-06-30,2026-07-31,publishable_aggregate,17435,4470,8740,4021,1362,0.256381,0.460069,0.304698
2818576100,연수구,연수1동,2026-06-30,2026-07-31,publishable_aggregate,16032,3632,8620,4595,1002,0.226547,0.533063,0.275881
2818576200,연수구,연수2동,2026-06-30,2026-07-31,publishable_aggregate,19037,4201,9693,4630,1473,0.220676,0.477664,0.350631
2818576300,연수구,연수3동,2026-06-30,2026-07-31,publishable_aggregate,14237,3915,7072,3129,1504,0.274988,0.442449,0.384163
2818576600,연수구,청학동,2026-06-30,2026-07-31,publishable_aggregate,21669,5769,11870,6272,2037,0.266233,0.528391,0.353094
2818578000,연수구,동춘1동,2026-06-30,2026-07-31,publishable_aggregate,25304,4025,9626,1980,617,0.159066,0.205693,0.153292
2818579000,연수구,동춘2동,2026-06-30,2026-07-31,publishable_aggregate,16368,3210,6823,1820,598,0.196114,0.266745,0.186293
2818579500,연수구,동춘3동,2026-06-30,2026-07-31,publishable_aggregate,17290,2988,5745,646,317,0.172817,0.112446,0.106091
2818582000,연수구,송도1동,2026-06-30,2026-07-31,publishable_aggregate,36150,4809,14648,4919,523,0.133029,0.335814,0.108754
2818583000,연수구,송도2동,2026-06-30,2026-07-31,publishable_aggregate,37352,3080,12526,1866,359,0.082459,0.14897,0.116558
2818584000,연수구,송도3동,2026-06-30,2026-07-31,publishable_aggregate,49880,4181,20086,6160,504,0.083821,0.306681,0.120545
2818585000,연수구,송도4동,2026-06-30,2026-07-31,publishable_aggregate,56032,3881,20449,4098,422,0.069264,0.200401,0.108735
2818586000,연수구,송도5동,2026-06-30,2026-07-31,publishable_aggregate,46758,3745,17508,3427,417,0.080093,0.195739,0.111348
2820051000,남동구,구월1동,2026-06-30,2026-07-31,publishable_aggregate,30030,5755,13895,5559,1702,0.191642,0.400072,0.295743
2820052000,남동구,구월2동,2026-06-30,2026-07-31,publishable_aggregate,36517,6425,13913,3107,1277,0.175945,0.223316,0.198755
2820052100,남동구,구월3동,2026-06-30,2026-07-31,publishable_aggregate,28008,4312,17552,11396,1392,0.153956,0.649271,0.32282
2820052200,남동구,구월4동,2026-06-30,2026-07-31,publishable_aggregate,12577,3679,7457,4323,1641,0.292518,0.579724,0.446045
2820053000,남동구,간석1동,2026-06-30,2026-07-31,publishable_aggregate,18417,4419,9500,4406,1397,0.239941,0.463789,0.316135
2820054000,남동구,간석2동,2026-06-30,2026-07-31,publishable_aggregate,20355,4612,9292,3687,1199,0.226578,0.396793,0.259974
2820055000,남동구,간석3동,2026-06-30,2026-07-31,publishable_aggregate,24732,6210,12559,5680,2149,0.251092,0.452265,0.346055
2820055100,남동구,간석4동,2026-06-30,2026-07-31,publishable_aggregate,27677,6229,13762,6122,1863,0.225061,0.444848,0.299085
2820056000,남동구,만수1동,2026-06-30,2026-07-31,publishable_aggregate,15055,4610,8740,4862,2145,0.306211,0.556293,0.465293
2820057000,남동구,만수2동,2026-06-30,2026-07-31,publishable_aggregate,21934,5013,9546,3129,1265,0.228549,0.327781,0.252344
2820058000,남동구,만수3동,2026-06-30,2026-07-31,publishable_aggregate,15552,3570,7002,2496,1006,0.229552,0.35647,0.281793
2820058100,남동구,만수4동,2026-06-30,2026-07-31,publishable_aggregate,18052,4643,8727,3436,1352,0.257201,0.393721,0.291191
2820058200,남동구,만수5동,2026-06-30,2026-07-31,publishable_aggregate,13893,4191,7515,3698,1493,0.301663,0.492083,0.35624
2820058300,남동구,만수6동,2026-06-30,2026-07-31,publishable_aggregate,21627,5762,10154,4011,1766,0.266426,0.395017,0.306491
2820065000,남동구,장수서창동,2026-06-30,2026-07-31,publishable_aggregate,18118,4424,7804,2549,1055,0.244177,0.326627,0.238472
2820065500,남동구,서창2동,2026-06-30,2026-07-31,publishable_aggregate,37307,6068,15740,5373,1974,0.16265,0.34136,0.325313
2820066000,남동구,남촌도림동,2026-06-30,2026-07-31,publishable_aggregate,18594,4842,8912,3558,1421,0.260407,0.399237,0.293474
2820069000,남동구,논현1동,2026-06-30,2026-07-31,publishable_aggregate,30990,5739,14250,5719,1699,0.185189,0.401333,0.296045
2820070000,남동구,논현2동,2026-06-30,2026-07-31,publishable_aggregate,30616,6461,15359,7105,1900,0.211033,0.462595,0.294072
2820071000,남동구,논현고잔동,2026-06-30,2026-07-31,publishable_aggregate,39098,5326,15703,4608,1357,0.136222,0.293447,0.254788
2823751000,부평구,부평1동,2026-06-30,2026-07-31,publishable_aggregate,34433,7177,17395,8008,1719,0.208434,0.460362,0.239515
2823752000,부평구,부평2동,2026-06-30,2026-07-31,publishable_aggregate,16750,3580,8472,3782,1192,0.213731,0.446412,0.332961
2823753000,부평구,부평3동,2026-06-30,2026-07-31,publishable_aggregate,14210,3390,6943,3063,1188,0.238564,0.441164,0.350442
2823754000,부평구,부평4동,2026-06-30,2026-07-31,publishable_aggregate,32903,6681,17835,9205,2311,0.203051,0.51612,0.345906
2823755000,부평구,부평5동,2026-06-30,2026-07-31,publishable_aggregate,32878,5496,16558,7558,1752,0.167163,0.456456,0.318777
2823756000,부평구,부평6동,2026-06-30,2026-07-31,publishable_aggregate,19118,3748,9352,3912,1084,0.196046,0.418306,0.289221
2823757000,부평구,산곡1동,2026-06-30,2026-07-31,publishable_aggregate,14167,2692,6241,1997,684,0.190019,0.319981,0.254086
2823758000,부평구,산곡2동,2026-06-30,2026-07-31,publishable_aggregate,28506,5551,10599,2047,881,0.194731,0.193131,0.15871
2823758100,부평구,산곡3동,2026-06-30,2026-07-31,publishable_aggregate,19591,5742,8525,2740,1397,0.293094,0.321408,0.243295
2823758200,부평구,산곡4동,2026-06-30,2026-07-31,publishable_aggregate,16132,3657,6559,1758,766,0.226692,0.268029,0.209461
2823759100,부평구,청천1동,2026-06-30,2026-07-31,publishable_aggregate,22713,3093,9690,2846,749,0.136178,0.293705,0.24216
2823759200,부평구,청천2동,2026-06-30,2026-07-31,publishable_aggregate,32609,6644,14585,5042,1706,0.203747,0.345698,0.256773
2823764100,부평구,갈산1동,2026-06-30,2026-07-31,publishable_aggregate,13902,3249,6666,2621,846,0.233707,0.393189,0.260388
2823764200,부평구,갈산2동,2026-06-30,2026-07-31,publishable_aggregate,16989,4676,8077,3379,1498,0.275237,0.418348,0.320359
2823764600,부평구,삼산1동,2026-06-30,2026-07-31,publishable_aggregate,30964,6617,13947,4980,2326,0.2137,0.357066,0.351519
2823764800,부평구,삼산2동,2026-06-30,2026-07-31,publishable_aggregate,26748,4480,10244,2327,1012,0.167489,0.227157,0.225893
2823765000,부평구,부개1동,2026-06-30,2026-07-31,publishable_aggregate,14679,4489,7652,3602,1491,0.305811,0.470727,0.332145
2823766000,부평구,부개2동,2026-06-30,2026-07-31,publishable_aggregate,18726,4017,8340,2857,988,0.214515,0.342566,0.245955
2823766100,부평구,부개3동,2026-06-30,2026-07-31,publishable_aggregate,27092,5553,12014,4105,1399,0.204968,0.341685,0.251936
2823767000,부평구,일신동,2026-06-30,2026-07-31,publishable_aggregate,11079,2864,4999,1754,655,0.258507,0.35087,0.228701
2823768000,부평구,십정1동,2026-06-30,2026-07-31,publishable_aggregate,23630,4341,10748,3746,1314,0.183707,0.34853,0.302695
2823769000,부평구,십정2동,2026-06-30,2026-07-31,publishable_aggregate,20372,5588,11293,6019,2129,0.274298,0.532985,0.380995
2824560100,계양구,효성1동,2026-06-30,2026-07-31,publishable_aggregate,25432,5821,11551,4081,1584,0.228885,0.353303,0.272118
2824560200,계양구,효성2동,2026-06-30,2026-07-31,publishable_aggregate,29093,6322,12642,3879,1474,0.217303,0.306834,0.233154
2824561100,계양구,계산1동,2026-06-30,2026-07-31,publishable_aggregate,17220,4466,9838,5499,1666,0.25935,0.558955,0.373041
2824561200,계양구,계산2동,2026-06-30,2026-07-31,publishable_aggregate,13779,3792,7499,3887,1332,0.275201,0.518336,0.351266
2824561300,계양구,계산3동,2026-06-30,2026-07-31,publishable_aggregate,16842,3628,8404,3581,1018,0.215414,0.426107,0.280595
2824561400,계양구,계산4동,2026-06-30,2026-07-31,publishable_aggregate,22079,3595,9473,3490,897,0.162824,0.368415,0.249513
2824562100,계양구,작전1동,2026-06-30,2026-07-31,publishable_aggregate,25417,5220,11174,3698,1262,0.205374,0.330947,0.241762
2824562200,계양구,작전2동,2026-06-30,2026-07-31,publishable_aggregate,23331,5096,11063,4320,1528,0.218422,0.390491,0.299843
2824564000,계양구,작전서운동,2026-06-30,2026-07-31,publishable_aggregate,31670,5313,13998,4907,1475,0.167761,0.35055,0.277621
2824571000,계양구,계양1동,2026-06-30,2026-07-31,publishable_aggregate,18478,4386,8193,2802,1090,0.237363,0.341999,0.248518
2824572000,계양구,계양2동,2026-06-30,2026-07-31,publishable_aggregate,30155,7049,15754,7562,2689,0.233759,0.480005,0.381473
2824573000,계양구,계양3동,2026-06-30,2026-07-31,publishable_aggregate,22813,4159,9700,3053,1023,0.182308,0.314742,0.245973
2827551500,서해구,검암경서동,2026-06-30,2026-07-31,publishable_aggregate,43333,5971,20238,8104,1427,0.137793,0.400435,0.238988
2827553000,서해구,연희동,2026-06-30,2026-07-31,publishable_aggregate,36003,8145,18437,8660,2854,0.226231,0.469708,0.350399
2827553600,서해구,청라1동,2026-06-30,2026-07-31,publishable_aggregate,30445,2606,12099,3597,415,0.085597,0.297297,0.159248
2827553700,서해구,청라2동,2026-06-30,2026-07-31,publishable_aggregate,47814,4868,18334,4999,750,0.101811,0.272663,0.154067
2827553900,서해구,청라3동,2026-06-30,2026-07-31,publishable_aggregate,36919,2915,14736,4759,356,0.078957,0.322951,0.122127
2827554200,서해구,가정1동,2026-06-30,2026-07-31,publishable_aggregate,42301,5765,18181,6023,1830,0.136285,0.33128,0.317433
2827554300,서해구,가정2동,2026-06-30,2026-07-31,publishable_aggregate,17131,1944,7174,2175,428,0.113478,0.303178,0.220165
2827554400,서해구,가정3동,2026-06-30,2026-07-31,publishable_aggregate,8264,1884,4112,1792,567,0.227977,0.435798,0.300955
2827555000,서해구,석남1동,2026-06-30,2026-07-31,publishable_aggregate,19693,4978,10357,4986,1658,0.25278,0.481414,0.333065
2827556000,서해구,석남2동,2026-06-30,2026-07-31,publishable_aggregate,11594,3219,5780,2454,902,0.277644,0.424567,0.280211
2827556100,서해구,석남3동,2026-06-30,2026-07-31,publishable_aggregate,12747,3058,6578,3000,1073,0.2399,0.456066,0.350883
2827557500,서해구,신현원창동,2026-06-30,2026-07-31,publishable_aggregate,28521,5850,12430,4177,1391,0.205112,0.336042,0.237778
2827558000,서해구,가좌1동,2026-06-30,2026-07-31,publishable_aggregate,12296,2810,6590,3205,1048,0.22853,0.486343,0.372954
2827559000,서해구,가좌2동,2026-06-30,2026-07-31,publishable_aggregate,17887,4154,7496,2144,958,0.232236,0.286019,0.230621
2827560000,서해구,가좌3동,2026-06-30,2026-07-31,publishable_aggregate,14773,4179,7891,3754,1339,0.282881,0.475732,0.320412
2827561000,서해구,가좌4동,2026-06-30,2026-07-31,publishable_aggregate,12133,2789,5790,2250,797,0.229869,0.388601,0.285766
2829051000,검단구,검단동,2026-06-30,2026-07-31,publishable_aggregate,32218,5494,15761,6961,1723,0.170526,0.44166,0.313615
2829052000,검단구,불로대곡동,2026-06-30,2026-07-31,publishable_aggregate,48409,5404,18686,4573,1180,0.111632,0.244729,0.218357
2829053000,검단구,원당동,2026-06-30,2026-07-31,publishable_aggregate,22794,3235,10331,3953,928,0.141923,0.382635,0.286862
2829054000,검단구,당하동,2026-06-30,2026-07-31,publishable_aggregate,43306,6045,18857,6422,1598,0.139588,0.340563,0.264351
2829055000,검단구,오류왕길동,2026-06-30,2026-07-31,publishable_aggregate,25498,4612,10867,3552,1161,0.180877,0.326861,0.251735
2829056000,검단구,마전동,2026-06-30,2026-07-31,publishable_aggregate,21012,3183,8212,2239,588,0.151485,0.27265,0.184731
2829057000,검단구,아라1동,2026-06-30,2026-07-31,publishable_aggregate,46901,3209,18087,4403,763,0.068421,0.243435,0.237769
2829058000,검단구,아라2동,2026-06-30,2026-07-31,publishable_aggregate,30883,2306,11481,2097,504,0.074669,0.18265,0.21856
2871025000,강화군,강화읍,2026-06-30,2026-07-31,publishable_aggregate,21381,6960,10633,4750,2284,0.325523,0.446722,0.328161
2871031000,강화군,선원면,2026-06-30,2026-07-31,publishable_aggregate,10204,3185,4815,1832,824,0.312132,0.380478,0.258713
2871032000,강화군,불은면,2026-06-30,2026-07-31,publishable_aggregate,4964,2487,2791,1375,821,0.501007,0.492655,0.330117
2871033000,강화군,길상면,2026-06-30,2026-07-31,publishable_aggregate,7217,3092,3781,1738,874,0.428433,0.459667,0.282665
2871034000,강화군,화도면,2026-06-30,2026-07-31,publishable_aggregate,4484,2242,2508,1257,703,0.5,0.501196,0.313559
2871035000,강화군,양도면,2026-06-30,2026-07-31,publishable_aggregate,4200,2106,2239,1024,584,0.501429,0.457347,0.277303
2871036000,강화군,내가면,2026-06-30,2026-07-31,publishable_aggregate,2887,1530,1622,780,473,0.529962,0.480888,0.30915
2871037000,강화군,하점면,2026-06-30,2026-07-31,publishable_aggregate,4012,2125,2155,1043,615,0.529661,0.483991,0.289412
2871038000,강화군,양사면,2026-06-30,2026-07-31,publishable_aggregate,1928,1003,1064,529,319,0.520228,0.49718,0.318046
2871039000,강화군,송해면,2026-06-30,2026-07-31,publishable_aggregate,3185,1554,1673,731,447,0.487912,0.43694,0.287645
2871040000,강화군,교동면,2026-06-30,2026-07-31,publishable_aggregate,2628,1461,1502,745,463,0.555936,0.496005,0.316906
2871041000,강화군,삼산면,2026-06-30,2026-07-31,publishable_aggregate,1970,1057,1156,614,359,0.536548,0.531142,0.33964
2871042000,강화군,서도면,2026-06-30,2026-07-31,publishable_aggregate,355,195,217,122,73,0.549296,0.562212,0.374359
2871042500,강화군,서도면볼음출장소,2026-06-30,2026-07-31,publishable_aggregate,266,166,173,100,62,0.62406,0.578035,0.373494
2872031000,옹진군,북도면,2026-06-30,2026-07-31,publishable_aggregate,1135,558,694,408,217,0.49163,0.587896,0.388889
2872031500,옹진군,북도면장봉출장소,2026-06-30,2026-07-31,publishable_aggregate,948,469,563,331,160,0.494726,0.587922,0.341151
2872033000,옹진군,백령면,2026-06-30,2026-07-31,publishable_aggregate,4442,1327,2778,1795,494,0.298739,0.646148,0.372268
2872034000,옹진군,대청면,2026-06-30,2026-07-31,publishable_aggregate,1123,427,727,479,176,0.380232,0.658872,0.412178
2872034500,옹진군,대청면소청출장소,2026-06-30,2026-07-31,publishable_aggregate,233,115,176,130,57,0.493562,0.738636,0.495652
2872035000,옹진군,덕적면,2026-06-30,2026-07-31,publishable_aggregate,1836,949,1217,772,402,0.516885,0.634347,0.423604
2872036000,옹진군,영흥면,2026-06-30,2026-07-31,publishable_aggregate,6451,2295,3819,2216,881,0.355759,0.580257,0.383878
2872037000,옹진군,자월면,2026-06-30,2026-07-31,publishable_aggregate,927,454,597,368,183,0.489752,0.616415,0.403084
2872037500,옹진군,자월면이작출장소,2026-06-30,2026-07-31,publishable_aggregate,358,176,227,135,80,0.49162,0.594714,0.454545
2872038000,옹진군,연평면,2026-06-30,2026-07-31,publishable_aggregate,1887,495,1407,1086,258,0.262321,0.771855,0.521212
