source_data_row,source_date,company_name,company_id,route_number,route_id,sequence,source_stop_name,source_stop_number,source_isc_id,segment_distance_m,cumulative_distance_m,major_via_flag,direction,normalized_stop_name,stop_match_key,match_status,match_candidate_count,same_number_candidate_count,candidate_place_ids,candidate_names,place_id,master_source_id,master_source_date,master_stop_name,source_district,district,dong,latitude,longitude,coordinate_status,valid_wgs84,in_incheon,point_status
122,2025-12-31,(주)마니버스,168016,9500,165000163,23,고속터미널(중),31018,2803390,826,42242,Y,상행,고속터미널중,31018|고속터미널중,unmatched,0,1,bus:121000020,고속터미널,,,,,,,,,,,false,false,unmatched
124,2025-12-31,(주)마니버스,168016,9500,165000163,25,논현역(중),32007,2803568,1262,44333,Y,상행,논현역중,32007|논현역중,unmatched,0,1,bus:121000013,논현역,,,,,,,,,,,false,false,unmatched
134,2025-12-31,(주)마니버스,168016,9500,165000163,35,양재역.서초문화예술회관(중),31008,2803398,554,51460,Y,하행,양재역서초문화예술회관중,31008|양재역서초문화예술회관중,unmatched,0,1,bus:121000004,양재역.서초문화예술회관,,,,,,,,,,,false,false,unmatched
979,2025-12-31,강인여객,166001,223,165000063,103,영종국제도시수자인,35891,2808573,695,61621,N,하행,영종국제도시수자인,35891|영종국제도시수자인,unmatched,0,1,bus:161000891,동원로얄듀크마리나포레,,,,,,,,,,,false,false,unmatched
1378,2025-12-31,강화교통,169002,Feb-60,165000229,43,인삼농협앞,80116,2805220,194,27450,,하행,인삼농협앞,80116|인삼농협앞,unmatched,0,1,bus:232000306,양곡사거리.양촌터미널,,,,,,,,,,,false,false,unmatched
2243,2025-12-31,강화교통,169002,800A,169000025,15,주안센트럴파라곤 아파트,37302,2802774,1630,46686,N,상행,주안센트럴파라곤아파트,37302|주안센트럴파라곤아파트,unmatched,0,1,bus:163000302,(구)주안2동치안센터,,,,,,,,,,,false,false,unmatched
2376,2025-12-31,강화교통,169002,801,169000027,17,주안센트럴파라곤 아파트,37302,2802774,1630,46678,N,상행,주안센트럴파라곤아파트,37302|주안센트럴파라곤아파트,unmatched,0,1,bus:163000302,(구)주안2동치안센터,,,,,,,,,,,false,false,unmatched
2726,2025-12-31,검단버스,161009,904-1,165000355,75,경연초중학교·청라호반써밋,89285,2807268,368,41114,,하행,경연초중학교청라호반써밋,89285|경연초중학교청라호반써밋,unmatched,0,1,bus:168001285,경연초중학교·호반베르디움6차,,,,,,,,,,,false,false,unmatched
3228,2025-12-31,검단버스,161009,인천e음22,168000037,19,주민행복센터,36152,2806182,640,6795,N,하행,주민행복센터,36152|주민행복센터,unmatched,0,1,bus:162000152,송림체육관후문,,,,,,,,,,,false,false,unmatched
3252,2025-12-31,검단버스,161009,인천e음31,168000040,7,두산위브더제니스센트럴여의 아파트,37296,2802780,186,2711,N,상행,두산위브더제니스센트럴여의아파트,37296|두산위브더제니스센트럴여의아파트,unmatched,0,1,bus:163000296,숭의초등학교,,,,,,,,,,,false,false,unmatched
3579,2025-12-31,검단버스,161009,인천e음87,168000018,24,인천검단가온중학교,42725,2804828,784,10323,N,하행,인천검단가온중학교,42725|인천검단가온중학교,unmatched,0,1,bus:168000725,신검단중학교,,,,,,,,,,,false,false,unmatched
3584,2025-12-31,검단버스,161009,인천e음88,168000019,4,인천검단가온중학교,42647,2803560,414,967,N,상행,인천검단가온중학교,42647|인천검단가온중학교,unmatched,0,1,bus:168000647,신검단중학교,,,,,,,,,,,false,false,unmatched
3663,2025-12-31,검단버스,161009,인천e음88,168000019,83,인천검단가온중학교,42725,2804828,310,40616,N,하행,인천검단가온중학교,42725|인천검단가온중학교,unmatched,0,1,bus:168000725,신검단중학교,,,,,,,,,,,false,false,unmatched
3664,2025-12-31,검단버스,161009,인천e음88,168000019,84,힐스테이트신검단센트럴,89572,2808886,235,40851,N,하행,힐스테이트신검단센트럴,89572|힐스테이트신검단센트럴,unmatched,0,1,bus:168001572,힐스테이트검단웰카운티,,,,,,,,,,,false,false,unmatched
11290,2025-12-31,더월드교통,164004,1300,165000149,54,부천시청역5번출구.부천아트센터,55060,2800194,669,66592,N,하행,부천시청역5번출구부천아트센터,55060|부천시청역5번출구부천아트센터,unmatched,0,1,bus:210000406,부천시청역5번출구,,,,,,,,,,,false,false,unmatched
11357,2025-12-31,더월드교통,164004,1300-1,164000006,38,부천시청역5번출구.부천아트센터,55060,2800194,669,58199,N,하행,부천시청역5번출구부천아트센터,55060|부천시청역5번출구부천아트센터,unmatched,0,1,bus:210000406,부천시청역5번출구,,,,,,,,,,,false,false,unmatched
11438,2025-12-31,더월드교통,164004,1301,165000150,52,부천시청역5번출구.부천아트센터,55060,2800194,669,66291,N,하행,부천시청역5번출구부천아트센터,55060|부천시청역5번출구부천아트센터,unmatched,0,1,bus:210000406,부천시청역5번출구,,,,,,,,,,,false,false,unmatched
11517,2025-12-31,더월드교통,164004,1302,165000421,53,부천시청역5번출구.부천아트센터,55060,2800194,669,65090,N,하행,부천시청역5번출구부천아트센터,55060|부천시청역5번출구부천아트센터,unmatched,0,1,bus:210000406,부천시청역5번출구,,,,,,,,,,,false,false,unmatched
12020,2025-12-31,도영운수,164001,523,165000085,22,원흥아파트·옥련시장,38336,2802375,376,7116,N,상행,원흥아파트옥련시장,38336|원흥아파트옥련시장,unmatched,0,1,bus:164000336,원흥아파트,,,,,,,,,,,false,false,unmatched
12072,2025-12-31,도영운수,164001,523,165000085,74,청학문화센터,38239,2802449,541,24671,N,하행,청학문화센터,38239|청학문화센터,unmatched,0,1,bus:164000239,청학동.한국전력남인천지사,,,,,,,,,,,false,false,unmatched
12492,2025-12-31,도영운수,164001,Jan-65,165000046,52,청학문화센터,38239,2802449,243,20248,N,하행,청학문화센터,38239|청학문화센터,unmatched,0,1,bus:164000239,청학동.한국전력남인천지사,,,,,,,,,,,false,false,unmatched
12501,2025-12-31,도영운수,164001,Jan-65,165000046,61,원흥아파트·옥련시장,38336,2802375,376,22791,N,하행,원흥아파트옥련시장,38336|원흥아파트옥련시장,unmatched,0,1,bus:164000336,원흥아파트,,,,,,,,,,,false,false,unmatched
13056,2025-12-31,동화운수,167001,02월 01일,165000238,104,경연초중학교·청라호반써밋,89285,2807268,384,43151,N,하행,경연초중학교청라호반써밋,89285|경연초중학교청라호반써밋,unmatched,0,1,bus:168001285,경연초중학교·호반베르디움6차,,,,,,,,,,,false,false,unmatched
13330,2025-12-31,마니교통,168013,42,165000039,39,태화아파트,42123,2800704,326,14228,N,상행,태화아파트,42123|태화아파트,unmatched,0,1,bus:168000123,미주탕,,,,,,,,,,,false,false,unmatched
13382,2025-12-31,마니교통,168013,42,165000039,91,태화아파트,42124,2800703,224,34476,N,하행,태화아파트,42124|태화아파트,unmatched,0,1,bus:168000124,미주탕,,,,,,,,,,,false,false,unmatched
13668,2025-12-31,마니교통,168013,81,165000442,17,송림동트레이더스홀세일클럽,36100,2803056,467,7178,N,상행,송림동트레이더스홀세일클럽,36100|송림동트레이더스홀세일클럽,unmatched,0,1,bus:162000100,이마트송림점,,,,,,,,,,,false,false,unmatched
13753,2025-12-31,마니교통,168013,81,165000442,102,송림동트레이더스홀세일클럽,36098,2803058,349,45991,N,하행,송림동트레이더스홀세일클럽,36098|송림동트레이더스홀세일클럽,unmatched,0,1,bus:162000098,이마트송림점,,,,,,,,,,,false,false,unmatched
13918,2025-12-31,미래교통,166011,111-2,165000180,14,원흥아파트·옥련시장,38336,2802375,303,5250,N,상행,원흥아파트옥련시장,38336|원흥아파트옥련시장,unmatched,0,1,bus:164000336,원흥아파트,,,,,,,,,,,false,false,unmatched
14012,2025-12-31,미래교통,166011,111-2,165000180,108,원흥아파트·옥련시장,38131,2802529,171,42082,N,하행,원흥아파트옥련시장,38131|원흥아파트옥련시장,unmatched,0,1,bus:164000131,원흥아파트,,,,,,,,,,,false,false,unmatched
14573,2025-12-31,미추홀교통,161005,76,165000050,17,인천검단가온중학교,42725,2804828,310,5456,N,상행,인천검단가온중학교,42725|인천검단가온중학교,unmatched,0,1,bus:168000725,신검단중학교,,,,,,,,,,,false,false,unmatched
14574,2025-12-31,미추홀교통,161005,76,165000050,18,힐스테이트신검단센트럴,89572,2808886,235,5691,N,상행,힐스테이트신검단센트럴,89572|힐스테이트신검단센트럴,unmatched,0,1,bus:168001572,힐스테이트검단웰카운티,,,,,,,,,,,false,false,unmatched
14599,2025-12-31,미추홀교통,161005,76,165000050,43,동양체육문화센터,41554,2805868,716,17670,N,상행,동양체육문화센터,41554|동양체육문화센터,unmatched,0,1,bus:167000554,동양자이입구,,,,,,,,,,,false,false,unmatched
14616,2025-12-31,미추홀교통,161005,76,165000050,60,동양체육문화센터,41555,2805869,235,23248,N,하행,동양체육문화센터,41555|동양체육문화센터,unmatched,0,1,bus:167000555,동양자이입구,,,,,,,,,,,false,false,unmatched
14642,2025-12-31,미추홀교통,161005,76,165000050,86,인천검단가온중학교,42647,2803560,414,35420,N,하행,인천검단가온중학교,42647|인천검단가온중학교,unmatched,0,1,bus:168000647,신검단중학교,,,,,,,,,,,false,false,unmatched
14674,2025-12-31,미추홀교통,161005,76A,161000010,15,인천검단가온중학교,42725,2804828,699,5371,N,상행,인천검단가온중학교,42725|인천검단가온중학교,unmatched,0,1,bus:168000725,신검단중학교,,,,,,,,,,,false,false,unmatched
14696,2025-12-31,미추홀교통,161005,76A,161000010,39,동양체육문화센터,41554,2805868,716,15900,N,상행,동양체육문화센터,41554|동양체육문화센터,unmatched,0,1,bus:167000554,동양자이입구,,,,,,,,,,,false,false,unmatched
14723,2025-12-31,미추홀교통,161005,76A,161000010,68,동양체육문화센터,41555,2805869,184,24208,N,하행,동양체육문화센터,41555|동양체육문화센터,unmatched,0,1,bus:167000555,동양자이입구,,,,,,,,,,,false,false,unmatched
14745,2025-12-31,미추홀교통,161005,76A,161000010,92,인천검단가온중학교,42647,2803560,1041,34742,N,하행,인천검단가온중학교,42647|인천검단가온중학교,unmatched,0,1,bus:168000647,신검단중학교,,,,,,,,,,,false,false,unmatched
14776,2025-12-31,미추홀교통,161005,77,161000012,17,인천검단가온중학교,42725,2804828,310,5456,N,상행,인천검단가온중학교,42725|인천검단가온중학교,unmatched,0,1,bus:168000725,신검단중학교,,,,,,,,,,,false,false,unmatched
14777,2025-12-31,미추홀교통,161005,77,161000012,18,힐스테이트신검단센트럴,89572,2808886,235,5691,N,상행,힐스테이트신검단센트럴,89572|힐스테이트신검단센트럴,unmatched,0,1,bus:168001572,힐스테이트검단웰카운티,,,,,,,,,,,false,false,unmatched
14824,2025-12-31,미추홀교통,161005,77,161000012,65,인천검단가온중학교,42647,2803560,414,26211,N,하행,인천검단가온중학교,42647|인천검단가온중학교,unmatched,0,1,bus:168000647,신검단중학교,,,,,,,,,,,false,false,unmatched
15808,2025-12-31,삼성여객,166006,506,165000071,52,두산위브더제니스센트럴여의 아파트,37296,2802780,455,19269,N,하행,두산위브더제니스센트럴여의아파트,37296|두산위브더제니스센트럴여의아파트,unmatched,0,1,bus:163000296,숭의초등학교,,,,,,,,,,,false,false,unmatched
16263,2025-12-31,삼환교통,161001,14,165000017,42,태화아파트,42124,2800703,224,14524,N,상행,태화아파트,42124|태화아파트,unmatched,0,1,bus:168000124,미주탕,,,,,,,,,,,false,false,unmatched
16321,2025-12-31,삼환교통,161001,14,165000017,100,태화아파트,42123,2800704,326,38305,N,하행,태화아파트,42123|태화아파트,unmatched,0,1,bus:168000123,미주탕,,,,,,,,,,,false,false,unmatched
16579,2025-12-31,삼환교통,161001,4,165000004,63,주안센트럴파라곤 아파트,37302,2802774,388,25989,N,상행,주안센트럴파라곤아파트,37302|주안센트럴파라곤아파트,unmatched,0,1,bus:163000302,(구)주안2동치안센터,,,,,,,,,,,false,false,unmatched
16857,2025-12-31,삼환교통,161001,58,161000007,97,오스템임플란트,39996,2807229,280,38708,N,하행,오스템임플란트,39996|오스템임플란트,unmatched,0,1,bus:165000996,라이크홈기숙사앞,,,,,,,,,,,false,false,unmatched
16975,2025-12-31,삼환교통,161001,63,165000044,9,송림동트레이더스홀세일클럽,36100,2803056,553,3221,,상행,송림동트레이더스홀세일클럽,36100|송림동트레이더스홀세일클럽,unmatched,0,1,bus:162000100,이마트송림점,,,,,,,,,,,false,false,unmatched
17880,2025-12-31,삼환운수,165001,동구-2,165000512,4,송림동트레이더스홀세일클럽,36100,2803056,655,1247,N,하행,송림동트레이더스홀세일클럽,36100|송림동트레이더스홀세일클럽,unmatched,0,1,bus:162000100,이마트송림점,,,,,,,,,,,false,false,unmatched
17991,2025-12-31,선진여객,168003,1200,165000148,42,부평신일 · 쌍용아파트,40786,2801187,512,57719,N,하행,부평신일쌍용아파트,40786|부평신일쌍용아파트,unmatched,0,1,bus:166000786,삼보아파트,,,,,,,,,,,false,false,unmatched
18028,2025-12-31,선진여객,168003,1800,165000335,31,합정역(중),23030,2805158,1283,43189,N,하행,합정역중,23030|합정역중,unmatched,0,0,,,,,,,,,,,,,false,false,unmatched
18254,2025-12-31,선진여객,168003,72,165000328,54,송림동트레이더스홀세일클럽,36100,2803056,467,24738,N,상행,송림동트레이더스홀세일클럽,36100|송림동트레이더스홀세일클럽,unmatched,0,1,bus:162000100,이마트송림점,,,,,,,,,,,false,false,unmatched
18284,2025-12-31,선진여객,168003,72,165000328,84,원흥아파트·옥련시장,38336,2802375,303,37146,N,하행,원흥아파트옥련시장,38336|원흥아파트옥련시장,unmatched,0,1,bus:164000336,원흥아파트,,,,,,,,,,,false,false,unmatched
18310,2025-12-31,선진여객,168003,72,165000328,110,송림동트레이더스홀세일클럽,36098,2803058,349,47876,N,하행,송림동트레이더스홀세일클럽,36098|송림동트레이더스홀세일클럽,unmatched,0,1,bus:162000098,이마트송림점,,,,,,,,,,,false,false,unmatched
18339,2025-12-31,선진여객,168003,72,165000328,139,경연초중학교·청라호반써밋,89285,2807268,369,59936,N,하행,경연초중학교청라호반써밋,89285|경연초중학교청라호반써밋,unmatched,0,1,bus:168001285,경연초중학교·호반베르디움6차,,,,,,,,,,,false,false,unmatched
18637,2025-12-31,선진여객,168003,87,165000055,34,동양체육문화센터,41554,2805868,851,15402,N,상행,동양체육문화센터,41554|동양체육문화센터,unmatched,0,1,bus:167000554,동양자이입구,,,,,,,,,,,false,false,unmatched
18716,2025-12-31,선진여객,168003,87,165000055,113,동양체육문화센터,41555,2805869,235,43697,N,하행,동양체육문화센터,41555|동양체육문화센터,unmatched,0,1,bus:167000555,동양자이입구,,,,,,,,,,,false,false,unmatched
18785,2025-12-31,선진여객,168003,9300,165000162,37,선바위역1번출구,66002,2800107,1751,58056,N,상행,선바위역1번출구,66002|선바위역1번출구,unmatched,0,1,bus:220000018,선바위역,,,,,,,,,,,false,false,unmatched
18786,2025-12-31,선진여객,168003,9300,165000162,38,송동마을.서초힐스아파트,22286,2807776,1710,59766,N,상행,송동마을서초힐스아파트,22286|송동마을서초힐스아파트,unmatched,0,1,bus:121000210,서초힐스아파트,,,,,,,,,,,false,false,unmatched
19061,2025-12-31,성민버스,164003,03월 02일,165000310,24,태화아파트,42123,2800704,326,9636,N,상행,태화아파트,42123|태화아파트,unmatched,0,1,bus:168000123,미주탕,,,,,,,,,,,false,false,unmatched
19161,2025-12-31,성민버스,164003,03월 02일,165000310,124,태화아파트,42124,2800703,400,53587,N,하행,태화아파트,42124|태화아파트,unmatched,0,1,bus:168000124,미주탕,,,,,,,,,,,false,false,unmatched
19198,2025-12-31,성민버스,164003,511,165000073,13,주안센트럴파라곤 아파트,37302,2802774,388,4314,N,상행,주안센트럴파라곤아파트,37302|주안센트럴파라곤아파트,unmatched,0,1,bus:163000302,(구)주안2동치안센터,,,,,,,,,,,false,false,unmatched
19222,2025-12-31,성민버스,164003,512,165000074,6,두산위브더제니스센트럴여의 아파트,37296,2802780,186,2123,N,상행,두산위브더제니스센트럴여의아파트,37296|두산위브더제니스센트럴여의아파트,unmatched,0,1,bus:163000296,숭의초등학교,,,,,,,,,,,false,false,unmatched
19277,2025-12-31,성민버스,164003,9,165000334,30,원흥아파트·옥련시장,38336,2802375,303,15843,N,상행,원흥아파트옥련시장,38336|원흥아파트옥련시장,unmatched,0,1,bus:164000336,원흥아파트,,,,,,,,,,,false,false,unmatched
19304,2025-12-31,성민버스,164003,9,165000334,57,주민행복센터,36152,2806182,620,27151,N,상행,주민행복센터,36152|주민행복센터,unmatched,0,1,bus:162000152,송림체육관후문,,,,,,,,,,,false,false,unmatched
19358,2025-12-31,성민버스,164003,9,165000334,111,원흥아파트·옥련시장,38131,2802529,171,51543,N,하행,원흥아파트옥련시장,38131|원흥아파트옥련시장,unmatched,0,1,bus:164000131,원흥아파트,,,,,,,,,,,false,false,unmatched
19402,2025-12-31,성민버스,164003,M6458,164000007,13,고속터미널(중),31018,2803390,826,36771,N,상행,고속터미널중,31018|고속터미널중,unmatched,0,1,bus:121000020,고속터미널,,,,,,,,,,,false,false,unmatched
19404,2025-12-31,성민버스,164003,M6458,164000007,15,논현역(중),32007,2803568,1262,38862,N,상행,논현역중,32007|논현역중,unmatched,0,1,bus:121000013,논현역,,,,,,,,,,,false,false,unmatched
19406,2025-12-31,성민버스,164003,M6458,164000007,17,양재역.서초문화예술회관(중),31010,2803397,1617,41892,N,상행,양재역서초문화예술회관중,31010|양재역서초문화예술회관중,unmatched,0,1,bus:121000003,양재역.서초문화예술회관,,,,,,,,,,,false,false,unmatched
19409,2025-12-31,성민버스,164003,M6458,164000007,20,양재역.서초문화예술회관(중),31008,2803398,1237,45120,N,하행,양재역서초문화예술회관중,31008|양재역서초문화예술회관중,unmatched,0,1,bus:121000004,양재역.서초문화예술회관,,,,,,,,,,,false,false,unmatched
19464,2025-12-31,성산여객,166007,521,165000083,13,원흥아파트·옥련시장,38131,2802529,171,2682,N,상행,원흥아파트옥련시장,38131|원흥아파트옥련시장,unmatched,0,1,bus:164000131,원흥아파트,,,,,,,,,,,false,false,unmatched
20286,2025-12-31,세운교통,166004,11,165000014,118,부평신일 · 쌍용아파트,40786,2801187,277,46791,N,하행,부평신일쌍용아파트,40786|부평신일쌍용아파트,unmatched,0,1,bus:166000786,삼보아파트,,,,,,,,,,,false,false,unmatched
20330,2025-12-31,세운교통,166004,01월 24일,165000028,31,부평서중 · 부광고,40092,2801736,377,12094,N,상행,부평서중부광고,40092|부평서중부광고,unmatched,0,1,bus:166000092,부평서중,,,,,,,,,,,false,false,unmatched
20419,2025-12-31,세운교통,166004,01월 24일,165000028,120,부평서중 · 부광고,40095,2801733,175,50675,N,하행,부평서중부광고,40095|부평서중부광고,unmatched,0,1,bus:166000095,부평서중,,,,,,,,,,,false,false,unmatched
20426,2025-12-31,세운교통,166004,01월 24일,165000028,127,부평신일 · 쌍용아파트,40786,2801187,358,53185,N,하행,부평신일쌍용아파트,40786|부평신일쌍용아파트,unmatched,0,1,bus:166000786,삼보아파트,,,,,,,,,,,false,false,unmatched
20452,2025-12-31,세운교통,166004,26,166000014,7,송림동트레이더스홀세일클럽,36100,2803056,655,3323,N,상행,송림동트레이더스홀세일클럽,36100|송림동트레이더스홀세일클럽,unmatched,0,1,bus:162000100,이마트송림점,,,,,,,,,,,false,false,unmatched
20527,2025-12-31,세운교통,166004,26,166000014,82,송림동트레이더스홀세일클럽,36098,2803058,349,28430,N,하행,송림동트레이더스홀세일클럽,36098|송림동트레이더스홀세일클럽,unmatched,0,1,bus:162000098,이마트송림점,,,,,,,,,,,false,false,unmatched
20535,2025-12-31,세운교통,166004,28,165000030,5,송림동트레이더스홀세일클럽,36100,2803056,467,2700,N,상행,송림동트레이더스홀세일클럽,36100|송림동트레이더스홀세일클럽,unmatched,0,1,bus:162000100,이마트송림점,,,,,,,,,,,false,false,unmatched
20625,2025-12-31,세운교통,166004,28,165000030,95,부평신일 · 쌍용아파트,40786,2801187,277,33421,N,하행,부평신일쌍용아파트,40786|부평신일쌍용아파트,unmatched,0,1,bus:166000786,삼보아파트,,,,,,,,,,,false,false,unmatched
20656,2025-12-31,세운교통,166004,28,165000030,126,송림동트레이더스홀세일클럽,36098,2803058,349,44243,N,하행,송림동트레이더스홀세일클럽,36098|송림동트레이더스홀세일클럽,unmatched,0,1,bus:162000098,이마트송림점,,,,,,,,,,,false,false,unmatched
20741,2025-12-31,세운교통,166004,Jan-67,165000048,80,부평신일 · 쌍용아파트,40786,2801187,277,27532,N,하행,부평신일쌍용아파트,40786|부평신일쌍용아파트,unmatched,0,1,bus:166000786,삼보아파트,,,,,,,,,,,false,false,unmatched
20754,2025-12-31,세운교통,166004,Jan-67,165000048,93,송림동트레이더스홀세일클럽,36098,2803058,652,33157,N,하행,송림동트레이더스홀세일클럽,36098|송림동트레이더스홀세일클럽,unmatched,0,1,bus:162000098,이마트송림점,,,,,,,,,,,false,false,unmatched
21132,2025-12-31,송도버스,164002,8,165000012,29,원흥아파트·옥련시장,38336,2802375,303,12194,N,상행,원흥아파트옥련시장,38336|원흥아파트옥련시장,unmatched,0,1,bus:164000336,원흥아파트,,,,,,,,,,,false,false,unmatched
21235,2025-12-31,송도버스,164002,8,165000012,132,원흥아파트·옥련시장,38131,2802529,171,52015,N,하행,원흥아파트옥련시장,38131|원흥아파트옥련시장,unmatched,0,1,bus:164000131,원흥아파트,,,,,,,,,,,false,false,unmatched
21291,2025-12-31,송도버스,164002,8A,165000364,29,원흥아파트·옥련시장,38336,2802375,303,12194,N,상행,원흥아파트옥련시장,38336|원흥아파트옥련시장,unmatched,0,1,bus:164000336,원흥아파트,,,,,,,,,,,false,false,unmatched
21515,2025-12-31,시영운수,168004,15,165000019,126,두산밥캣코리아,36077,2803512,157,51175,N,하행,두산밥캣코리아,36077|두산밥캣코리아,unmatched,0,1,bus:162000077,HD현대인프라코어후문,,,,,,,,,,,false,false,unmatched
21534,2025-12-31,시영운수,168004,01월 28일,165000196,11,태화아파트,42123,2800704,326,4105,N,상행,태화아파트,42123|태화아파트,unmatched,0,1,bus:168000123,미주탕,,,,,,,,,,,false,false,unmatched
21610,2025-12-31,시영운수,168004,01월 28일,165000196,87,태화아파트,42124,2800703,400,29872,N,하행,태화아파트,42124|태화아파트,unmatched,0,1,bus:168000124,미주탕,,,,,,,,,,,false,false,unmatched
21901,2025-12-31,신강교통,169001,1101,165000147,9,힐스테이트신검단센트럴,89572,2808886,546,10096,N,상행,힐스테이트신검단센트럴,89572|힐스테이트신검단센트럴,unmatched,0,1,bus:168001572,힐스테이트검단웰카운티,,,,,,,,,,,false,false,unmatched
21976,2025-12-31,신강교통,169001,1601,165000154,39,부천시청역5번출구.부천아트센터,55060,2800194,669,52181,N,하행,부천시청역5번출구부천아트센터,55060|부천시청역5번출구부천아트센터,unmatched,0,1,bus:210000406,부천시청역5번출구,,,,,,,,,,,false,false,unmatched
22101,2025-12-31,신강교통,169001,9501,165000164,29,고속터미널(중),31018,2803390,826,43763,N,상행,고속터미널중,31018|고속터미널중,unmatched,0,1,bus:121000020,고속터미널,,,,,,,,,,,false,false,unmatched
22103,2025-12-31,신강교통,169001,9501,165000164,31,논현역(중),32007,2803568,1262,45854,N,상행,논현역중,32007|논현역중,unmatched,0,1,bus:121000013,논현역,,,,,,,,,,,false,false,unmatched
22113,2025-12-31,신강교통,169001,9501,165000164,41,양재역.서초문화예술회관(중),31008,2803398,554,52981,N,하행,양재역서초문화예술회관중,31008|양재역서초문화예술회관중,unmatched,0,1,bus:121000004,양재역.서초문화예술회관,,,,,,,,,,,false,false,unmatched
22178,2025-12-31,신강교통,169001,9802,165000303,32,고속터미널(중),31018,2803390,826,44530,N,상행,고속터미널중,31018|고속터미널중,unmatched,0,1,bus:121000020,고속터미널,,,,,,,,,,,false,false,unmatched
22180,2025-12-31,신강교통,169001,9802,165000303,34,논현역(중),32007,2803568,1262,46621,N,상행,논현역중,32007|논현역중,unmatched,0,1,bus:121000013,논현역,,,,,,,,,,,false,false,unmatched
22190,2025-12-31,신강교통,169001,9802,165000303,44,양재역.서초문화예술회관(중),31008,2803398,554,53748,N,하행,양재역서초문화예술회관중,31008|양재역서초문화예술회관중,unmatched,0,1,bus:121000004,양재역.서초문화예술회관,,,,,,,,,,,false,false,unmatched
22244,2025-12-31,신강교통,169001,M6457,168000049,17,고속터미널(중),31018,2803390,826,39149,N,상행,고속터미널중,31018|고속터미널중,unmatched,0,1,bus:121000020,고속터미널,,,,,,,,,,,false,false,unmatched
22246,2025-12-31,신강교통,169001,M6457,168000049,19,논현역(중),32007,2803568,1262,41240,N,상행,논현역중,32007|논현역중,unmatched,0,1,bus:121000013,논현역,,,,,,,,,,,false,false,unmatched
22270,2025-12-31,신강교통,169001,M6659,168000059,4,힐스테이트신검단센트럴,89572,2808886,546,3912,N,상행,힐스테이트신검단센트럴,89572|힐스테이트신검단센트럴,unmatched,0,1,bus:168001572,힐스테이트검단웰카운티,,,,,,,,,,,false,false,unmatched
22298,2025-12-31,신강교통,169001,M6660,168000060,4,힐스테이트신검단센트럴,89572,2808886,546,3912,N,상행,힐스테이트신검단센트럴,89572|힐스테이트신검단센트럴,unmatched,0,1,bus:168001572,힐스테이트검단웰카운티,,,,,,,,,,,false,false,unmatched
22303,2025-12-31,신강교통,169001,M6660,168000060,9,가산디지털단지역9번출구,18106,2808961,24456,31799,N,상행,가산디지털단지역9번출구,18106|가산디지털단지역9번출구,unmatched,0,1,bus:117000020,가산디지털단지역,,,,,,,,,,,false,false,unmatched
22313,2025-12-31,신강교통,169001,M6660,168000060,19,가산디지털단지역9번출구,18107,2808971,644,38495,N,하행,가산디지털단지역9번출구,18107|가산디지털단지역9번출구,unmatched,0,1,bus:117000021,가산디지털단지역,,,,,,,,,,,false,false,unmatched
22349,2025-12-31,신동아교통,163001,1,165000001,28,인천검단가온중학교,42725,2804828,310,10766,N,상행,인천검단가온중학교,42725|인천검단가온중학교,unmatched,0,1,bus:168000725,신검단중학교,,,,,,,,,,,false,false,unmatched
22350,2025-12-31,신동아교통,163001,1,165000001,29,힐스테이트신검단센트럴,89572,2808886,235,11001,N,상행,힐스테이트신검단센트럴,89572|힐스테이트신검단센트럴,unmatched,0,1,bus:168001572,힐스테이트검단웰카운티,,,,,,,,,,,false,false,unmatched
22458,2025-12-31,신동아교통,163001,1,165000001,137,인천검단가온중학교,42647,2803560,414,57630,N,하행,인천검단가온중학교,42647|인천검단가온중학교,unmatched,0,1,bus:168000647,신검단중학교,,,,,,,,,,,false,false,unmatched
22531,2025-12-31,신동아교통,163001,3000,169000037,45,사우역.김포고(걸포사거리방면),80064,2800014,1845,76388,N,하행,사우역김포고걸포사거리방면,80064|사우역김포고걸포사거리방면,unmatched,0,1,bus:232000426,사우고.김포고(걸포사거리방면),,,,,,,,,,,false,false,unmatched
22835,2025-12-31,신동아교통,163001,67,168000044,23,동양체육문화센터,41554,2805868,716,9044,N,상행,동양체육문화센터,41554|동양체육문화센터,unmatched,0,1,bus:167000554,동양자이입구,,,,,,,,,,,false,false,unmatched
22860,2025-12-31,신동아교통,163001,67,168000044,49,동양체육문화센터,41555,2805869,204,30684,N,하행,동양체육문화센터,41555|동양체육문화센터,unmatched,0,1,bus:167000555,동양자이입구,,,,,,,,,,,false,false,unmatched
23033,2025-12-31,신동아교통,163001,991,168000061,34,인천검단가온중학교,42725,2804828,310,16104,N,상행,인천검단가온중학교,42725|인천검단가온중학교,unmatched,0,1,bus:168000725,신검단중학교,,,,,,,,,,,false,false,unmatched
23034,2025-12-31,신동아교통,163001,991,168000061,35,힐스테이트신검단센트럴,89572,2808886,235,16339,N,상행,힐스테이트신검단센트럴,89572|힐스테이트신검단센트럴,unmatched,0,1,bus:168001572,힐스테이트검단웰카운티,,,,,,,,,,,false,false,unmatched
23058,2025-12-31,신동아교통,163001,991,168000061,59,인천검단가온중학교,42647,2803560,414,24597,N,하행,인천검단가온중학교,42647|인천검단가온중학교,unmatched,0,1,bus:168000647,신검단중학교,,,,,,,,,,,false,false,unmatched
23110,2025-12-31,신동아교통,163001,M6405,165000215,18,선바위역1번출구,66002,2800107,1751,47821,N,상행,선바위역1번출구,66002|선바위역1번출구,unmatched,0,1,bus:220000018,선바위역,,,,,,,,,,,false,false,unmatched
23188,2025-12-31,신동아교통,163001,M6450,161000004,19,양재역.서초문화예술회관(중),31008,2803398,1237,55568,Y,상행,양재역서초문화예술회관중,31008|양재역서초문화예술회관중,unmatched,0,1,bus:121000004,양재역.서초문화예술회관,,,,,,,,,,,false,false,unmatched
23197,2025-12-31,신동아교통,163001,M6450,161000004,28,양재역.서초문화예술회관(중),31010,2803397,1118,65839,Y,하행,양재역서초문화예술회관중,31010|양재역서초문화예술회관중,unmatched,0,1,bus:121000003,양재역.서초문화예술회관,,,,,,,,,,,false,false,unmatched
23227,2025-12-31,신동아교통,163001,M6461,168000057,12,금천(미정차),0,2808920,6515,25970,N,상행,금천미정차,0|금천미정차,ambiguous,2,8,bus:277102909;bus:277104692,금천(미정차),,,,,,,,,,,false,false,ambiguous
23241,2025-12-31,신동아교통,163001,M6461,168000057,26,금천(미정차),0,2808925,5085,59570,N,하행,금천미정차,0|금천미정차,ambiguous,2,8,bus:277102909;bus:277104692,금천(미정차),,,,,,,,,,,false,false,ambiguous
23607,2025-12-31,신화여객,166003,552,165000098,9,부평서중 · 부광고,40092,2801736,377,1891,Y,상행,부평서중부광고,40092|부평서중부광고,unmatched,0,1,bus:166000092,부평서중,,,,,,,,,,,false,false,unmatched
23611,2025-12-31,신화여객,166003,552,165000098,13,부평서중 · 부광고,40095,2801733,175,3156,N,하행,부평서중부광고,40095|부평서중부광고,unmatched,0,1,bus:166000095,부평서중,,,,,,,,,,,false,false,unmatched
23924,2025-12-31,신흥교통,161003,330,165000509,59,청학문화센터,38239,2802449,541,115716,N,하행,청학문화센터,38239|청학문화센터,unmatched,0,1,bus:164000239,청학동.한국전력남인천지사,,,,,,,,,,,false,false,unmatched
24595,2025-12-31,신흥교통,161003,M6751,161000015,31,남동IC(미경유),92081,2808490,2794,85570,N,하행,남동ic미경유,92081|남동ic미경유,unmatched,0,0,,,,,,,,,,,,,false,false,unmatched
24747,2025-12-31,영종운수,168005,202,165000059,93,경연초중학교·청라호반써밋,89285,2807268,433,58140,Y,하행,경연초중학교청라호반써밋,89285|경연초중학교청라호반써밋,unmatched,0,1,bus:168001285,경연초중학교·호반베르디움6차,,,,,,,,,,,false,false,unmatched
24813,2025-12-31,영종운수,168005,203,165000060,19,영종국제도시수자인,35891,2808573,695,8546,N,상행,영종국제도시수자인,35891|영종국제도시수자인,unmatched,0,1,bus:161000891,동원로얄듀크마리나포레,,,,,,,,,,,false,false,unmatched
25271,2025-12-31,영종운수,168005,2201,168000055,30,영종국제도시수자인,35891,2808573,831,13644,N,상행,영종국제도시수자인,35891|영종국제도시수자인,unmatched,0,1,bus:161000891,동원로얄듀크마리나포레,,,,,,,,,,,false,false,unmatched
25378,2025-12-31,영종운수,168005,221,168000054,79,영종국제도시수자인,35891,2808573,963,60541,N,하행,영종국제도시수자인,35891|영종국제도시수자인,unmatched,0,1,bus:161000891,동원로얄듀크마리나포레,,,,,,,,,,,false,false,unmatched
25894,2025-12-31,영종운수,168005,인천e음13,168000013,14,영종국제도시수자인,35891,2808573,695,5389,N,상행,영종국제도시수자인,35891|영종국제도시수자인,unmatched,0,1,bus:161000891,동원로얄듀크마리나포레,,,,,,,,,,,false,false,unmatched
26125,2025-12-31,영흥공영버스,170001,십리포행,170000003,5,옹진군가족센터,44137,2808097,512,1891,N,상행,옹진군가족센터,44137|옹진군가족센터,unmatched,0,1,bus:170000137,영흥어린이집,,,,,,,,,,,false,false,unmatched
26148,2025-12-31,영흥공영버스,170001,장경리행,170100001,2,영흥성당입구,44145,2808073,871,871,N,상행,영흥성당입구,44145|영흥성당입구,unmatched,0,1,bus:170000145,양평해장국,,,,,,,,,,,false,false,unmatched
26149,2025-12-31,영흥공영버스,170001,장경리행,170100001,3,영흥몰베이크커피,44144,2808074,434,1305,N,상행,영흥몰베이크커피,44144|영흥몰베이크커피,unmatched,0,1,bus:170000144,영흥플로레도커피,,,,,,,,,,,false,false,unmatched
26235,2025-12-31,원진운수,166008,22,165000025,17,송림동트레이더스홀세일클럽,36100,2803056,467,5478,N,상행,송림동트레이더스홀세일클럽,36100|송림동트레이더스홀세일클럽,unmatched,0,1,bus:162000100,이마트송림점,,,,,,,,,,,false,false,unmatched
26308,2025-12-31,원진운수,166008,22,165000025,90,소산서원,70012,2800096,619,34122,N,하행,소산서원,70012|소산서원,unmatched,0,0,,,,,,,,,,,,,false,false,unmatched
26341,2025-12-31,원진운수,166008,22,165000025,123,주안센트럴파라곤 아파트,37302,2802774,388,47287,N,하행,주안센트럴파라곤아파트,37302|주안센트럴파라곤아파트,unmatched,0,1,bus:163000302,(구)주안2동치안센터,,,,,,,,,,,false,false,unmatched
26365,2025-12-31,원진운수,166008,22,165000025,147,송림동트레이더스홀세일클럽,36098,2803058,349,55942,N,하행,송림동트레이더스홀세일클럽,36098|송림동트레이더스홀세일클럽,unmatched,0,1,bus:162000098,이마트송림점,,,,,,,,,,,false,false,unmatched
26856,2025-12-31,은혜교통,168002,585,165000125,37,청천오거리,40568,2801349,311,12753,N,하행,청천오거리,40568|청천오거리,unmatched,0,1,bus:166000568,GM물류센터,,,,,,,,,,,false,false,unmatched
27005,2025-12-31,은혜교통,168002,592,165000132,14,태화아파트,42123,2800704,326,4175,N,상행,태화아파트,42123|태화아파트,unmatched,0,1,bus:168000123,미주탕,,,,,,,,,,,false,false,unmatched
27034,2025-12-31,은혜교통,168002,592,165000132,43,태화아파트,42124,2800703,224,14720,N,하행,태화아파트,42124|태화아파트,unmatched,0,1,bus:168000124,미주탕,,,,,,,,,,,false,false,unmatched
27146,2025-12-31,은혜교통,168002,순환52,168000030,32,청학문화센터,38239,2802449,492,11126,Y,상행,청학문화센터,38239|청학문화센터,unmatched,0,1,bus:164000239,청학동.한국전력남인천지사,,,,,,,,,,,false,false,unmatched
27255,2025-12-31,인강여객,161004,9100,165000160,23,선바위역1번출구,66002,2800107,1751,49813,N,상행,선바위역1번출구,66002|선바위역1번출구,unmatched,0,1,bus:220000018,선바위역,,,,,,,,,,,false,false,unmatched
27256,2025-12-31,인강여객,161004,9100,165000160,24,송동마을.서초힐스아파트,22286,2807776,1710,51523,N,상행,송동마을서초힐스아파트,22286|송동마을서초힐스아파트,unmatched,0,1,bus:121000210,서초힐스아파트,,,,,,,,,,,false,false,unmatched
27293,2025-12-31,인강여객,161004,9200,165000161,4,원흥아파트·옥련시장,38336,2802375,1060,2357,N,상행,원흥아파트옥련시장,38336|원흥아파트옥련시장,unmatched,0,1,bus:164000336,원흥아파트,,,,,,,,,,,false,false,unmatched
27314,2025-12-31,인강여객,161004,9200,165000161,26,선바위역1번출구,66002,2800107,1751,46764,N,상행,선바위역1번출구,66002|선바위역1번출구,unmatched,0,1,bus:220000018,선바위역,,,,,,,,,,,false,false,unmatched
27315,2025-12-31,인강여객,161004,9200,165000161,27,송동마을.서초힐스아파트,22286,2807776,1710,48474,N,상행,송동마을서초힐스아파트,22286|송동마을서초힐스아파트,unmatched,0,1,bus:121000210,서초힐스아파트,,,,,,,,,,,false,false,unmatched
27347,2025-12-31,인강여객,161004,9200,165000161,59,원흥아파트·옥련시장,38131,2802529,2000,112852,N,하행,원흥아파트옥련시장,38131|원흥아파트옥련시장,unmatched,0,1,bus:164000131,원흥아파트,,,,,,,,,,,false,false,unmatched
27372,2025-12-31,인강여객,161004,9201,165000245,22,선바위역1번출구,66002,2800107,1751,48498,N,상행,선바위역1번출구,66002|선바위역1번출구,unmatched,0,1,bus:220000018,선바위역,,,,,,,,,,,false,false,unmatched
27373,2025-12-31,인강여객,161004,9201,165000245,23,송동마을.서초힐스아파트,22286,2807776,1710,50208,N,상행,송동마을서초힐스아파트,22286|송동마을서초힐스아파트,unmatched,0,1,bus:121000210,서초힐스아파트,,,,,,,,,,,false,false,unmatched
27486,2025-12-31,인천교통공사,165009,63,165000520,21,송림동트레이더스홀세일클럽,36100,2803056,655,11630,N,상행,송림동트레이더스홀세일클럽,36100|송림동트레이더스홀세일클럽,unmatched,0,1,bus:162000100,이마트송림점,,,,,,,,,,,false,false,unmatched
27803,2025-12-31,인천교통공사,165009,91(순환),165000206,37,오스템임플란트,39996,2807229,357,14041,,상행,오스템임플란트,39996|오스템임플란트,unmatched,0,1,bus:165000996,라이크홈기숙사앞,,,,,,,,,,,false,false,unmatched
28259,2025-12-31,인천교통공사,165009,순환43,165000516,34,오스템임플란트,39996,2807229,357,15931,N,상행,오스템임플란트,39996|오스템임플란트,unmatched,0,1,bus:165000996,라이크홈기숙사앞,,,,,,,,,,,false,false,unmatched
28310,2025-12-31,인천교통공사,165009,순환44,165000517,7,오스템임플란트,39996,2807229,357,2263,N,상행,오스템임플란트,39996|오스템임플란트,unmatched,0,1,bus:165000996,라이크홈기숙사앞,,,,,,,,,,,false,false,unmatched
28468,2025-12-31,인천그린모빌리티(주),161013,중구10,161000033,31,영종국제도시수자인,35891,2808573,695,11650,N,하행,영종국제도시수자인,35891|영종국제도시수자인,unmatched,0,1,bus:161000891,동원로얄듀크마리나포레,,,,,,,,,,,false,false,unmatched
29812,2025-12-31,인천스마트,163002,5,165000379,12,소산서원,70012,2800096,619,3660,N,상행,소산서원,70012|소산서원,unmatched,0,0,,,,,,,,,,,,,false,false,unmatched
30392,2025-12-31,청라교통,166013,112,165000058,30,송림동트레이더스홀세일클럽,36100,2803056,467,13698,N,상행,송림동트레이더스홀세일클럽,36100|송림동트레이더스홀세일클럽,unmatched,0,1,bus:162000100,이마트송림점,,,,,,,,,,,false,false,unmatched
30461,2025-12-31,청라교통,166013,112,165000058,99,청학문화센터,38239,2802449,492,38930,N,하행,청학문화센터,38239|청학문화센터,unmatched,0,1,bus:164000239,청학동.한국전력남인천지사,,,,,,,,,,,false,false,unmatched
30495,2025-12-31,청라교통,166013,112,165000058,133,송림동트레이더스홀세일클럽,36098,2803058,349,50936,N,하행,송림동트레이더스홀세일클럽,36098|송림동트레이더스홀세일클럽,unmatched,0,1,bus:162000098,이마트송림점,,,,,,,,,,,false,false,unmatched
30803,2025-12-31,청라교통,166013,307,165000343,100,영종국제도시수자인,35891,2808573,695,89610,N,하행,영종국제도시수자인,35891|영종국제도시수자인,unmatched,0,1,bus:161000891,동원로얄듀크마리나포레,,,,,,,,,,,false,false,unmatched
30943,2025-12-31,청라교통,166013,308,165000070,89,사우역.김포고(걸포사거리방면),80064,2800014,574,119318,N,하행,사우역김포고걸포사거리방면,80064|사우역김포고걸포사거리방면,unmatched,0,1,bus:232000426,사우고.김포고(걸포사거리방면),,,,,,,,,,,false,false,unmatched
31009,2025-12-31,청라교통,166013,308A,165000469,65,사우역.김포고(걸포사거리방면),80064,2800014,574,112837,N,하행,사우역김포고걸포사거리방면,80064|사우역김포고걸포사거리방면,unmatched,0,1,bus:232000426,사우고.김포고(걸포사거리방면),,,,,,,,,,,false,false,unmatched
31098,2025-12-31,청룡교통,163003,43,165000441,30,경연초중학교·청라호반써밋,89285,2807268,384,12500,N,상행,경연초중학교청라호반써밋,89285|경연초중학교청라호반써밋,unmatched,0,1,bus:168001285,경연초중학교·호반베르디움6차,,,,,,,,,,,false,false,unmatched
31513,2025-12-31,태양여객,166009,556,165000102,34,부평신일 · 쌍용아파트,40786,2801187,176,10721,N,상행,부평신일쌍용아파트,40786|부평신일쌍용아파트,unmatched,0,1,bus:166000786,삼보아파트,,,,,,,,,,,false,false,unmatched
31969,2025-12-31,태양여객,166009,760,165000141,14,부개주공2단지,40770,2801199,373,3488,,하행,부개주공2단지,40770|부개주공2단지,unmatched,0,0,,,,,,,,,,,,,false,false,unmatched
32172,2025-12-31,태양여객,166009,931,166000022,41,마곡역2번출구,16423,2808855,733,31081,N,하행,마곡역2번출구,16423|마곡역2번출구,unmatched,0,0,,,,,,,,,,,,,false,false,unmatched
32246,2025-12-31,태양여객,166009,9731,166000021,37,마곡역2번출구,16423,2808855,733,31093,N,하행,마곡역2번출구,16423|마곡역2번출구,unmatched,0,0,,,,,,,,,,,,,false,false,unmatched
32664,2025-12-31,해성운수,168007,24,165000027,76,부평신일 · 쌍용아파트,40786,2801187,277,30330,N,하행,부평신일쌍용아파트,40786|부평신일쌍용아파트,unmatched,0,1,bus:166000786,삼보아파트,,,,,,,,,,,false,false,unmatched
