admin_dong_code_20260701,sido_name_20260701,district_name_20260701,dong_name_20260701,source_reference_date,source_district_name_2024,source_dong_name_2024,mapping_status,mapping_method,source_values_assignable_to_current_dong,recipient_count_living_all_ages,recipient_count_living_age_65_plus,recipient_count_living_age_75_plus,recipient_count_living_age_85_plus,recipient_count_medical_all_ages,recipient_count_medical_age_65_plus,recipient_count_medical_age_75_plus,recipient_count_medical_age_85_plus,recipient_count_housing_all_ages,recipient_count_housing_age_65_plus,recipient_count_housing_age_75_plus,recipient_count_housing_age_85_plus,recipient_count_education_all_ages,recipient_count_education_age_65_plus,recipient_count_education_age_75_plus,recipient_count_education_age_85_plus
2812551000,인천광역시,제물포구,신포동,2024-12-31,중구,신포동,one_to_one_mapped,unique_exact_dong_name,True,247,143,78,21,13,4,0,0,94,49,34,12,6,0,0,0
2812552000,인천광역시,제물포구,연안동,2024-12-31,중구,연안동,one_to_one_mapped,unique_exact_dong_name,True,246,146,75,22,17,9,3,0,113,56,37,11,6,0,0,0
2812553000,인천광역시,제물포구,신흥동,2024-12-31,중구,신흥동,one_to_one_mapped,unique_exact_dong_name,True,647,276,130,36,70,14,12,1,267,94,46,13,31,0,0,0
2812554000,인천광역시,제물포구,도원동,2024-12-31,중구,도원동,one_to_one_mapped,unique_exact_dong_name,True,368,223,113,26,49,17,11,2,158,81,45,9,9,0,0,0
2812555000,인천광역시,제물포구,율목동,2024-12-31,중구,율목동,one_to_one_mapped,unique_exact_dong_name,True,431,265,143,43,44,15,6,0,105,68,48,10,7,0,0,0
2812556000,인천광역시,제물포구,동인천동,2024-12-31,중구,동인천동,one_to_one_mapped,unique_exact_dong_name,True,628,333,162,54,65,21,11,0,176,72,44,12,2,0,0,0
2812557000,인천광역시,제물포구,개항동,2024-12-31,중구,개항동,one_to_one_mapped,unique_exact_dong_name,True,583,335,185,48,42,14,10,0,220,112,63,21,20,0,0,0
2812558000,인천광역시,제물포구,만석동,2024-12-31,동구,만석동,one_to_one_mapped,unique_exact_dong_name,True,381,225,131,39,37,19,10,2,92,50,30,9,19,0,0,0
2812559000,인천광역시,제물포구,화수1.화평동,2024-12-31,동구,화수1·화평동,one_to_one_mapped,unique_normalized_punctuation_name,True,484,257,143,43,34,16,7,0,134,65,45,17,11,0,0,0
2812560000,인천광역시,제물포구,화수2동,2024-12-31,동구,화수2동,one_to_one_mapped,unique_exact_dong_name,True,469,271,150,53,44,16,9,1,149,79,56,12,9,0,0,0
2812561000,인천광역시,제물포구,송현1.2동,2024-12-31,동구,송현1·2동,one_to_one_mapped,unique_normalized_punctuation_name,True,123,69,42,13,10,6,4,3,71,25,18,8,1,0,0,0
2812562000,인천광역시,제물포구,송현3동,2024-12-31,동구,송현3동,one_to_one_mapped,unique_exact_dong_name,True,201,124,65,28,19,8,3,1,52,32,25,6,1,0,0,0
2812563000,인천광역시,제물포구,송림1동,2024-12-31,동구,송림1동,one_to_one_mapped,unique_exact_dong_name,True,137,60,35,10,19,12,6,0,95,33,27,10,11,0,0,0
2812564000,인천광역시,제물포구,송림2동,2024-12-31,동구,송림2동,one_to_one_mapped,unique_exact_dong_name,True,177,124,63,30,10,0,0,0,35,25,22,9,1,0,0,0
2812565000,인천광역시,제물포구,송림3·5동,2024-12-31,동구,송림3·5동,one_to_one_mapped,unique_exact_dong_name,True,177,88,38,11,11,9,5,2,66,22,13,3,8,0,0,0
2812566000,인천광역시,제물포구,송림4동,2024-12-31,동구,송림4동,one_to_one_mapped,unique_exact_dong_name,True,95,28,12,5,16,3,2,1,63,21,11,1,9,0,0,0
2812567000,인천광역시,제물포구,송림6동,2024-12-31,동구,송림6동,one_to_one_mapped,unique_exact_dong_name,True,157,84,45,16,10,8,3,1,70,33,24,8,10,1,0,0
2812568000,인천광역시,제물포구,금창동,2024-12-31,동구,금창동,one_to_one_mapped,unique_exact_dong_name,True,229,128,76,30,17,3,1,0,65,39,31,9,3,0,0,0
2815551000,인천광역시,영종구,영종동,2024-12-31,중구,영종동,one_to_one_mapped,unique_exact_dong_name,True,557,254,117,46,35,14,6,0,348,108,61,22,9,0,0,0
2815552000,인천광역시,영종구,영종1동,2024-12-31,중구,영종1동,one_to_one_mapped,unique_exact_dong_name,True,513,187,105,22,39,21,7,1,460,132,75,23,25,0,0,0
2815553000,인천광역시,영종구,영종2동,2024-12-31,중구,영종2동,one_to_one_mapped,unique_exact_dong_name,True,336,111,48,12,30,14,7,0,321,85,44,14,12,0,0,0
2815554000,인천광역시,영종구,운서1동,2024-12-31,중구,운서동,one_to_many_split_unresolved,pre_split_source_value_retained_but_not_allocated,False,,,,,,,,,,,,,,,,
2815555000,인천광역시,영종구,운서2동,2024-12-31,중구,운서동,one_to_many_split_unresolved,pre_split_source_value_retained_but_not_allocated,False,,,,,,,,,,,,,,,,
2815556000,인천광역시,영종구,용유동,2024-12-31,중구,용유동,one_to_one_mapped,unique_exact_dong_name,True,178,114,49,15,12,10,4,2,44,33,22,8,5,0,0,0
2817751000,인천광역시,미추홀구,숭의2동,2024-12-31,미추홀구,숭의2동,one_to_one_mapped,unique_exact_dong_name,True,926,446,226,75,42,18,7,0,356,113,66,22,22,0,0,0
2817752000,인천광역시,미추홀구,숭의1.3동,2024-12-31,미추홀구,"숭의1,3동",one_to_one_mapped,unique_normalized_punctuation_name,True,712,285,145,56,42,15,9,4,340,86,52,17,24,0,0,0
2817753000,인천광역시,미추홀구,숭의4동,2024-12-31,미추홀구,숭의4동,one_to_one_mapped,unique_exact_dong_name,True,1206,488,227,64,90,30,16,2,399,122,70,23,21,0,0,0
2817754000,인천광역시,미추홀구,용현1.4동,2024-12-31,미추홀구,"용현1,4동",one_to_one_mapped,unique_normalized_punctuation_name,True,1256,511,239,70,86,25,13,2,381,140,84,29,23,0,0,0
2817755000,인천광역시,미추홀구,용현2동,2024-12-31,미추홀구,용현2동,one_to_one_mapped,unique_exact_dong_name,True,919,411,214,68,47,19,9,1,368,132,84,28,23,0,0,0
2817756000,인천광역시,미추홀구,용현3동,2024-12-31,미추홀구,용현3동,one_to_one_mapped,unique_exact_dong_name,True,624,336,150,50,38,16,4,0,145,66,34,13,2,0,0,0
2817757000,인천광역시,미추홀구,용현5동,2024-12-31,미추홀구,용현5동,one_to_one_mapped,unique_exact_dong_name,True,1324,461,230,76,95,43,20,4,578,187,121,40,31,0,0,0
2817758000,인천광역시,미추홀구,학익1동,2024-12-31,미추홀구,학익1동,one_to_one_mapped,unique_exact_dong_name,True,753,331,189,53,46,25,12,2,320,109,73,28,29,0,0,0
2817759000,인천광역시,미추홀구,학익2동,2024-12-31,미추홀구,학익2동,one_to_one_mapped,unique_exact_dong_name,True,549,254,137,46,37,10,5,2,235,76,49,21,17,0,0,0
2817760000,인천광역시,미추홀구,도화1동,2024-12-31,미추홀구,도화1동,one_to_one_mapped,unique_exact_dong_name,True,1346,557,290,106,88,37,23,3,536,149,94,40,40,0,0,0
2817761000,인천광역시,미추홀구,도화2.3동,2024-12-31,미추홀구,"도화2,3동",one_to_one_mapped,unique_normalized_punctuation_name,True,1391,556,281,94,72,28,13,3,484,184,120,27,25,0,0,0
2817762000,인천광역시,미추홀구,주안1동,2024-12-31,미추홀구,주안1동,one_to_one_mapped,unique_exact_dong_name,True,1169,318,124,41,66,18,5,0,381,71,39,15,32,0,0,0
2817763000,인천광역시,미추홀구,주안2동,2024-12-31,미추홀구,주안2동,one_to_one_mapped,unique_exact_dong_name,True,1613,654,300,94,112,42,21,5,566,178,96,29,18,0,0,0
2817764000,인천광역시,미추홀구,주안3동,2024-12-31,미추홀구,주안3동,one_to_one_mapped,unique_exact_dong_name,True,711,320,173,53,58,21,8,2,289,79,47,14,34,0,0,0
2817765000,인천광역시,미추홀구,주안4동,2024-12-31,미추홀구,주안4동,one_to_one_mapped,unique_exact_dong_name,True,1091,471,244,73,75,30,12,2,355,138,78,20,28,0,0,0
2817766000,인천광역시,미추홀구,주안5동,2024-12-31,미추홀구,주안5동,one_to_one_mapped,unique_exact_dong_name,True,977,432,237,86,79,32,13,1,349,174,116,37,23,0,0,0
2817767000,인천광역시,미추홀구,주안6동,2024-12-31,미추홀구,주안6동,one_to_one_mapped,unique_exact_dong_name,True,816,298,136,52,44,18,7,2,325,88,49,15,21,0,0,0
2817768000,인천광역시,미추홀구,주안7동,2024-12-31,미추홀구,주안7동,one_to_one_mapped,unique_exact_dong_name,True,786,366,191,67,69,15,6,2,312,123,82,24,10,0,0,0
2817769000,인천광역시,미추홀구,주안8동,2024-12-31,미추홀구,주안8동,one_to_one_mapped,unique_exact_dong_name,True,926,406,209,80,74,19,9,1,407,126,78,27,24,0,0,0
2817770000,인천광역시,미추홀구,관교동,2024-12-31,미추홀구,관교동,one_to_one_mapped,unique_exact_dong_name,True,424,169,79,32,56,9,5,1,233,60,34,14,25,0,0,0
2817771000,인천광역시,미추홀구,문학동,2024-12-31,미추홀구,문학동,one_to_one_mapped,unique_exact_dong_name,True,993,314,137,52,57,16,10,1,429,86,43,13,23,0,0,0
2818563000,인천광역시,연수구,옥련1동,2024-12-31,연수구,옥련1동,one_to_one_mapped,unique_exact_dong_name,True,629,262,156,74,74,25,13,1,367,117,82,32,21,0,0,0
2818564000,인천광역시,연수구,옥련2동,2024-12-31,연수구,옥련2동,one_to_one_mapped,unique_exact_dong_name,True,402,131,61,22,37,10,7,1,312,98,66,24,25,0,0,0
2818575000,인천광역시,연수구,선학동,2024-12-31,연수구,선학동,one_to_one_mapped,unique_exact_dong_name,True,1218,625,320,93,89,29,13,1,364,139,67,25,10,0,0,0
2818576100,인천광역시,연수구,연수1동,2024-12-31,연수구,연수1동,one_to_one_mapped,unique_exact_dong_name,True,987,290,144,41,82,11,3,0,445,96,43,16,40,0,0,0
2818576200,인천광역시,연수구,연수2동,2024-12-31,연수구,연수2동,one_to_one_mapped,unique_exact_dong_name,True,1095,553,272,106,94,46,29,5,431,172,106,48,26,0,0,0
2818576300,인천광역시,연수구,연수3동,2024-12-31,연수구,연수3동,one_to_one_mapped,unique_exact_dong_name,True,1309,792,411,141,73,40,21,6,285,128,72,24,17,0,0,0
2818576600,인천광역시,연수구,청학동,2024-12-31,연수구,청학동,one_to_one_mapped,unique_exact_dong_name,True,1386,585,310,125,125,37,17,5,766,295,199,73,45,0,0,0
2818578000,인천광역시,연수구,동춘1동,2024-12-31,연수구,동춘1동,one_to_one_mapped,unique_exact_dong_name,True,223,80,47,24,23,8,4,1,209,58,42,21,11,0,0,0
2818579000,인천광역시,연수구,동춘2동,2024-12-31,연수구,동춘2동,one_to_one_mapped,unique_exact_dong_name,True,172,52,31,12,6,3,2,1,237,72,57,26,13,0,0,0
2818579500,인천광역시,연수구,동춘3동,2024-12-31,연수구,동춘3동,one_to_one_mapped,unique_exact_dong_name,True,63,17,12,5,4,2,2,1,88,37,31,17,7,0,0,0
2818582000,인천광역시,연수구,송도1동,2024-12-31,연수구,송도1동,one_to_one_mapped,unique_exact_dong_name,True,63,22,13,4,8,3,0,0,152,66,50,28,5,0,0,0
2818583000,인천광역시,연수구,송도2동,2024-12-31,연수구,송도2동,one_to_one_mapped,unique_exact_dong_name,True,46,14,9,6,1,1,1,0,69,22,19,7,4,0,0,0
2818584000,인천광역시,연수구,송도3동,2024-12-31,연수구,송도3동,one_to_one_mapped,unique_exact_dong_name,True,81,20,13,5,4,1,0,0,127,53,37,16,3,0,0,0
2818585000,인천광역시,연수구,송도4동,2024-12-31,연수구,송도4동,one_to_one_mapped,unique_exact_dong_name,True,58,14,7,5,3,2,2,0,99,25,16,6,9,0,0,0
2818586000,인천광역시,연수구,송도5동,2024-12-31,연수구,송도5동,one_to_one_mapped,unique_exact_dong_name,True,92,26,16,4,8,3,3,0,153,33,18,10,19,0,0,0
2820051000,인천광역시,남동구,구월1동,2024-12-31,남동구,구월1동,one_to_one_mapped,unique_exact_dong_name,True,1286,573,277,91,77,27,11,3,587,178,101,40,41,0,0,0
2820052000,인천광역시,남동구,구월2동,2024-12-31,남동구,구월2동,one_to_one_mapped,unique_exact_dong_name,True,693,247,119,35,39,10,5,1,435,128,77,25,22,0,0,0
2820052100,인천광역시,남동구,구월3동,2024-12-31,남동구,구월3동,one_to_one_mapped,unique_exact_dong_name,True,1178,434,216,66,86,37,16,2,708,179,87,29,49,0,0,0
2820052200,인천광역시,남동구,구월4동,2024-12-31,남동구,구월4동,one_to_one_mapped,unique_exact_dong_name,True,1580,638,313,94,96,29,18,1,578,221,129,41,37,1,0,0
2820053000,인천광역시,남동구,간석1동,2024-12-31,남동구,간석1동,one_to_one_mapped,unique_exact_dong_name,True,792,339,188,77,42,12,5,1,349,155,104,36,27,0,0,0
2820054000,인천광역시,남동구,간석2동,2024-12-31,남동구,간석2동,one_to_one_mapped,unique_exact_dong_name,True,843,361,163,57,40,15,8,0,414,125,81,26,19,0,0,0
2820055000,인천광역시,남동구,간석3동,2024-12-31,남동구,간석3동,one_to_one_mapped,unique_exact_dong_name,True,1608,687,340,92,82,39,19,2,542,177,107,34,48,0,0,0
2820055100,인천광역시,남동구,간석4동,2024-12-31,남동구,간석4동,one_to_one_mapped,unique_exact_dong_name,True,1406,557,263,77,93,33,14,2,613,158,85,37,42,0,0,0
2820056000,인천광역시,남동구,만수1동,2024-12-31,남동구,만수1동,one_to_one_mapped,unique_exact_dong_name,True,2140,1137,608,203,142,73,34,5,500,242,157,55,24,0,0,0
2820057000,인천광역시,남동구,만수2동,2024-12-31,남동구,만수2동,one_to_one_mapped,unique_exact_dong_name,True,735,302,155,53,41,14,4,0,339,115,86,38,33,0,0,0
2820058000,인천광역시,남동구,만수3동,2024-12-31,남동구,만수3동,one_to_one_mapped,unique_exact_dong_name,True,868,316,172,53,43,19,16,1,344,128,86,29,33,0,0,0
2820058100,인천광역시,남동구,만수4동,2024-12-31,남동구,만수4동,one_to_one_mapped,unique_exact_dong_name,True,652,278,142,57,55,23,17,3,436,135,84,39,35,0,0,0
2820058200,인천광역시,남동구,만수5동,2024-12-31,남동구,만수5동,one_to_one_mapped,unique_exact_dong_name,True,1200,562,284,85,82,34,13,2,423,168,110,30,35,0,0,0
2820058300,인천광역시,남동구,만수6동,2024-12-31,남동구,만수6동,one_to_one_mapped,unique_exact_dong_name,True,881,421,274,116,63,22,12,4,505,225,164,71,41,0,0,0
2820065000,인천광역시,남동구,장수서창동,2024-12-31,남동구,장수서창동,one_to_one_mapped,unique_exact_dong_name,True,753,322,169,58,43,16,5,1,367,149,95,25,22,0,0,0
2820065500,인천광역시,남동구,서창2동,2024-12-31,남동구,서창2동,one_to_one_mapped,unique_exact_dong_name,True,1881,867,419,101,141,60,24,1,779,389,242,53,48,0,0,0
2820066000,인천광역시,남동구,남촌도림동,2024-12-31,남동구,남촌도림동,one_to_one_mapped,unique_exact_dong_name,True,849,427,233,90,84,29,11,2,445,190,128,39,40,0,0,0
2820069000,인천광역시,남동구,논현1동,2024-12-31,남동구,논현1동,one_to_one_mapped,unique_exact_dong_name,True,1425,539,266,84,85,35,15,1,691,276,160,61,30,0,0,0
2820070000,인천광역시,남동구,논현2동,2024-12-31,남동구,논현2동,one_to_one_mapped,unique_exact_dong_name,True,2212,1008,633,194,130,62,30,4,1075,426,244,75,33,0,0,0
2820071000,인천광역시,남동구,논현고잔동,2024-12-31,남동구,논현고잔동,one_to_one_mapped,unique_exact_dong_name,True,1188,446,227,69,86,34,17,5,676,282,178,54,37,0,0,0
2823751000,인천광역시,부평구,부평1동,2024-12-31,부평구,부평1동,one_to_one_mapped,unique_exact_dong_name,True,797,290,127,53,83,18,10,2,428,109,52,25,36,0,0,0
2823752000,인천광역시,부평구,부평2동,2024-12-31,부평구,부평2동,one_to_one_mapped,unique_exact_dong_name,True,1037,486,268,72,105,36,17,1,443,151,91,24,38,0,0,0
2823753000,인천광역시,부평구,부평3동,2024-12-31,부평구,부평3동,one_to_one_mapped,unique_exact_dong_name,True,1056,530,278,94,100,31,20,0,365,153,91,25,18,0,0,0
2823754000,인천광역시,부평구,부평4동,2024-12-31,부평구,부평4동,one_to_one_mapped,unique_exact_dong_name,True,1660,797,377,119,190,51,20,4,816,254,152,47,81,0,0,0
2823755000,인천광역시,부평구,부평5동,2024-12-31,부평구,부평5동,one_to_one_mapped,unique_exact_dong_name,True,1438,574,303,100,176,42,19,4,747,185,103,43,82,0,0,0
2823756000,인천광역시,부평구,부평6동,2024-12-31,부평구,부평6동,one_to_one_mapped,unique_exact_dong_name,True,778,393,195,68,75,23,9,2,323,137,79,21,20,0,0,0
2823757000,인천광역시,부평구,산곡1동,2024-12-31,부평구,산곡1동,one_to_one_mapped,unique_exact_dong_name,True,326,155,94,45,46,7,3,1,194,82,54,17,8,0,0,0
2823758000,인천광역시,부평구,산곡2동,2024-12-31,부평구,산곡2동,one_to_one_mapped,unique_exact_dong_name,True,387,142,85,31,67,11,5,1,333,97,71,21,24,0,0,0
2823758100,인천광역시,부평구,산곡3동,2024-12-31,부평구,산곡3동,one_to_one_mapped,unique_exact_dong_name,True,810,395,209,88,85,14,6,1,400,161,119,50,11,0,0,0
2823758200,인천광역시,부평구,산곡4동,2024-12-31,부평구,산곡4동,one_to_one_mapped,unique_exact_dong_name,True,262,91,54,18,32,13,6,2,244,91,67,36,26,0,0,0
2823759100,인천광역시,부평구,청천1동,2024-12-31,부평구,청천1동,one_to_one_mapped,unique_exact_dong_name,True,458,195,82,24,53,9,6,0,220,56,29,7,27,0,0,0
2823759200,인천광역시,부평구,청천2동,2024-12-31,부평구,청천2동,one_to_one_mapped,unique_exact_dong_name,True,980,400,209,80,137,27,11,5,538,162,104,39,59,0,0,0
2823764100,인천광역시,부평구,갈산1동,2024-12-31,부평구,갈산1동,one_to_one_mapped,unique_exact_dong_name,True,757,292,141,54,110,26,7,3,321,106,74,22,28,0,0,0
2823764200,인천광역시,부평구,갈산2동,2024-12-31,부평구,갈산2동,one_to_one_mapped,unique_exact_dong_name,True,1295,750,363,123,95,38,17,5,356,127,77,36,13,0,0,0
2823764600,인천광역시,부평구,삼산1동,2024-12-31,부평구,삼산1동,one_to_one_mapped,unique_exact_dong_name,True,2527,1383,786,298,197,74,37,7,693,263,166,53,52,0,0,0
2823764800,인천광역시,부평구,삼산2동,2024-12-31,부평구,삼산2동,one_to_one_mapped,unique_exact_dong_name,True,826,386,190,69,113,46,23,5,531,250,157,44,19,0,0,0
2823765000,인천광역시,부평구,부개1동,2024-12-31,부평구,부개1동,one_to_one_mapped,unique_exact_dong_name,True,1053,507,262,84,122,43,17,5,476,196,110,28,36,0,0,0
2823766000,인천광역시,부평구,부개2동,2024-12-31,부평구,부개2동,one_to_one_mapped,unique_exact_dong_name,True,570,263,130,39,63,22,12,3,316,98,59,21,20,0,0,0
2823766100,인천광역시,부평구,부개3동,2024-12-31,부평구,부개3동,one_to_one_mapped,unique_exact_dong_name,True,617,304,160,58,75,25,10,2,549,207,133,49,28,0,0,0
2823767000,인천광역시,부평구,일신동,2024-12-31,부평구,일신동,one_to_one_mapped,unique_exact_dong_name,True,312,139,73,37,51,13,9,4,205,87,56,25,16,0,0,0
2823768000,인천광역시,부평구,십정1동,2024-12-31,부평구,십정1동,one_to_one_mapped,unique_exact_dong_name,True,984,496,243,79,99,34,13,3,490,140,71,28,36,0,0,0
2823769000,인천광역시,부평구,십정2동,2024-12-31,부평구,십정2동,one_to_one_mapped,unique_exact_dong_name,True,1640,779,345,95,180,50,20,4,625,200,106,38,40,0,0,0
2824560100,인천광역시,계양구,효성1동,2024-12-31,계양구,효성1동,one_to_one_mapped,unique_exact_dong_name,True,865,433,253,102,77,29,8,3,658,227,141,47,54,0,0,0
2824560200,인천광역시,계양구,효성2동,2024-12-31,계양구,효성2동,one_to_one_mapped,unique_exact_dong_name,True,823,362,210,81,107,26,10,4,554,181,114,44,43,0,0,0
2824561100,인천광역시,계양구,계산1동,2024-12-31,계양구,계산1동,one_to_one_mapped,unique_exact_dong_name,True,1263,558,237,77,131,30,9,2,623,240,128,42,26,0,0,0
2824561200,인천광역시,계양구,계산2동,2024-12-31,계양구,계산2동,one_to_one_mapped,unique_exact_dong_name,True,668,344,169,71,102,29,9,0,507,188,101,40,24,0,0,0
2824561300,인천광역시,계양구,계산3동,2024-12-31,계양구,계산3동,one_to_one_mapped,unique_exact_dong_name,True,554,224,120,48,72,13,4,1,456,141,91,39,26,0,0,0
2824561400,인천광역시,계양구,계산4동,2024-12-31,계양구,계산4동,one_to_one_mapped,unique_exact_dong_name,True,420,220,157,100,31,15,11,5,255,124,103,64,13,0,0,0
2824562100,인천광역시,계양구,작전1동,2024-12-31,계양구,작전1동,one_to_one_mapped,unique_exact_dong_name,True,700,286,163,59,71,11,6,2,594,217,143,61,41,0,0,0
2824562200,인천광역시,계양구,작전2동,2024-12-31,계양구,작전2동,one_to_one_mapped,unique_exact_dong_name,True,914,417,224,97,90,20,3,1,528,206,122,41,18,0,0,0
2824564000,인천광역시,계양구,작전서운동,2024-12-31,계양구,작전서운동,one_to_one_mapped,unique_exact_dong_name,True,888,331,205,91,67,25,15,2,662,165,128,57,25,0,0,0
2824571000,인천광역시,계양구,계양1동,2024-12-31,계양구,계양1동,one_to_one_mapped,unique_exact_dong_name,True,581,290,160,52,50,16,4,0,427,172,117,43,14,0,0,0
2824572000,인천광역시,계양구,계양2동,2024-12-31,계양구,계양2동,one_to_one_mapped,unique_exact_dong_name,True,1786,829,488,190,166,64,33,3,1049,416,264,81,59,0,0,0
2824573000,인천광역시,계양구,계양3동,2024-12-31,계양구,계양3동,one_to_one_mapped,unique_exact_dong_name,True,949,354,177,52,127,21,12,2,893,304,164,49,32,0,0,0
2827551500,인천광역시,서해구,검암경서동,2024-12-31,서구,검암경서동,one_to_one_mapped,unique_exact_dong_name,True,1063,319,141,44,125,35,15,3,824,136,76,20,105,0,0,0
2827553000,인천광역시,서해구,연희동,2024-12-31,서구,연희동,one_to_one_mapped,unique_exact_dong_name,True,1757,741,381,121,236,72,30,6,964,282,187,63,79,0,0,0
2827553600,인천광역시,서해구,청라1동,2024-12-31,서구,청라1동,one_to_one_mapped,unique_exact_dong_name,True,234,37,19,11,21,2,1,0,243,38,29,14,26,0,0,0
2827553700,인천광역시,서해구,청라2동,2024-12-31,서구,청라2동,one_to_one_mapped,unique_exact_dong_name,True,483,174,94,25,61,26,9,1,536,163,97,28,24,0,0,0
2827553900,인천광역시,서해구,청라3동,2024-12-31,서구,청라3동,one_to_one_mapped,unique_exact_dong_name,True,155,28,15,6,18,5,2,0,240,47,34,20,9,0,0,0
2827554200,인천광역시,서해구,가정1동,2024-12-31,서구,가정1동,one_to_one_mapped,unique_exact_dong_name,True,1345,658,287,77,142,47,13,0,630,275,162,40,24,0,0,0
2827554300,인천광역시,서해구,가정2동,2024-12-31,서구,가정2동,one_to_one_mapped,unique_exact_dong_name,True,198,80,47,18,16,3,0,0,98,43,28,11,6,0,0,0
2827554400,인천광역시,서해구,가정3동,2024-12-31,서구,가정3동,one_to_one_mapped,unique_exact_dong_name,True,460,171,87,30,43,13,7,1,203,56,34,11,7,0,0,0
2827555000,인천광역시,서해구,석남1동,2024-12-31,서구,석남1동,one_to_one_mapped,unique_exact_dong_name,True,1209,471,210,69,149,47,17,5,458,169,92,38,31,0,0,0
2827556000,인천광역시,서해구,석남2동,2024-12-31,서구,석남2동,one_to_one_mapped,unique_exact_dong_name,True,689,274,123,40,48,22,13,1,291,125,75,22,29,1,0,0
2827556100,인천광역시,서해구,석남3동,2024-12-31,서구,석남3동,one_to_one_mapped,unique_exact_dong_name,True,842,323,169,56,75,23,10,2,457,143,89,33,24,0,0,0
2827557500,인천광역시,서해구,신현원창동,2024-12-31,서구,신현원창동,one_to_one_mapped,unique_exact_dong_name,True,1006,327,159,60,124,27,8,2,530,131,85,38,36,0,0,0
2827558000,인천광역시,서해구,가좌1동,2024-12-31,서구,가좌1동,one_to_one_mapped,unique_exact_dong_name,True,981,375,188,58,106,39,12,4,432,155,102,34,30,0,0,0
2827559000,인천광역시,서해구,가좌2동,2024-12-31,서구,가좌2동,one_to_one_mapped,unique_exact_dong_name,True,399,182,98,47,46,16,7,1,298,137,95,40,24,0,0,0
2827560000,인천광역시,서해구,가좌3동,2024-12-31,서구,가좌3동,one_to_one_mapped,unique_exact_dong_name,True,891,393,226,82,92,29,14,5,349,150,88,34,33,0,0,0
2827561000,인천광역시,서해구,가좌4동,2024-12-31,서구,가좌4동,one_to_one_mapped,unique_exact_dong_name,True,354,169,98,40,21,8,3,1,182,69,37,10,15,0,0,0
2829051000,인천광역시,검단구,검단동,2024-12-31,서구,검단동,one_to_one_mapped,unique_exact_dong_name,True,1205,383,178,52,126,43,27,2,650,174,110,46,64,0,0,0
2829052000,인천광역시,검단구,불로대곡동,2024-12-31,서구,불로대곡동,one_to_one_mapped,unique_exact_dong_name,True,414,172,102,48,36,11,5,0,364,102,80,30,38,0,0,0
2829053000,인천광역시,검단구,원당동,2024-12-31,서구,원당동,one_to_one_mapped,unique_exact_dong_name,True,503,148,77,28,24,12,4,1,329,62,37,12,33,0,0,0
2829054000,인천광역시,검단구,당하동,2024-12-31,서구,당하동,one_to_one_mapped,unique_exact_dong_name,True,780,301,141,50,83,33,9,3,649,200,97,29,23,0,0,0
2829055000,인천광역시,검단구,오류왕길동,2024-12-31,서구,오류왕길동,one_to_one_mapped,unique_exact_dong_name,True,625,302,166,67,60,23,11,5,377,145,93,42,25,0,0,0
2829056000,인천광역시,검단구,마전동,2024-12-31,서구,마전동,one_to_one_mapped,unique_exact_dong_name,True,253,84,45,15,33,7,4,0,235,61,45,18,29,0,0,0
2829057000,인천광역시,검단구,아라1동,2024-12-31,서구,아라동,one_to_many_split_unresolved,pre_split_source_value_retained_but_not_allocated,False,,,,,,,,,,,,,,,,
2829058000,인천광역시,검단구,아라2동,2024-12-31,서구,아라동,one_to_many_split_unresolved,pre_split_source_value_retained_but_not_allocated,False,,,,,,,,,,,,,,,,
2871025000,인천광역시,강화군,강화읍,2024-12-31,강화군,강화읍,one_to_one_mapped,unique_exact_dong_name,True,1360,687,378,126,127,35,16,4,599,298,221,89,37,0,0,0
2871031000,인천광역시,강화군,선원면,2024-12-31,강화군,선원면,one_to_one_mapped,unique_exact_dong_name,True,156,83,45,18,9,5,1,0,115,74,63,37,8,0,0,0
2871032000,인천광역시,강화군,불은면,2024-12-31,강화군,불은면,one_to_one_mapped,unique_exact_dong_name,True,159,94,60,22,20,11,7,1,76,51,44,24,6,0,0,0
2871033000,인천광역시,강화군,길상면,2024-12-31,강화군,길상면,one_to_one_mapped,unique_exact_dong_name,True,209,108,56,24,11,4,2,0,86,33,24,9,11,0,0,0
2871034000,인천광역시,강화군,화도면,2024-12-31,강화군,화도면,one_to_one_mapped,unique_exact_dong_name,True,114,72,46,30,11,9,5,0,36,23,16,8,3,0,0,0
2871035000,인천광역시,강화군,양도면,2024-12-31,강화군,양도면,one_to_one_mapped,unique_exact_dong_name,True,98,54,35,19,12,10,5,1,51,31,24,16,6,0,0,0
2871036000,인천광역시,강화군,내가면,2024-12-31,강화군,내가면,one_to_one_mapped,unique_exact_dong_name,True,110,69,44,21,10,7,4,2,45,28,25,12,3,0,0,0
2871037000,인천광역시,강화군,하점면,2024-12-31,강화군,하점면,one_to_one_mapped,unique_exact_dong_name,True,142,72,41,16,9,5,1,1,41,36,31,18,0,0,0,0
2871038000,인천광역시,강화군,양사면,2024-12-31,강화군,양사면,one_to_one_mapped,unique_exact_dong_name,True,56,38,27,10,3,1,0,0,11,11,9,5,5,0,0,0
2871039000,인천광역시,강화군,송해면,2024-12-31,강화군,송해면,one_to_one_mapped,unique_exact_dong_name,True,109,62,39,20,5,2,2,0,43,25,24,15,5,0,0,0
2871040000,인천광역시,강화군,교동면,2024-12-31,강화군,교동면,one_to_one_mapped,unique_exact_dong_name,True,88,57,42,16,6,4,1,0,65,45,41,20,5,0,0,0
2871041000,인천광역시,강화군,삼산면,2024-12-31,강화군,삼산면,one_to_one_mapped,unique_exact_dong_name,True,72,56,35,19,5,4,2,1,26,22,18,8,4,0,0,0
2871042000,인천광역시,강화군,서도면,2024-12-31,강화군,서도면,one_to_one_mapped,unique_exact_dong_name,True,18,14,7,5,4,3,1,1,2,2,2,1,0,0,0,0
2871042500,인천광역시,강화군,서도면볼음출장소,2024-12-31,강화군,볼음출장소,one_to_one_mapped,documented_parent_prefix_alias,True,5,5,5,2,0,0,0,0,2,1,1,1,0,0,0,0
2872031000,인천광역시,옹진군,북도면,2024-12-31,옹진군,북도면,one_to_one_mapped,unique_exact_dong_name,True,13,11,4,3,0,0,0,0,7,7,6,5,0,0,0,0
2872031500,인천광역시,옹진군,북도면장봉출장소,2024-12-31,옹진군,장봉출장소,one_to_one_mapped,documented_parent_prefix_alias,True,16,9,6,3,3,3,3,0,0,0,0,0,0,0,0,0
2872033000,인천광역시,옹진군,백령면,2024-12-31,옹진군,백령면,one_to_one_mapped,unique_exact_dong_name,True,42,26,19,8,3,2,1,0,25,11,6,4,1,0,0,0
2872034000,인천광역시,옹진군,대청면,2024-12-31,옹진군,대청면,one_to_one_mapped,unique_exact_dong_name,True,18,10,5,3,1,1,0,0,11,3,2,1,1,0,0,0
2872034500,인천광역시,옹진군,대청면소청출장소,2024-12-31,옹진군,소청출장소,one_to_one_mapped,documented_parent_prefix_alias,True,3,1,1,0,0,0,0,0,2,0,0,0,3,0,0,0
2872035000,인천광역시,옹진군,덕적면,2024-12-31,옹진군,덕적면,one_to_one_mapped,unique_exact_dong_name,True,45,27,14,8,2,2,0,0,28,11,8,2,1,0,0,0
2872036000,인천광역시,옹진군,영흥면,2024-12-31,옹진군,영흥면,one_to_one_mapped,unique_exact_dong_name,True,166,90,44,16,10,3,1,0,93,37,16,4,17,0,0,0
2872037000,인천광역시,옹진군,자월면,2024-12-31,옹진군,자월면,one_to_one_mapped,unique_exact_dong_name,True,11,8,6,3,0,0,0,0,1,1,0,0,0,0,0,0
2872037500,인천광역시,옹진군,자월면이작출장소,2024-12-31,옹진군,자월면 이작출장소,one_to_one_mapped,unique_normalized_punctuation_name,True,4,3,1,1,0,0,0,0,0,0,0,0,0,0,0,0
2872038000,인천광역시,옹진군,연평면,2024-12-31,옹진군,연평면,one_to_one_mapped,unique_exact_dong_name,True,26,12,6,3,2,1,1,0,11,5,0,0,3,0,0,0
